EAVR001	o0980000	A	A	A	ğ’š	/pcsl/msvo4/images/001.png
EAVR002	o0980010	AB~a	ABa	AB~a	ğ’š˜	/pcsl/msvo4/images/002.png
EAVR003	o0980021	AB~b	ABb	AB~b	ğ’š£	/pcsl/msvo4/images/003.png
EAVR004	o0980025	ABâ‚‚	AB2	ABâ‚‚	ğ’š§	/pcsl/msvo4/images/004.png
EAVR005	o0980031	AD~a	ADa	AD~a	ğ’š¯	/pcsl/msvo4/images/005.png
EAVR006	o0980034	ADAB	ADAB	ADAB	ğ’š²	/pcsl/msvo4/images/006.png
EAVR007	o0980038	AK~a	AKa	AK~a	ğ’š¶	/pcsl/msvo4/images/007.png
EAVR008	o0980040	AL	AL	AL	ğ’š¸	/pcsl/msvo4/images/008.png
EAVR009	o0980045	ALAN~e	ALANe	ALAN~e	ğ’š½	/pcsl/msvo4/images/009.png
EAVR010	o0980050	AMA~a	AMAa	AMA~a	ğ’›,ğ’›ƒ	/pcsl/msvo4/images/010.png
EAVR011	o0980053	AMAR	AMAR	AMAR	ğ’›…	/pcsl/msvo4/images/011.png
EAVR012	o0980058	AN	AN	AN	ğ’›Œ	/pcsl/msvo4/images/012.png
EAVR013	o0980060	ANÅ E~b	ANÅ Eb	ANÅ E~b	ğ’›	/pcsl/msvo4/images/013.png
EAVR014	o0980065	APIN~a	APINa	APIN~a	ğ’›’	/pcsl/msvo4/images/014.png
EAVR015	o0980077	BA	BA	BA	ğ’›	/pcsl/msvo4/images/015.png
EAVR016	o0980877	|(1(N58).BAD)~a|	BAD+DIÅ a	BAD+DIÅ ~a	ğ’¸	/pcsl/msvo4/images/016.png
EAVR017	o0980084	BAHARâ‚‚~b	BAHAR2b	BAHARâ‚‚~b	ğ’›§	/pcsl/msvo4/images/017.png
EAVR018	o0980085	BAHARâ‚‚~c	BAHAR2c	BAHARâ‚‚~c	ğ’›¨	/pcsl/msvo4/images/018.png
EAVR019	o0980099	BAPPIR~d	BAPPIRd	BAPPIR~d	ğ’›º	/pcsl/msvo4/images/019.png
EAVR020	o0980102	BAR	BAR	BAR	ğ’›½	/pcsl/msvo4/images/020.png
EAVR021	o0980105	BARAâ‚‚~a	BARA2a	BARAâ‚‚~a	ğ’›¿	/pcsl/msvo4/images/021.png
EAVR022	o0980112	BIRâ‚ƒ~a	BIR3a	BIRâ‚ƒ~a	ğ’œ†	/pcsl/msvo4/images/022.png
EAVR023	o0980114	BIRâ‚ƒ~c	BIR3c	BIRâ‚ƒ~c	ó³ƒ—	/pcsl/msvo4/images/023.png
EAVR024	o0980115	BU~a	BUa	BU~a	ğ’œ‹	/pcsl/msvo4/images/024.png
EAVR025	o0980120	|BU~a~v1Ã—A|	BUa+A	BU~a+A	ğ’œ”	/pcsl/msvo4/images/025.png
EAVR026	o0980117	|BU~a+DUâ‚†~a|	BUa+DU6a	BU~a+DUâ‚†~a	ğ’œŒ	/pcsl/msvo4/images/026.png
EAVR027	o0980128	BUâ‚ƒ	BU3a	BUâ‚ƒ~a	ğ’œ˜	/pcsl/msvo4/images/027.png
EAVR028	o0980132	BUR~a	BURa	BUR~a	ğ’œ›	/pcsl/msvo4/images/028.png
EAVR029	o0980137	DA~a	DAa	DA~a	ğ’œ 	/pcsl/msvo4/images/029.png
EAVR030	o0980143	DAH	DAH	DAH	ğ’œ¥	/pcsl/msvo4/images/030.png
EAVR031	o0980146	DAR~a	DARa	DAR~a	ğ’œ¨	/pcsl/msvo4/images/031.png
EAVR032	o0980154	|DARAâ‚ƒ~cÃ—KARâ‚‚|	DARA3c+KAR2	DARAâ‚ƒ~c+KARâ‚‚	ó³ƒ˜	/pcsl/msvo4/images/032.png
EAVR033	o0980159	DARAâ‚„~a1	DARA4a1	DARAâ‚„~a1	ğ’œ¸	/pcsl/msvo4/images/033.png
EAVR034	o0980164	DARAâ‚„~c1	DARA4c1	DARAâ‚„~c1	ğ’œ¼	/pcsl/msvo4/images/034.png
EAVR035	o0980170	DI	DI	DI	ğ’	/pcsl/msvo4/images/035.png
EAVR036	o0980172	DIB	DIB	DIB	ó³ƒ™	/pcsl/msvo4/images/036.png
EAVR037	o0980174	DIM~a	DIMa	DIM~a	ğ’ˆ	/pcsl/msvo4/images/037.png
EAVR038	o0980179	DIN	DIN	DIN	ğ’‹	/pcsl/msvo4/images/038.png
EAVR039	o0980182	DU	DU	DU	ğ’	/pcsl/msvo4/images/039.png
EAVR040	o0980200	DUB~a	DUBa	DUB~a	ğ’Ÿ	/pcsl/msvo4/images/040.png
EAVR041	o0980201	DUB~b	DUBb	DUB~b	ğ’¢	/pcsl/msvo4/images/041.png
EAVR042	o0980212	DUG~a	DUGa	DUG~a	ğ’­	/pcsl/msvo4/images/042.png
EAVR043	o0980221	|DUG~aÃ—1(N57)|	DUG+AÅ a	DUG+AÅ ~a	ğ’³	/pcsl/msvo4/images/043.png
EAVR044	o0980217	|DUG~aÃ—NAGA~a|	DUGa+NAGAa	DUG~a+NAGA~a	ğ’°	/pcsl/msvo4/images/044.png
EAVR045	o0980218	|DUG~aÃ—Uâ‚‚~a|	DUGa+U2a	DUG~a+Uâ‚‚~a	ğ’±	/pcsl/msvo4/images/045.png
EAVR046	o0980284	DUG~c~v1	DUGc	DUG~c	ğ’¿	/pcsl/msvo4/images/046.png
EAVR047	o0980290	DUR~b	DURb	DUR~b	ó³ƒš	/pcsl/msvo4/images/047.png
EAVR048	o0980291	DURâ‚‚	DUR2	DURâ‚‚	ğ’Ÿ…	/pcsl/msvo4/images/048.png
EAVR049	o0980297	Eâ‚‚~a	E2a	Eâ‚‚~a	ğ’ŸŠ	/pcsl/msvo4/images/049.png
EAVR050	o0980300	|Eâ‚‚~aÃ—1(N58@t)|	E2a+1N57.tenÃ»	Eâ‚‚~a+1N57@t	ğ’Ÿ	/pcsl/msvo4/images/050.png
EAVR051	o0980301	Eâ‚‚~b	E2b	Eâ‚‚~b	ğ’Ÿ	/pcsl/msvo4/images/051.png
EAVR052	o0980309	EN~a	ENa	EN~a	ğ’Ÿ˜	/pcsl/msvo4/images/052.png
EAVR053	o0980312	EN~c	ENc	EN~c	ğ’Ÿ	/pcsl/msvo4/images/053.png
EAVR054	o0980321	ENGIZ	ENGIZ	ENGIZ	ğ’Ÿ§	/pcsl/msvo4/images/054.png
EAVR055	o0980326	ERIM~a	ERIMa	ERIM~a	ğ’Ÿ«	/pcsl/msvo4/images/055.png
EAVR056	o0980329	ERIMâ‚‚	ERIM2	ERIMâ‚‚	ğ’Ÿ®	/pcsl/msvo4/images/056.png
EAVR057	o0980330	ERIN	ERIN	ERIN	ğ’Ÿ¯	/pcsl/msvo4/images/057.png
EAVR058	o0980337	|EZEN~aÃ—(HIÃ—1(N57).AN)|	EZENa+HI+1N57+AN	EZEN~a.HI.1N57.AN	ğ’Ÿµ	/pcsl/msvo4/images/058.png
EAVR059	o0980350	EZEN~b	EZENb	EZEN~b	ğ’ ƒ	/pcsl/msvo4/images/059.png
EAVR060	o0980354	EZINU~a	EZINUa	EZINU~a	ğ’ †	/pcsl/msvo4/images/060.png
EAVR061	o0980358	GA~a	GAa	GA~a	ğ’ 	/pcsl/msvo4/images/061.png
EAVR062	o0980359	|GA~a.ZATU753|	GAa+ZATU753	GA~a.ZATU753	ğ’ 	/pcsl/msvo4/images/062.png
EAVR063	o0980382	|GAâ‚‚~a1Ã—(KUâ‚†~a.KUâ‚†~a)|	GA2a1+KU6a+KU6a	GAâ‚‚~a1.KUâ‚†~a.KUâ‚†~a	ğ’ ¢	/pcsl/msvo4/images/063.png
EAVR064	o0981688	|ZATU737Ã—BUR~a|	GABURRA	GABURRA	ğ’µ™	/pcsl/msvo4/images/064.png
EAVR065	o0980427	GADA~a	GADAa	GADA~a	ğ’¡‹	/pcsl/msvo4/images/065.png
EAVR066	o0980430	GAL~a	GALa	GAL~a	ğ’¡	/pcsl/msvo4/images/066.png
EAVR067	o0980434	GAN~a	GANa	GAN~a	ğ’¡“	/pcsl/msvo4/images/067.png
EAVR068	o0980436	GAN~c	GANc	GAN~c	ğ’¡˜	/pcsl/msvo4/images/068.png
EAVR069	o0980453	GANâ‚‚	GAN2	GANâ‚‚	ğ’¡§	/pcsl/msvo4/images/069.png
EAVR070	o0980454	GAR	GAR	GAR	ğ’¡¨	/pcsl/msvo4/images/070.png
EAVR071	o0982217	|5(N57).GAR|	GAR+5N57	5N57.GAR	ğ’¸ˆ	/pcsl/msvo4/images/071.png
EAVR072	o0982218	|6(N57).GAR|	GAR+6N57	6N57.GAR	ğ’¸Š	/pcsl/msvo4/images/072.png
EAVR073	o0980459	GARAâ‚‚~a	GARA2a	GARAâ‚‚~a	ğ’¡­	/pcsl/msvo4/images/073.png
EAVR074	o0980469	GEÅ TU~b	GEÅ TUb	GEÅ TU~b	ğ’¡´	/pcsl/msvo4/images/074.png
EAVR075	o0980472	GI	GI	GI	ğ’¡¸	/pcsl/msvo4/images/075.png
EAVR076	o0980483	|GI&GI|	GI+GI	GI+GI	ğ’¡¿	/pcsl/msvo4/images/076.png
EAVR077	o0980486	|(GI&GI)Ã—X|	GI+GI+?	GI+GI+X	ğ’¢‚	/pcsl/msvo4/images/077.png
EAVR078	o0980489	GIâ‚„~a	GI4a	GIâ‚„~a	ğ’¢‰	/pcsl/msvo4/images/078.png
EAVR079	o0980494	GIâ‚†	GI6	GIâ‚†	ğ’¢	/pcsl/msvo4/images/079.png
EAVR080	o0980495	GIBIL	GIBIL	GIBIL	ğ’¢	/pcsl/msvo4/images/080.png
EAVR081	o0980511	GIRâ‚ƒ~c	GIR3c	GIRâ‚ƒ~c	ğ’¢Ÿ	/pcsl/msvo4/images/081.png
EAVR082	o0980515	GIRâ‚ƒ@g~b	GIR3.gunÃ»b	GIRâ‚ƒ@g~b	ğ’¢£	/pcsl/msvo4/images/082.png
EAVR083	o0980520	GIÅ 	GIÅ 	GIÅ 	ğ’¢§	/pcsl/msvo4/images/083.png
EAVR084	o0980525	|(GIÅ Ã—Å Uâ‚‚)~a|	GIÅ +Å U2a	GIÅ +Å Uâ‚‚~a	ğ’¢¬	/pcsl/msvo4/images/084.png
EAVR085	o0980521	|GIÅ .TE|	GIÅ +TE	GIÅ .TE	ğ’¢¨	/pcsl/msvo4/images/085.png
EAVR086	o0980528	GIÅ @t	GIÅ .tenÃ»	GIÅ @t	ğ’¢®	/pcsl/msvo4/images/086.png
EAVR087	o0980536	GIÅ IMMAR~a3	GIÅ IMMARa3	GIÅ IMMAR~a3	ó³ƒ›	/pcsl/msvo4/images/087.png
EAVR088	o0980537	GIÅ IMMAR~b1	GIÅ IMMARb1	GIÅ IMMAR~b1	ğ’¢·	/pcsl/msvo4/images/088.png
EAVR089	o0980541	GU	GUa	GU~a	ğ’¢¼	/pcsl/msvo4/images/089.png
EAVR090	o0980543	GUâ‚„	GU4	GUâ‚„	ğ’¢¾	/pcsl/msvo4/images/090.png
EAVR091	o0980546	GUâ‚„@g	GU4.gunÃ»	GUâ‚„@g	ó³ƒœ	/pcsl/msvo4/images/091.png
EAVR092	o0980547	GUâ‚‡	GU7	GUâ‚‡	ğ’£‚	/pcsl/msvo4/images/092.png
EAVR093	o0980551	GUBâ‚ƒ~d	GUB3d	GUBâ‚ƒ~d	ó³ƒ	/pcsl/msvo4/images/093.png
EAVR094	o0980552	GUGâ‚‚	GUG2a	GUGâ‚‚~a	ğ’£ˆ	/pcsl/msvo4/images/094.png
EAVR095	o0980562	GUL	GUL	GUL	ğ’£’	/pcsl/msvo4/images/095.png
EAVR096	o0980564	GUM~b	GUMb	GUM~b	ğ’£”	/pcsl/msvo4/images/096.png
EAVR097	o0980567	GUNâ‚ƒ~b	GUN3b	GUNâ‚ƒ~b	ğ’£™	/pcsl/msvo4/images/097.png
EAVR098	o0980569	GURUÅ ~a	GURUÅ a	GURUÅ ~a	ğ’£›	/pcsl/msvo4/images/098.png
EAVR099	o0980573	|GURUÅ ~cÃ—2(N14)|	GURUÅ c+2N14	GURUÅ ~c+2N14	ğ’£ 	/pcsl/msvo4/images/099.png
EAVR100	o0980574	GURUÅ DA	GURUÅ DA	GURUÅ DA	ğ’£¡	/pcsl/msvo4/images/100.png
EAVR101	o0980577	HAÅ HUR	HAÅ HUR	HAÅ HUR	ğ’£¤	/pcsl/msvo4/images/101.png
EAVR102	o0980579	HI	HI	HI	ğ’£¦	/pcsl/msvo4/images/102.png
EAVR103	o0980585	|HIÃ—1(N57)|	HI+1N57	HI+1N57	ğ’£¬	/pcsl/msvo4/images/103.png
EAVR104	o0980590	HI@g~a	HI.gunÃ»a	HI@g~a	ğ’£°	/pcsl/msvo4/images/104.png
EAVR105	o0980591	HI@g~b	HI.gunÃ»b	HI@g~b	ğ’£±	/pcsl/msvo4/images/105.png
EAVR106	o0980594	I	I	I	ğ’£³	/pcsl/msvo4/images/106.png
EAVR107	o0980595	IB~a	IBa	IB~a	ğ’£´	/pcsl/msvo4/images/107.png
EAVR108	o0980606	IM~a	IMa	IM~a	ğ’£¾	/pcsl/msvo4/images/108.png
EAVR109	o0980608	IM~b	IMb	IM~b	ğ’£¿	/pcsl/msvo4/images/109.png
EAVR110	o0980619	IÅ ~b	IÅ b	IÅ ~b	ğ’¤	/pcsl/msvo4/images/110.png
EAVR111	o0980621	KA~a	KAa	KA~a	ğ’¤”	/pcsl/msvo4/images/111.png
EAVR112	o0980629	KAB	KAB	KAB	ğ’¤œ	/pcsl/msvo4/images/112.png
EAVR113	o0980641	KALAM~a	KALAMa	KALAM~a	ğ’¤©	/pcsl/msvo4/images/113.png
EAVR114	o0980642	KALAM~b	KALAMb	KALAM~b	ğ’¤ª	/pcsl/msvo4/images/114.png
EAVR115	o0980653	KASKAL	KASKAL	KASKAL	ğ’¤²	/pcsl/msvo4/images/115.png
EAVR116	o0980655	KAÅ ~a	KAÅ a	KAÅ ~a	ğ’¤´	/pcsl/msvo4/images/116.png
EAVR117	o0980656	KAÅ ~b	KAÅ b	KAÅ ~b	ğ’¤¶	/pcsl/msvo4/images/117.png
EAVR118	o0980659	KAÅ ~c	KAÅ c	KAÅ ~c	ğ’¤º	/pcsl/msvo4/images/118.png
EAVR119	o0980662	KI	KIa	KI~a	ğ’¤¼	/pcsl/msvo4/images/119.png
EAVR120	o0980663	KI@n	KIa.nutillÃ»	KI@n	ğ’¤½	/pcsl/msvo4/images/120.png
EAVR121	o0980668	KID~b	KIDb	KID~b	ğ’¥‚	/pcsl/msvo4/images/121.png
EAVR122	o0980671	KID~e	KIDe	KID~e	ğ’¥…	/pcsl/msvo4/images/122.png
EAVR123	o0980678	KINGAL	KINGAL	KINGAL	ğ’¥Œ	/pcsl/msvo4/images/123.png
EAVR124	o0980682	KISAL~b1	KISALb1	KISAL~b1	ğ’¥	/pcsl/msvo4/images/124.png
EAVR125	o0980689	KIÅ 	KIÅ 	KIÅ 	ğ’¥›	/pcsl/msvo4/images/125.png
EAVR126	o0980692	KITI	KITI	KITI	ğ’¥	/pcsl/msvo4/images/126.png
EAVR127	o0980695	KU~b1	KUb1	KU~b1	ğ’¥¡	/pcsl/msvo4/images/127.png
EAVR128	o0980697	KUâ‚ƒ~a	KU3a	KUâ‚ƒ~a	ğ’¥£	/pcsl/msvo4/images/128.png
EAVR129	o0980699	KUâ‚†~a	KU6a	KUâ‚†~a	ğ’¥¥	/pcsl/msvo4/images/129.png
EAVR130	o0980704	KUâ‚†~c	KU6c	KUâ‚†~c	ğ’¥ª	/pcsl/msvo4/images/130.png
EAVR131	o0980707	KUR~a	KURa	KUR~a	ğ’¥¬	/pcsl/msvo4/images/131.png
EAVR132	o0980726	LAâ‚‚	LA2	LAâ‚‚	ğ’¥¿	/pcsl/msvo4/images/132.png
EAVR133	o0980727	LAGAB~a	LAGABa	LAGAB~a	ğ’¦€	/pcsl/msvo4/images/133.png
EAVR134	o0980733	|LAGAB~aÃ—(KUâ‚†~a+KUâ‚†~a)|	LAGABa+KU6a+KU6a	LAGAB~a+KUâ‚†~a+KUâ‚†~a	ğ’¦†	/pcsl/msvo4/images/134.png
EAVR135	o0980747	|LAGAB~aÃ—Uâ‚„|	LAGABa+U4	LAGAB~a+Uâ‚„	ğ’¦’	/pcsl/msvo4/images/135.png
EAVR136	o0980753	LAGAB~b	LAGABb	LAGAB~b	ğ’¦—	/pcsl/msvo4/images/136.png
EAVR137	o0980783	|LALâ‚‚~aÃ—NIM~b2|	LAL2a+NIMb2	LALâ‚‚~a+NIM~b2	ğ’¦¨	/pcsl/msvo4/images/137.png
EAVR138	o0981741	ZATU773~b	LIÅ +Å IRb	LIÅ +Å IR~b	ó³ƒ¦	/pcsl/msvo4/images/138.png
EAVR139	o0980796	LUâ‚‚	LU2	LUâ‚‚	ğ’¦¶	/pcsl/msvo4/images/139.png
EAVR140	o0980801	MA	MA	MA	ğ’§€	/pcsl/msvo4/images/140.png
EAVR141	o0980815	|MAH~aÃ—NA~a|	MAHa+NAa	MAH~a+NA~a	ğ’§Š	/pcsl/msvo4/images/141.png
EAVR142	o0980830	MAR~a	MARa	MAR~a	ğ’§˜,ğ’§š	/pcsl/msvo4/images/142.png
EAVR143	o0980833	MAR~b	MARb	MAR~b	ğ’§›	/pcsl/msvo4/images/143.png
EAVR144	o0980838	MAÅ 	MAÅ 	MAÅ 	ğ’§Ÿ	/pcsl/msvo4/images/144.png
EAVR145	o0980839	MAÅ â‚‚	MAÅ 2	MAÅ â‚‚	ğ’§ 	/pcsl/msvo4/images/145.png
EAVR146	o0980841	ME~a	MEa	ME~a	ğ’§¢	/pcsl/msvo4/images/146.png
EAVR147	o0980844	MEN~a	MENa	MEN~a	ğ’§¥	/pcsl/msvo4/images/147.png
EAVR148	o0980849	MU	MU	MU	ğ’§¬	/pcsl/msvo4/images/148.png
EAVR149	o0980851	MUDâ‚ƒ~a	MUD3a	MUDâ‚ƒ~a	ğ’§¯	/pcsl/msvo4/images/149.png
EAVR150	o0980852	MUDâ‚ƒ~a@g	MUD3a.gunÃ»	MUDâ‚ƒ~a@g	ó³ƒ	/pcsl/msvo4/images/150.png
EAVR151	o0980858	MUN~a1	MUNa1	MUN~a1	ó³ƒŸ	/pcsl/msvo4/images/151.png
EAVR152	o0980868	MUÅ â‚ƒ~a	MUÅ 3a	MUÅ â‚ƒ~a	ğ’¨ƒ	/pcsl/msvo4/images/152.png
EAVR153	o0980871	MUÅ EN	MUÅ EN	MUÅ EN	ğ’¨…	/pcsl/msvo4/images/153.png
EAVR154	o0982225	|MUÅ ENÃ—2(N57)|	MUÅ EN+2N57	MUÅ EN+2N57	ğ’¨‰	/pcsl/msvo4/images/154.png
EAVR155	o0982226	|MUÅ ENÃ—3(N57)|	MUÅ EN+3N57	MUÅ EN+3N57	ğ’¨Š	/pcsl/msvo4/images/155.png
EAVR156	o0980875	|MUÅ ENÃ—X|	MUÅ EN+?	MUÅ EN+X	ğ’¨‡	/pcsl/msvo4/images/156.png
EAVR157	o0980880	NA~a	NAa	NA~a	ğ’¨‹	/pcsl/msvo4/images/157.png
EAVR158	o0980884	NAâ‚‚~a	NA2a	NAâ‚‚~a	ğ’¨	/pcsl/msvo4/images/158.png
EAVR159	o0980888	NAB	NAB	NAB	ğ’¨“	/pcsl/msvo4/images/159.png
EAVR160	o0980889	NAGA~a	NAGAa	NAGA~a	ğ’¨–	/pcsl/msvo4/images/160.png
EAVR161	o0980892	NAGAR~a	NAGARa	NAGAR~a	ğ’¨œ	/pcsl/msvo4/images/161.png
EAVR162	o0980898	NAMâ‚‚	NAM2	NAMâ‚‚	ğ’¨£	/pcsl/msvo4/images/162.png
EAVR163	o0980902	NAMEÅ DA	NAMEÅ DA	NAMEÅ DA	ğ’¨§	/pcsl/msvo4/images/163.png
EAVR164	o0980907	NAR	NAR	NAR	ğ’¨®	/pcsl/msvo4/images/164.png
EAVR165	o0980908	NE~a	NEa	NE~a	ğ’¨°,ğ’¨±	/pcsl/msvo4/images/165.png
EAVR166	o0980917	NI~a	NIa	NI~a	ğ’¨º	/pcsl/msvo4/images/166.png
EAVR167	o0980921	NI~b	NIb	NI~b	ğ’¨¾	/pcsl/msvo4/images/167.png
EAVR168	o0980926	NIGIN	NIGIN	NIGIN	ğ’©‚	/pcsl/msvo4/images/168.png
EAVR169	o0980927	NIM~a	NIMa	NIM~a	ğ’©ƒ	/pcsl/msvo4/images/169.png
EAVR170	o0980928	NIM~b1	NIMb1	NIM~b1	ğ’©„	/pcsl/msvo4/images/170.png
EAVR171	o0980929	NIM~b2	NIMb2	NIM~b2	ğ’©…	/pcsl/msvo4/images/171.png
EAVR172	o0980932	NIMGIR	NIMGIR	NIMGIR	ğ’©ˆ	/pcsl/msvo4/images/172.png
EAVR173	o0980933	NIN	NIN	NIN	ğ’©‰	/pcsl/msvo4/images/173.png
EAVR174	o0980950	|NINDAâ‚‚Ã—KAÅ ~b|	NINDA2+KAÅ b	NINDAâ‚‚+KAÅ ~b	ğ’©›	/pcsl/msvo4/images/174.png
EAVR175	o0980971	NIR~a	NIRa	NIR~a	ğ’©ª	/pcsl/msvo4/images/175.png
EAVR176	o0980974	NU	NU	NU	ğ’©­	/pcsl/msvo4/images/176.png
EAVR177	o0980975	NU@g	NU.gunÃ»	NU@g	ó³ƒ 	/pcsl/msvo4/images/177.png
EAVR178	o0980976	NUâ‚â‚	NU11	NUâ‚â‚	ğ’©¯	/pcsl/msvo4/images/178.png
EAVR179	o0980979	NUMUN	NUMUN	NUMUN	ğ’©²	/pcsl/msvo4/images/179.png
EAVR180	o0980981	NUN~a	NUNa	NUN~a	ğ’©´	/pcsl/msvo4/images/180.png
EAVR181	o0980990	NUN~c	NUNc	NUN~c	ğ’©½,ğ’©¾	/pcsl/msvo4/images/181.png
EAVR182	o0980993	NUNUZ~a1	NUNUZa1	NUNUZ~a1	ğ’ª‚	/pcsl/msvo4/images/182.png
EAVR183	o0980999	PA~a	PAa	PA~a	ğ’ª‹,ğ’ªŒ	/pcsl/msvo4/images/183.png
EAVR184	o0981002	PAD~a	PADa	PAD~a	ğ’ª	/pcsl/msvo4/images/184.png
EAVR185	o0981004	PAP~a	PAPa	PAP~a	ğ’ª‘	/pcsl/msvo4/images/185.png
EAVR186	o0981005	PAP@t~v1	PAPa.tenÃ»	PAP~a@t	ó³·	/pcsl/msvo4/images/186.png
EAVR187	o0981006	PAP~b	PAPb	PAP~b	ğ’ª“	/pcsl/msvo4/images/187.png
EAVR188	o0981010	PIRIG~b1	PIRIGb1	PIRIG~b1	ğ’ª˜	/pcsl/msvo4/images/188.png
EAVR189	o0981016	RA	RA	RA	ğ’ªœ	/pcsl/msvo4/images/189.png
EAVR190	o0981017	RAD~a	RADa	RAD~a	ğ’ª	/pcsl/msvo4/images/190.png
EAVR191	o0981024	RU	RU	RU	ğ’ª£,ğ’ª¥	/pcsl/msvo4/images/191.png
EAVR192	o0981028	SAG	SAG	SAG	ğ’ª®	/pcsl/msvo4/images/192.png
EAVR193	o0981038	SAG@g	SAG.gunÃ»	SAG@g	ğ’ª«	/pcsl/msvo4/images/193.png
EAVR194	o0981039	SAG@n	SAG.nutillÃ»	SAG@n	ğ’ª¬	/pcsl/msvo4/images/194.png
EAVR195	o0981040	SAGÅ U	SAGÅ U	SAGÅ U	ğ’ª´	/pcsl/msvo4/images/195.png
EAVR196	o0981041	SAL	SAL	SAL	ğ’ªµ	/pcsl/msvo4/images/196.png
EAVR197	o0981042	|SAL.KUR~a|	SAL+KURa	SAL.KUR~a	ğ’ª¶	/pcsl/msvo4/images/197.png
EAVR198	o0981045	|SAL.Å Uâ‚‚|	SAL+Å U2	SAL.Å Uâ‚‚	ğ’ª¸	/pcsl/msvo4/images/198.png
EAVR199	o0981050	SANGA~a	SANGAa	SANGA~a	ğ’ª¼	/pcsl/msvo4/images/199.png
EAVR200	o0981054	SAR~a	SARa	SAR~a	ğ’«€	/pcsl/msvo4/images/200.png
EAVR201	o0981059	SI	SI	SI	ğ’«„	/pcsl/msvo4/images/201.png
EAVR202	o0981072	SIâ‚„~f	SI4f	SIâ‚„~f	ğ’«	/pcsl/msvo4/images/202.png
EAVR203	o0981080	SIGâ‚‚~b	SIG2b	SIGâ‚‚~b	ğ’«—	/pcsl/msvo4/images/203.png
EAVR204	o0981091	SIGâ‚‡	SIG7	SIGâ‚‡	ğ’«¤	/pcsl/msvo4/images/204.png
EAVR205	o0981116	|SILAâ‚ƒ~aÃ—NI~a|	SILA3a+NIa	SILAâ‚ƒ~a+NI~a	ğ’«º	/pcsl/msvo4/images/205.png
EAVR206	o0981124	|SILAâ‚ƒ~aÃ—Å Uâ‚‚|	SILA3a+Å U2	SILAâ‚ƒ~a+Å Uâ‚‚	ğ’¬‚	/pcsl/msvo4/images/206.png
EAVR207	o0981131	SILAâ‚ƒ~b	SILA3b	SILAâ‚ƒ~b	ğ’¬Š	/pcsl/msvo4/images/207.png
EAVR208	o0981148	SU~a	SUa	SU~a	ğ’¬›	/pcsl/msvo4/images/208.png
EAVR209	o0981154	SUGâ‚…	SUG5	SUGâ‚…	ğ’¬¡	/pcsl/msvo4/images/209.png
EAVR210	o0981156	SUHUR	SUHUR	SUHUR	ğ’¬£	/pcsl/msvo4/images/210.png
EAVR211	o0981160	SUKKAL	SUKKAL	SUKKAL	ğ’¬¦	/pcsl/msvo4/images/211.png
EAVR212	o0981161	SUKUD	SUKUD	SUKUD	ğ’¬§	/pcsl/msvo4/images/212.png
EAVR213	o0981163	|(SUKUD+SUKUD)~b|	SUKUD+SUKUDb	SUKUD+SUKUD~b	ğ’¬©	/pcsl/msvo4/images/213.png
EAVR214	o0981177	Å A	Å A	Å A	ğ’¬·	/pcsl/msvo4/images/214.png
EAVR215	o0981181	Å Aâ‚ƒ~a1	Å A3a1	Å Aâ‚ƒ~a1	ğ’¬½	/pcsl/msvo4/images/215.png
EAVR216	o0981182	Å Aâ‚ƒ~a2	Å A3a2	Å Aâ‚ƒ~a2	ğ’¬¾	/pcsl/msvo4/images/216.png
EAVR217	o0981189	Å AGAN	Å AGAN	Å AGAN	ğ’­‡	/pcsl/msvo4/images/217.png
EAVR218	o0981194	Å AKIR~a	Å AKIRa	Å AKIR~a	ğ’­Œ	/pcsl/msvo4/images/218.png
EAVR219	o0981196	Å AKIR~c	Å AKIRc	Å AKIR~c	ğ’­	/pcsl/msvo4/images/219.png
EAVR220	o0981197	Å AMâ‚‚	Å AM2	Å AMâ‚‚	ğ’­	/pcsl/msvo4/images/220.png
EAVR221	o0981200	Å E~a	Å Ea	Å E~a	ğ’­’	/pcsl/msvo4/images/221.png
EAVR222	o0981203	|Å E~a.NAMâ‚‚|	Å Ea+NAM2	Å E~a+NAMâ‚‚	ğ’­”	/pcsl/msvo4/images/222.png
EAVR223	o0981055	|SAR~aÃ—Å E~a|	Å Ea+SARa	Å E~a+SAR~a	ğ’«	/pcsl/msvo4/images/223.png
EAVR224	o0981204	|Å E~a&Å E~a|	Å Ea+Å Ea	Å E~a+Å E~a	ğ’­–	/pcsl/msvo4/images/224.png
EAVR225	o0981208	Å Eâ‚ƒ	Å E3	Å Eâ‚ƒ	ğ’­š	/pcsl/msvo4/images/225.png
EAVR226	o0981212	Å EN~a	Å ENa	Å EN~a	ğ’­ 	/pcsl/msvo4/images/226.png
EAVR227	o0981218	Å EN~e	Å ENe	Å EN~e	ğ’­ª	/pcsl/msvo4/images/227.png
EAVR228	o0981221	Å EÅ ~a	Å EÅ a	Å EÅ ~a	ğ’­®	/pcsl/msvo4/images/228.png
EAVR229	o0981223	Å IDIM	Å IDIM	Å IDIM	ğ’­°	/pcsl/msvo4/images/229.png
EAVR230	o0981225	Å IM~a	Å IMa	Å IM~a	ğ’­³	/pcsl/msvo4/images/230.png
EAVR231	o0981227	Å IR~a	Å IRa	Å IR~a	ğ’­¶	/pcsl/msvo4/images/231.png
EAVR232	o0981229	Å ITA~a1	Å ITAa1	Å ITA~a1	ğ’­»	/pcsl/msvo4/images/232.png
EAVR233	o0981236	Å ITA~a3	Å ITAa3	Å ITA~a3	ğ’®ƒ	/pcsl/msvo4/images/233.png
EAVR234	o0981247	Å U	Å U	Å U	ğ’®	/pcsl/msvo4/images/234.png
EAVR235	o0981249	|Å U&Å U|	Å U+Å U	Å U+Å U	ğ’®	/pcsl/msvo4/images/235.png
EAVR236	o0981252	Å Uâ‚‚	Å U2	Å Uâ‚‚	ó³‚	/pcsl/msvo4/images/236.png
EAVR237	o0981256	|Å Uâ‚‚.EN~a|	Å U2+ENa	Å Uâ‚‚+EN~a	ğ’®”	/pcsl/msvo4/images/237.png
EAVR238	o0981267	Å UBUR	Å UBUR	Å UBUR	ğ’®	/pcsl/msvo4/images/238.png
EAVR239	o0982235	|1(N57).Å UBUR|	Å UBUR+1N57	Å UBUR+1N57	ğ’·¶	/pcsl/msvo4/images/239.png
EAVR240	o0981268	Å UM	Å UM	Å UM	ğ’®Ÿ	/pcsl/msvo4/images/240.png
EAVR241	o0981271	Å URâ‚‚~b	Å UR2b	Å URâ‚‚~b	ğ’®¡	/pcsl/msvo4/images/241.png
EAVR242	o0981283	TAG~a1	TAGa1	TAG~a1	ğ’®¬	/pcsl/msvo4/images/242.png
EAVR243	o0981291	TAKâ‚„~a	TAK4a	TAKâ‚„~a	ğ’®´	/pcsl/msvo4/images/243.png
EAVR244	o0981294	TAR~a	TARa	TAR~a	ğ’®¸	/pcsl/msvo4/images/244.png
EAVR245	o0981296	TE	TE	TE	ğ’®¹	/pcsl/msvo4/images/245.png
EAVR246	o0981297	TI	TIa	TI~a	ğ’®º,ğ’®¾	/pcsl/msvo4/images/246.png
EAVR247	o0981304	TU~b	TUb	TU~b	ğ’¯‚	/pcsl/msvo4/images/247.png
EAVR248	o0981306	TUGâ‚‚~a	TUG2a	TUGâ‚‚~a	ğ’¯„	/pcsl/msvo4/images/248.png
EAVR249	o0981312	TUM~a	TUMa	TUM~a	ğ’¯‹	/pcsl/msvo4/images/249.png
EAVR250	o0981315	TUM~c	TUMc	TUM~c	ó³ƒ¡	/pcsl/msvo4/images/250.png
EAVR251	o0981317	TUNâ‚ƒ~a	TUN3a	TUNâ‚ƒ~a	ğ’¯	/pcsl/msvo4/images/251.png
EAVR252	o0981320	TUR	TUR	TUR	ğ’¯—	/pcsl/msvo4/images/252.png
EAVR253	o0981322	TUR@g	TUR.gunÃ»	TUR@g	ó³ƒ¢	/pcsl/msvo4/images/253.png
EAVR254	o0981323	TURâ‚ƒ~a	TUR3a	TURâ‚ƒ~a	ğ’¯˜	/pcsl/msvo4/images/254.png
EAVR255	o0981329	Uâ‚‚~a	U2a	Uâ‚‚~a	ğ’¯œ	/pcsl/msvo4/images/255.png
EAVR256	o0981330	Uâ‚‚~b	U2b	Uâ‚‚~b	ğ’¯	/pcsl/msvo4/images/256.png
EAVR257	o0981332	Uâ‚„	U4	Uâ‚„	ğ’¯¡	/pcsl/msvo4/images/257.png
EAVR258	o0981381	|Uâ‚„Ã—1(N57)|	U4+1N57	Uâ‚„+1N57	ğ’°‹	/pcsl/msvo4/images/258.png
EAVR259	o0981355	|Uâ‚„Ã—2(N01)|	U4+2N1	Uâ‚„+2N1	ğ’¯µ	/pcsl/msvo4/images/259.png
EAVR260	o0981378	|Uâ‚„Ã—(2(N14).4(N01))|	U4+2N14.4N1	Uâ‚„+2N14.4N1	ğ’°ˆ	/pcsl/msvo4/images/260.png
EAVR261	o0981382	|Uâ‚„Ã—2(N57)|	U4+2N57	Uâ‚„+2N57	ğ’°Œ	/pcsl/msvo4/images/261.png
EAVR262	o0981383	|Uâ‚„Ã—3(N57)|	U4+3N57	Uâ‚„+3N57	ğ’°	/pcsl/msvo4/images/262.png
EAVR263	o0981384	|Uâ‚„Ã—4(N57)|	U4+4N57	Uâ‚„+4N57	ğ’°	/pcsl/msvo4/images/263.png
EAVR264	o0981385	|Uâ‚„Ã—5(N57)|	U4+5N57	Uâ‚„+5N57	ğ’°	/pcsl/msvo4/images/264.png
EAVR265	o0981386	|Uâ‚„Ã—6(N57)|	U4+6N57	Uâ‚„+6N57	ğ’°	/pcsl/msvo4/images/265.png
EAVR266	o0981387	|Uâ‚„Ã—7(N57)|	U4+7N57	Uâ‚„+7N57	ğ’°‘	/pcsl/msvo4/images/266.png
EAVR267	o0981388	|Uâ‚„Ã—8(N57)|	U4+8N57	Uâ‚„+8N57	ğ’°’	/pcsl/msvo4/images/267.png
EAVR268	o0981392	Uâ‚ˆ	U8	Uâ‚ˆ	ğ’°˜	/pcsl/msvo4/images/268.png
EAVR269	o0981394	UB	UB	UB	ğ’°›	/pcsl/msvo4/images/269.png
EAVR270	o0981398	UDâ‚…~a	UD5a	UDâ‚…~a	ğ’°¡	/pcsl/msvo4/images/270.png
EAVR271	o0981402	UDU~a	UDUa	UDU~a	ğ’°¥	/pcsl/msvo4/images/271.png
EAVR272	o0981407	UDUNITA~a	UDUNITAa	UDUNITA~a	ğ’°ª	/pcsl/msvo4/images/272.png
EAVR273	o0981414	UKKIN~a	UKKINa	UKKIN~a	ğ’°±	/pcsl/msvo4/images/273.png
EAVR274	o0981415	UKKIN~b	UKKINb	UKKIN~b	ğ’°³	/pcsl/msvo4/images/274.png
EAVR275	o0981427	UMBIN~a	UMBINa	UMBIN~a	ğ’°¾	/pcsl/msvo4/images/275.png
EAVR276	o0981431	UMUNâ‚‚	UMUN2	UMUNâ‚‚	ğ’±‚	/pcsl/msvo4/images/276.png
EAVR277	o0981432	UNUG~a	UNUGa	UNUG~a	ğ’±„	/pcsl/msvo4/images/277.png
EAVR278	o0981437	UR~a	URa	UR~a	ğ’±Š	/pcsl/msvo4/images/278.png
EAVR279	o0981441	UR~c	URc	UR~c	ğ’±	/pcsl/msvo4/images/279.png
EAVR280	o0981442	URâ‚‚	UR2	URâ‚‚	ğ’±	/pcsl/msvo4/images/280.png
EAVR281	o0981453	URâ‚„~b	UR4b	URâ‚„~b	ğ’±š	/pcsl/msvo4/images/281.png
EAVR282	o0981455	URâ‚…~a	UR5a	URâ‚…~a	ğ’±œ	/pcsl/msvo4/images/282.png
EAVR283	o0981457	URI	URI	URI	ğ’±	/pcsl/msvo4/images/283.png
EAVR284	o0981459	URIâ‚ƒ~a	URI3a	URIâ‚ƒ~a	ğ’± 	/pcsl/msvo4/images/284.png
EAVR285	o0981463	URU~a1	URUa1	URU~a1	ğ’±£	/pcsl/msvo4/images/285.png
EAVR286	o0981482	URUDU~a	URUDUa	URUDU~a	ğ’±µ	/pcsl/msvo4/images/286.png
EAVR287	o0981489	UÅ ~a	UÅ a	UÅ ~a	ğ’±¼	/pcsl/msvo4/images/287.png
EAVR288	o0981499	UTUA~a	UTUAa	UTUA~a	ğ’²†	/pcsl/msvo4/images/288.png
EAVR289	o0981502	UTUL~a	UTULa	UTUL~a	ğ’²Š	/pcsl/msvo4/images/289.png
EAVR290	o0981507	UZU	UZU	UZU	ğ’²	/pcsl/msvo4/images/290.png
EAVR291	o0981513	ZAG~a	ZAG	ZAG~a	ğ’²“	/pcsl/msvo4/images/291.png
EAVR292	o0981532	ZATU623	ZATU623	ZATU623	ğ’²¡	/pcsl/msvo4/images/292.png
EAVR293	o0981536	ZATU625	ZATU625	ZATU625	ğ’²§	/pcsl/msvo4/images/293.png
EAVR294	o0981542	ZATU628~b	ZATU628b	ZATU628~b	ğ’²¯	/pcsl/msvo4/images/294.png
EAVR295	o0981565	ZATU648	ZATU648	ZATU648	ğ’³Š	/pcsl/msvo4/images/295.png
EAVR296	o0981566	ZATU649	ZATU649	ZATU649	ğ’³‹	/pcsl/msvo4/images/296.png
EAVR297	o0981570	|ZATU651Ã—EN~a~v2|	ZATU651+ENa	ZATU651+EN~a	ğ’³	/pcsl/msvo4/images/297.png
EAVR298	o0981578	ZATU659	ZATU659	ZATU659	ğ’³š	/pcsl/msvo4/images/298.png
EAVR299	o0981579	|ZATU659Ã—1(N01)|	ZATU659+1N1	ZATU659+1N1	ğ’³›	/pcsl/msvo4/images/299.png
EAVR300	o0981630	ZATU694~c	ZATU694c	ZATU694~c	ğ’´–	/pcsl/msvo4/images/300.png
EAVR301	o0981636	ZATU697~a	ZATU697a	ZATU697~a	ó³ƒ£	/pcsl/msvo4/images/301.png
EAVR302	o0981652	ZATU710	ZATU710	ZATU710	ğ’´¯	/pcsl/msvo4/images/302.png
EAVR303	o0981657	ZATU714	ZATU714	ZATU714	ğ’´¶	/pcsl/msvo4/images/303.png
EAVR304	o0981667	ZATU723	ZATU723	ZATU723	ğ’µ€	/pcsl/msvo4/images/304.png
EAVR305	o0981668	ZATU724	ZATU724	ZATU724	ğ’µ	/pcsl/msvo4/images/305.png
EAVR306	o0981677	ZATU732	ZATU732	ZATU732	ó³ƒ¤	/pcsl/msvo4/images/306.png
EAVR307	o0981680	ZATU735~a	ZATU735a	ZATU735~a	ğ’µ	/pcsl/msvo4/images/307.png
EAVR308	o0981682	ZATU735~c	ZATU735c	ZATU735~c	ğ’µ“	/pcsl/msvo4/images/308.png
EAVR309	o0981683	ZATU736~a	ZATU736	ZATU736~a	ğ’µ”	/pcsl/msvo4/images/309.png
EAVR310	o0981698	|ZATU737Ã—SU~a|	ZATU737+SUa	ZATU737+SU~a	ğ’µ 	/pcsl/msvo4/images/310.png
EAVR311	o0981709	ZATU750	ZATU750	ZATU750	ó³ƒ¥	/pcsl/msvo4/images/311.png
EAVR312	o0981710	ZATU751~a	ZATU751a	ZATU751~a	ğ’µµ	/pcsl/msvo4/images/312.png
EAVR313	o0981711	ZATU751~b	ZATU751b	ZATU751~b	ğ’µ¶	/pcsl/msvo4/images/313.png
EAVR314	o0981713	ZATU752	ZATU752	ZATU752	ğ’µ¸	/pcsl/msvo4/images/314.png
EAVR315	o0981714	ZATU753	ZATU753	ZATU753	ğ’µ¹	/pcsl/msvo4/images/315.png
EAVR316	o0981718	ZATU756	ZATU756	ZATU756	ğ’µ½	/pcsl/msvo4/images/316.png
EAVR317	o0981719	ZATU757	ZATU757	ZATU757	ó³ƒº	/pcsl/msvo4/images/317.png
EAVR318	o0981721	ZATU759	ZATU759	ZATU759	ğ’¶‚	/pcsl/msvo4/images/318.png
EAVR319	o0981722	|ZATU759Ã—KUâ‚†~a|	ZATU759+KU6a	ZATU759+KUâ‚†~a	ğ’¶ƒ	/pcsl/msvo4/images/319.png
EAVR320	o0981740	ZATU773~a	ZATU773	ZATU773~a	ğ’¶˜	/pcsl/msvo4/images/320.png
EAVR321	o0981744	ZATU776	ZATU776	ZATU776	ğ’¶	/pcsl/msvo4/images/321.png
EAVR322	o0981745	ZATU777	ZATU777	ZATU777	ğ’¶ 	/pcsl/msvo4/images/322.png
EAVR323	o0981755	ZATU787	ZATU787	ZATU787	ğ’¶«	/pcsl/msvo4/images/323.png
EAVR324	o0981756	ZATU788	ZATU788	ZATU788	ğ’¶¬	/pcsl/msvo4/images/324.png
