-CSL0101	o0903233	|2(N57).UDUNITA~a|	-	-	󳁜	/pcsl/cusas/images/0101.png
-CSL0102	o0903238	|3(N57).BAR×UŠ~a|	-	-	󳁝	/pcsl/cusas/images/0102.png
-CSL0103	o0903254	|3(N57).UDU~a|	-	-	󳁞	/pcsl/cusas/images/0103.png
-CSL0104	o0903256	|3(N57).UDUNITA~a|	-	-	󳁟	/pcsl/cusas/images/0104.png
CSL0105	o0900051	|AB×ZU|	-	-	󳁖	/pcsl/cusas/images/0105.png
-CSL0106	o0900156	|BAR×URI₃~a|	-	-	󳁠	/pcsl/cusas/images/0106.png
-CSL0107	o0900209	|BULUG₃.DU₆~a|	-	-	󳁡	/pcsl/cusas/images/0107.png
CSL0108	o0900299	|DU₈~c×AB₂|	-	-	󳀱	/pcsl/cusas/images/0108.png
CSL0109	o0900301	|DU₈~c×AMAR|	-	-	󳀲	/pcsl/cusas/images/0109.png
CSL0110	o0900710	|GA₂~a1×X|~v1	-	-	󳁍	/pcsl/cusas/images/0110.png
CSL0111	o0901068	KALAM~g	-	-	󳀼	/pcsl/cusas/images/0111.png
CSL0112	o0901069	KALAM~h	-	-	󳀽	/pcsl/cusas/images/0112.png
CSL0113	o0901084	KAŠ~d~v1	-	-	󳁗	/pcsl/cusas/images/0113.png
CSL0114	o0903762	KIŠ~v2	-	-	󳀦	/pcsl/cusas/images/0114.png
CSL0115	o0901715	SANGA~e	-	-	󳁤	/pcsl/cusas/images/0115.png
CSL0116	o0901721	SAR~d	-	-	󳁆	/pcsl/cusas/images/0116.png
CSL0117	o0901882	SUHUR~v3	-	-	󳁘	/pcsl/cusas/images/0117.png
CSL0118	o0901885	SUHUR@t	-	-	󳁙	/pcsl/cusas/images/0118.png
CSL0119	o0901924	ŠA₃~a2@g	-	-	󳁅	/pcsl/cusas/images/0119.png
CSL0120	o0901950	|ŠE~a@t~v1.GAR|	-	-	󳁚	/pcsl/cusas/images/0120.png
CSL0121	o0901951	|ŠE~a.GAR|	-	-	󳁛	/pcsl/cusas/images/0121.png
CSL0122	o0902355	|URU~a1×KI|	-	-	󳀛	/pcsl/cusas/images/0122.png
CSL0123	o0903763	ZATU693@t~v1	-	-	󳀠	/pcsl/cusas/images/0123.png
CSL0124	o0902578	ZATU694~e	-	-	󳁐	/pcsl/cusas/images/0124.png
CSL0125	o0902770	ZATU802~b	-	-	󳁑	/pcsl/cusas/images/0125.png
CSL0126	o0903764	ZATU851~v1	-	-	󳀢	/pcsl/cusas/images/0126.png
-CSL2101	o0903214	|1(N57).E₂~a|	-	-	󳀧	/pcsl/cusas/images/2101.png
CSL2102	o0900179	|((BU~a.DU₆~a)&(BU~a.DU₆~a))×UDU~a|	-	-	󳀣	/pcsl/cusas/images/2102.png
CSL2103	o0900204	|BU~a+TU~b|	-	-	󳀮	/pcsl/cusas/images/2103.png
CSL2104	o0900322	DUB~h	-	-	󳀳	/pcsl/cusas/images/2104.png
CSL2105	o0900259	DARA₄~d	-	-	󳀯	/pcsl/cusas/images/2105.png
CSL2106	o0901275	|LAL₂~a×NAGA~a|	-	-	󳀿	/pcsl/cusas/images/2106.png
CSL2107	o0901555	|NINDA₂×MAR~a|	-	-	󳁁	/pcsl/cusas/images/2107.png
CSL2108	o0901576	|NINDA₂×ZATU710|	-	-	󳁃	/pcsl/cusas/images/2108.png
CSL2109	o0901651	|PIRIG~b1×1(N58@t)|	-	-	󳁄	/pcsl/cusas/images/2109.png
CSL2110	o0902827	ZATU859	-	-	󳁒	/pcsl/cusas/images/2110.png
CSL3101	o0903225	|2(N57).BIR₃~a|	-	-	󳀩	/pcsl/cusas/images/3101.png
CSL3102	o0900027	|AB~a×1(N04)|	-	-	󳀫	/pcsl/cusas/images/3102.png
CSL3103	o0903765	|AB~a×(ŠE~a&ŠE~a)|~v1	-	-	󳀝	/pcsl/cusas/images/3103.png
CSL3104	o0900763	|GAN~c×(4(N57).GAR)|	-	-	󳀺	/pcsl/cusas/images/3104.png
CSL3105	o0900809	|GI×A|	-	-	󳀻	/pcsl/cusas/images/3105.png
CSL3106	o0901070	KALAM~h2	-	-	󳀾	/pcsl/cusas/images/3106.png
CSL3107	o0901347	|MAH~a×TUN₃~c|	-	-	󳁀	/pcsl/cusas/images/3107.png
CSL3108	o0903758	MAR@g~a~v1	-	-	󳀜	/pcsl/cusas/images/3108.png
CSL3109	o0901564	|NINDA₂×NUN~a|	-	-	󳁂	/pcsl/cusas/images/3109.png
CSL3110	o0901732	|SI×1(N58)|	-	-	󳁇	/pcsl/cusas/images/3110.png
CSL3111	o0901728	|SI×EN~a|	-	-	󳁈	/pcsl/cusas/images/3111.png
CSL3112	o0901731	|SI×KU~b1|	-	-	󳁉	/pcsl/cusas/images/3112.png
CSL3113	o0901733	|SI×SAL|	-	-	󳁋	/pcsl/cusas/images/3113.png
CSL3114	o0901736	|SI×TUN₃~a|	-	-	󳁌	/pcsl/cusas/images/3114.png
CSL3115	o0901820	|SILA₃~a×MUD₃~b|	-	-	󳁊	/pcsl/cusas/images/3115.png
CSL3116	o0902232	UBI~d	-	-	󳁎	/pcsl/cusas/images/3116.png
CSL3117	o0902361	|URU~a1×3(N57)|	-	-	󳁏	/pcsl/cusas/images/3117.png
