o0900000	EAVR001	A	I	A	001.png	12690
o0900012	EAVR002	AB~a	I	ABa	002.png	12698
o0900014	EAVR003	AB~b	I	ABb	003.png	126A3
o0900041	EAVR004	AB₂	I	AB2	004.png	126A7
o0900053	EAVR005	AD~a	I	ADa	005.png	126AF
o0900056	EAVR006	ADAB	I	ADAB	006.png	126B2
o0900062	EAVR007	AK~a	I	AKa	007.png	126B6
o0900064	EAVR008	AL	I	AL	008.png	126B8
o0900070	EAVR009	ALAN~e	I	ALANe	009.png	126BD
o0900077	EAVR010	AMA~a	I	AMAa	010.png	126C1
o0900082	EAVR011	AMAR	I	AMAR	011.png	126C5
o0900089	EAVR012	AN	I	AN	012.png	126CC
o0900094	EAVR013	ANŠE~b	I	ANŠEb	013.png	126CF
o0900100	EAVR014	APIN~a	I	APINa	014.png	126D2
o0900115	EAVR015	BA	I	BA	015.png	126DE
o0903282	EAVR016	|(1(N58).BAD)~a|	I	BAD+DIŠa	016.png	12E0D
o0900126	EAVR017	BAHAR₂~b	I	BAHAR2b	017.png	126E6
o0900128	EAVR018	BAHAR₂~c	I	BAHAR2c	018.png	126E8
o0900151	EAVR019	BAPPIR~d	I	BAPPIRd	019.png	126FA
o0900154	EAVR020	BAR	I	BAR	020.png	126FD
o0900158	EAVR021	BARA₂~a	I	BARA2a	021.png	126FE
o0900169	EAVR022	BIR₃~a	I	BIR3a	022.png	12706
o0900173	EAVR023	BIR₃~c	I	BIR3c	023.png	1270A
o0900175	EAVR024	BU~a	I	BUa	024.png	1270B
o0900183	EAVR025	|BU~a~v1×A|	I	BUa+A	025.png	12714
o0900199	EAVR026	|BU~a+DU₆~a|	I	BUa+DU6a	026.png	1270C
o0900205	EAVR027	BU₃	I	BU3a	027.png	12718
o0900211	EAVR028	BUR~a	I	BURa	028.png	1271B
o0900217	EAVR029	DA~a	I	DAa	029.png	12720
o0900224	EAVR030	DAH	I	DAH	030.png	12725
o0900228	EAVR031	DAR~a	I	DARa	031.png	12728
o0900241	EAVR032	|DARA₃~c×KAR₂|	I	DARA3c+KAR2	032.png	12730
o0900249	EAVR033	DARA₄~a1	I	DARA4a1	033.png	12738
o0900254	EAVR034	DARA₄~c1	I	DARA4c1	034.png	1273C
o0900260	EAVR035	DI	I	DI	035.png	12741
o0900262	EAVR036	DIB	I	DIB	036.png	12743
o0900269	EAVR037	DIM~a	I	DIMa	037.png	12748
o0900276	EAVR038	DIN	I	DIN	038.png	1274B
o0900279	EAVR039	DU	I	DU	039.png	1274D
o0900312	EAVR040	DUB~a	I	DUBa	040.png	1275F
o0900313	EAVR041	DUB~b	I	DUBb	041.png	12760
o0900331	EAVR042	DUG~a	I	DUGa	042.png	1276D
o0900394	EAVR043	|DUG~a×1(N57)|	I	DUG+AŠa	043.png	12773
o0900407	EAVR044	|DUG~a×NAGA~a|	I	DUGa+NAGAa	044.png	12770
o0900447	EAVR045	|DUG~a×U₂~a|	I	DUGa+U2a	045.png	12771
o0900336	EAVR046	DUG~c~v1	I	DUGc	046.png	127BC
o0900484	EAVR047	DUR~b	I	DURb	047.png	127C4
o0900485	EAVR048	DUR₂	I	DUR2	048.png	127C5
o0900493	EAVR049	E₂~a	I	E2a	049.png	127CA
o0900503	EAVR050	|E₂~a×1(N58@t)|	I	E2a+1N57.tenû	050.png	127CD
o0900494	EAVR051	E₂~b	I	E2b	051.png	127CE
o0900513	EAVR052	EN~a	I	ENa	052.png	127D6
o0900519	EAVR053	EN~c	I	ENc	053.png	127DD
o0900534	EAVR054	ENGIZ	I	ENGIZ	054.png	127E7
o0900541	EAVR055	ERIM~a	I	ERIMa	055.png	127EB
o0900544	EAVR056	ERIM₂	I	ERIM2	056.png	127EE
o0900545	EAVR057	ERIN	I	ERIN	057.png	127EF
o0900559	EAVR058	|EZEN~a×(HI×1(N57).AN)|	I	EZENa+HI+1N57+AN	058.png	127F5
o0900552	EAVR059	EZEN~b	I	EZENb	059.png	12803
o0900594	EAVR060	EZINU~a	I	EZINUa	060.png	12806
o0900599	EAVR061	GA~a	I	GAa	061.png	1280A
o0900607	EAVR062	|GA~a.ZATU753|	I	GAa+ZATU753	062.png	1280C
o0900660	EAVR063	|GA₂~a1×(KU₆~a.KU₆~a)|	I	GA2a1+KU6a+KU6a	063.png	12822
o0902657	EAVR064	|ZATU737×BUR~a|	I	GABURRA	064.png	12D59
o0900724	EAVR065	GADA~a	I	GADAa	065.png	1284B
o0900729	EAVR066	GAL~a	I	GALa	066.png	1284E
o0900736	EAVR067	GAN~a	I	GANa	067.png	12852
o0900742	EAVR068	GAN~c	I	GANc	068.png	12858
o0900778	EAVR069	GAN₂	I	GAN2	069.png	12867
o0900779	EAVR070	GAR	I	GAR	070.png	12868
o0903265	EAVR071	|5(N57).GAR|	I	GAR+5N57	071.png	12E08
o0903270	EAVR072	|6(N57).GAR|	I	GAR+6N57	072.png	12E0A
o0900786	EAVR073	GARA₂~a	I	GARA2a	073.png	1286D
o0900800	EAVR074	GEŠTU~b	I	GEŠTUb	074.png	12874
o0900806	EAVR075	GI	I	GI	075.png	12878
o0900822	EAVR076	|GI&GI|	I	GI+GI	076.png	1287F
o0900825	EAVR077	|(GI&GI)×X|	I	GI+GI+?	077.png	12882
o0900829	EAVR078	GI₄~a	I	GI4a	078.png	12889
o0900836	EAVR079	GI₆	I	GI6	079.png	1288E
o0900839	EAVR080	GIBIL	I	GIBIL	080.png	12890
o0900860	EAVR081	GIR₃~c	I	GIR3c	081.png	1289F
o0900870	EAVR082	GIR₃@g~b	I	GIR3.gunûb	082.png	128A3
o0900875	EAVR083	GIŠ	I	GIŠ	083.png	128A7
o0900883	EAVR084	|(GIŠ×ŠU₂)~a|	I	GIŠ+ŠU2a	084.png	128AC
o0900877	EAVR085	|GIŠ.TE|	I	GIŠ+TE	085.png	128A8
o0900885	EAVR086	GIŠ@t	I	GIŠ.tenû	086.png	128AE
o0900898	EAVR087	GIŠIMMAR~a3	I	GIŠIMMARa3	087.png	128B6
o0900899	EAVR088	GIŠIMMAR~b1	I	GIŠIMMARb1	088.png	128B7
o0900906	EAVR089	GU	I	GUa	089.png	128BC
o0900908	EAVR090	GU₄	I	GU4	090.png	128BE
o0900914	EAVR091	GU₄@g	I	GU4.gunû	091.png	128C0
o0900912	EAVR092	GU₇	I	GU7	092.png	128C2
o0900919	EAVR093	GUB₃~d	I	GUB3d	093.png	128C7
o0900920	EAVR094	GUG₂	I	GUG2a	094.png	128C8
o0900935	EAVR095	GUL	I	GUL	095.png	128D2
o0900938	EAVR096	GUM~b	I	GUMb	096.png	128D4
o0900945	EAVR097	GUN₃~b	I	GUN3b	097.png	128D9
o0900948	EAVR098	GURUŠ~a	I	GURUŠa	098.png	128DB
o0900954	EAVR099	|GURUŠ~c×2(N14)|	I	GURUŠc+2N14	099.png	128E0
o0900955	EAVR100	GURUŠDA	I	GURUŠDA	100.png	128E1
o0900958	EAVR101	HAŠHUR	I	HAŠHUR	101.png	128E4
o0900960	EAVR102	HI	I	HI	102.png	128E6
o0900968	EAVR103	|HI×1(N57)|	I	HI+1N57	103.png	128EC
o0900976	EAVR104	HI@g~a	I	HI.gunûa	104.png	128F0
o0900977	EAVR105	HI@g~b	I	HI.gunûb	105.png	128F1
o0900981	EAVR106	I	I	I	106.png	128F3
o0900983	EAVR107	IB~a	I	IBa	107.png	128F4
o0901000	EAVR108	IM~a	I	IMa	108.png	128FE
o0901001	EAVR109	IM~b	I	IMb	109.png	128FF
o0901022	EAVR110	IŠ~b	I	IŠb	110.png	1290D
o0901030	EAVR111	KA~a	I	KAa	111.png	12914
o0901044	EAVR112	KAB	I	KAB	112.png	1291C
o0901062	EAVR113	KALAM~a	I	KALAMa	113.png	12929
o0901063	EAVR114	KALAM~b	I	KALAMb	114.png	1292A
o0901075	EAVR115	KASKAL	I	KASKAL	115.png	12932
o0901078	EAVR116	KAŠ~a	I	KAŠa	116.png	12934
o0901080	EAVR117	KAŠ~b	I	KAŠb	117.png	12936
o0901082	EAVR118	KAŠ~c	I	KAŠc	118.png	1293A
o0901090	EAVR119	KI	I	KIa	119.png	1293C
o0901091	EAVR120	KI@n	I	KIa.nutillû	120.png	1293D
o0901098	EAVR121	KID~b	I	KIDb	121.png	12942
o0901101	EAVR122	KID~e	I	KIDe	122.png	12945
o0901109	EAVR123	KINGAL	I	KINGAL	123.png	1294B
o0901115	EAVR124	KISAL~b1	I	KISALb1	124.png	12950
o0901128	EAVR125	KIŠ	I	KIŠ	125.png	1295A
o0901133	EAVR126	KITI	I	KITI	126.png	1295E
o0901137	EAVR127	KU~b1	I	KUb1	127.png	12961
o0901142	EAVR128	KU₃~a	I	KU3a	128.png	12963
o0901145	EAVR129	KU₆~a	I	KU6a	129.png	12965
o0901146	EAVR130	KU₆~c	I	KU6c	130.png	1296A
o0901158	EAVR131	KUR~a	I	KURa	131.png	1296C
o0901184	EAVR132	LA₂	I	LA2	132.png	1297F
o0901186	EAVR133	LAGAB~a	I	LAGABa	133.png	12980
o0901209	EAVR134	|LAGAB~a×(KU₆~a+KU₆~a)|	I	LAGABa+KU6a+KU6a	134.png	12986
o0901250	EAVR135	|LAGAB~a×U₄|	I	LAGABa+U4	135.png	12992
o0901187	EAVR136	LAGAB~b	I	LAGABb	136.png	12997
o0901277	EAVR137	|LAL₂~a×NIM~b2|	I	LAL2a+NIMb2	137.png	129A8
o0902741	EAVR138	ZATU773~b	I	LIŠ+ŠIRb	138.png	12D9A
o0901304	EAVR139	LU₂	I	LU2	139.png	129B6
o0901313	EAVR140	MA	I	MA	140.png	129BD
o0901338	EAVR141	|MAH~a×NA~a|	I	MAHa+NAa	141.png	129CA
o0901361	EAVR142	MAR~a	I	MARa	142.png	129D8
o0901363	EAVR143	MAR~b	I	MARb	143.png	129DB
o0901376	EAVR144	MAŠ	I	MAŠ	144.png	129DF
o0901377	EAVR145	MAŠ₂	I	MAŠ2	145.png	129E0
o0901380	EAVR146	ME~a	I	MEa	146.png	129E2
o0901384	EAVR147	MEN~a	I	MENa	147.png	129E5
o0901392	EAVR148	MU	I	MU	148.png	129EC
o0901396	EAVR149	MUD₃~a	I	MUD3a	149.png	129EF
o0901401	EAVR150	MUD₃~a@g	I	MUD3a.gunû	150.png	129F0
o0901407	EAVR151	MUN~a1	I	MUNa1	151.png	129F5
o0901419	EAVR152	MUŠ₃~a	I	MUŠ3a	152.png	129FF
o0901426	EAVR153	MUŠEN	I	MUŠEN	153.png	12A05
o0901431	EAVR154	|MUŠEN×2(N57)|	I	MUŠEN+2N57	154.png	12A09
o0901432	EAVR155	|MUŠEN×3(N57)|	I	MUŠEN+3N57	155.png	12A0A
o0901435	EAVR156	|MUŠEN×X|	I	MUŠEN+?	156.png	12A07
o0901437	EAVR157	NA~a	I	NAa	157.png	12A0B
o0901442	EAVR158	NA₂~a	I	NA2a	158.png	12A0F
o0901448	EAVR159	NAB	I	NAB	159.png	12A13
o0901452	EAVR160	NAGA~a	I	NAGAa	160.png	12A16
o0901457	EAVR161	NAGAR~a	I	NAGARa	161.png	12A19
o0901468	EAVR162	NAM₂	I	NAM2	162.png	12A23
o0901472	EAVR163	NAMEŠDA	I	NAMEŠDA	163.png	12A27
o0901481	EAVR164	NAR	I	NAR	164.png	12A2E
o0901483	EAVR165	NE~a	I	NEa	165.png	12A2F
o0901501	EAVR166	NI~a	I	NIa	166.png	12A3A
o0901502	EAVR167	NI~b	I	NIb	167.png	12A3E
o0901514	EAVR168	NIGIN	I	NIGIN	168.png	12A42
o0901516	EAVR169	NIM~a	I	NIMa	169.png	12A43
o0901517	EAVR170	NIM~b1	I	NIMb1	170.png	12A44
o0901518	EAVR171	NIM~b2	I	NIMb2	171.png	12A45
o0901521	EAVR172	NIMGIR	I	NIMGIR	172.png	12A47
o0901524	EAVR173	NIN	I	NIN	173.png	12A49
o0901553	EAVR174	|NINDA₂×KAŠ~b|	I	NINDA2+KAŠb	174.png	12A5B
o0901580	EAVR175	NIR~a	I	NIRa	175.png	12A6A
o0901584	EAVR176	NU	I	NU	176.png	12A6D
o0901585	EAVR177	NU@g	I	NU.gunû	177.png	12A6E
o0901586	EAVR178	NU₁₁	I	NU11	178.png	12A6F
o0901589	EAVR179	NUMUN	I	NUMUN	179.png	12A72
o0901592	EAVR180	NUN~a	I	NUNa	180.png	12A74
o0901594	EAVR181	NUN~c	I	NUNc	181.png	12A7C
o0901614	EAVR182	NUNUZ~a1	I	NUNUZa1	182.png	12A82
o0901625	EAVR183	PA~a	I	PAa	183.png	12A8B
o0901636	EAVR184	PAD~a	I	PADa	184.png	12A8F
o0901639	EAVR185	PAP~a	I	PAPa	185.png	12A91
o0901643	EAVR186	PAP~a@t	I	PAPa.tenû	186.png	12A92
o0901640	EAVR187	PAP~b	I	PAPb	187.png	12A93
o0901648	EAVR188	PIRIG~b1	I	PIRIGb1	188.png	12A98
o0901657	EAVR189	RA	I	RA	189.png	12A9C
o0901659	EAVR190	RAD~a	I	RADa	190.png	12A9D
o0901670	EAVR191	RU	I	RU	191.png	12AA3
o0901677	EAVR192	SAG	I	SAG	192.png	12AA9
o0901694	EAVR193	SAG@g	I	SAG.gunû	193.png	12AAB
o0901695	EAVR194	SAG@n	I	SAG.nutillû	194.png	12AAC
o0901696	EAVR195	SAGŠU	I	SAGŠU	195.png	12AB4
o0901697	EAVR196	SAL	I	SAL	196.png	12AB5
o0901699	EAVR197	|SAL.KUR~a|	I	SAL+KURa	197.png	12AB6
o0901703	EAVR198	|SAL.ŠU₂|	I	SAL+ŠU2	198.png	12AB8
o0901709	EAVR199	SANGA~a	I	SANGAa	199.png	12ABA
o0901718	EAVR200	SAR~a	I	SARa	200.png	12AC0
o0901724	EAVR201	SI	I	SI	201.png	12AC4
o0901744	EAVR202	SI₄~f	I	SI4f	202.png	12ACD
o0901757	EAVR203	SIG₂~b	I	SIG2b	203.png	12AD7
o0901771	EAVR204	SIG₇	I	SIG7	204.png	12AE3
o0901829	EAVR205	|SILA₃~a×NI~a|	I	SILA3a+NIa	205.png	12AFA
o0901848	EAVR206	|SILA₃~a×ŠU₂|	I	SILA3a+ŠU2	206.png	12B02
o0901776	EAVR207	SILA₃~b	I	SILA3b	207.png	12B0A
o0901870	EAVR208	SU~a	I	SUa	208.png	12B1B
o0901879	EAVR209	SUG₅	I	SUG5	209.png	12B21
o0901881	EAVR210	SUHUR	I	SUHUR	210.png	12B23
o0901887	EAVR211	SUKKAL	I	SUKKAL	211.png	12B26
o0901888	EAVR212	SUKUD	I	SUKUD	212.png	12B27
o0901891	EAVR213	|(SUKUD+SUKUD)~b|	I	SUKUD+SUKUDb	213.png	12B29
o0901910	EAVR214	ŠA	I	ŠA	214.png	12B37
o0901918	EAVR215	ŠA₃~a1	I	ŠA3a1	215.png	12B3D
o0901919	EAVR216	ŠA₃~a2	I	ŠA3a2	216.png	12B3E
o0901930	EAVR217	ŠAGAN	I	ŠAGAN	217.png	12B46
o0901938	EAVR218	ŠAKIR~a	I	ŠAKIRa	218.png	12B4C
o0901940	EAVR219	ŠAKIR~c	I	ŠAKIRc	219.png	12B4E
o0901941	EAVR220	ŠAM₂	I	ŠAM2	220.png	12B4F
o0901946	EAVR221	ŠE~a	I	ŠEa	221.png	12B52
o0901957	EAVR222	|ŠE~a.NAM₂~v2|	I	ŠEa+NAM2	222.png	F3014
o0901723	EAVR223	|SAR~a×ŠE~a|	I	ŠEa+SARa	223.png	12AC1
o0901959	EAVR224	|ŠE~a&ŠE~a|	I	ŠEa+ŠEa	224.png	12B56
o0901962	EAVR225	ŠE₃	I	ŠE3	225.png	12B5A
o0901969	EAVR226	ŠEN~a	I	ŠENa	226.png	12B60
o0901977	EAVR227	ŠEN~e	I	ŠENe	227.png	12B6A
o0901986	EAVR228	ŠEŠ~a	I	ŠEŠa	228.png	12B6D
o0901990	EAVR229	ŠIDIM	I	ŠIDIM	229.png	12B70
o0901993	EAVR230	ŠIM~a	I	ŠIMa	230.png	12B72
o0901998	EAVR231	ŠIR~a	I	ŠIRa	231.png	12B76
o0902004	EAVR232	ŠITA~a1	I	ŠITAa1	232.png	12B7B
o0902006	EAVR233	ŠITA~a3	I	ŠITAa3	233.png	12B83
o0902033	EAVR234	ŠU	I	ŠU	234.png	12B8D
o0902035	EAVR235	|ŠU&ŠU|	I	ŠU+ŠU	235.png	12B8F
o0902038	EAVR236	ŠU₂	I	ŠU2	236.png	F3090
o0902045	EAVR237	|ŠU₂.EN~a|	I	ŠU2+ENa	237.png	12B93
o0902060	EAVR238	ŠUBUR	I	ŠUBUR	238.png	12B9E
o0903221	EAVR239	|1(N57).ŠUBUR~v1|	I	ŠUBUR+1N57	239.png	12DF7
o0902061	EAVR240	ŠUM	I	ŠUM	240.png	12B9F
o0902064	EAVR241	ŠUR₂~b	I	ŠUR2b	241.png	12BA1
o0902083	EAVR242	TAG~a1	I	TAGa1	242.png	12BAC
o0902094	EAVR243	TAK₄~a	I	TAK4a	243.png	12BB4
o0902100	EAVR244	TAR~a	I	TARa	244.png	12BB8
o0902102	EAVR245	TE	I	TE	245.png	12BB9
o0902103	EAVR246	TI	I	TIa	246.png	12BBA
o0902112	EAVR247	TU~b	I	TUb	247.png	12BC2
o0902116	EAVR248	TUG₂~a	I	TUG2a	248.png	12BC4
o0902128	EAVR249	TUM~a	I	TUMa	249.png	12BCB
o0902130	EAVR250	TUM~c	I	TUMc	250.png	12BCE
o0902136	EAVR251	TUN₃~a	I	TUN3a	251.png	12BD0
o0902139	EAVR252	TUR	I	TUR	252.png	12BD3
o0902144	EAVR253	TUR@g	I	TUR.gunû	253.png	12BD4
o0902146	EAVR254	TUR₃~a	I	TUR3a	254.png	12BD8
o0902156	EAVR255	U₂~a	I	U2a	255.png	12BDC
o0902157	EAVR256	U₂~b	I	U2b	256.png	12BDD
o0902161	EAVR257	U₄	I	U4	257.png	12BE1
o0902206	EAVR258	|U₄×1(N57)|	I	U4+1N57	258.png	12C0B
o0902182	EAVR259	|U₄×2(N01)|	I	U4+2N1	259.png	12BF5
o0902203	EAVR260	|U₄×(2(N14).4(N01))|	I	U4+2N14.4N1	260.png	12C08
o0902207	EAVR261	|U₄×2(N57)|	I	U4+2N57	261.png	12C0C
o0902208	EAVR262	|U₄×3(N57)|	I	U4+3N57	262.png	12C0D
o0902209	EAVR263	|U₄×4(N57)|	I	U4+4N57	263.png	12C0E
o0902210	EAVR264	|U₄×5(N57)|	I	U4+5N57	264.png	12C0F
o0902211	EAVR265	|U₄×6(N57)|	I	U4+6N57	265.png	12C10
o0902212	EAVR266	|U₄×7(N57)|	I	U4+7N57	266.png	12C11
o0902213	EAVR267	|U₄×8(N57)|	I	U4+8N57	267.png	12C12
o0902220	EAVR268	U₈	I	U8	268.png	12C16
o0902227	EAVR269	UB	I	UB	269.png	12C1B
o0902234	EAVR270	UD₅~a	I	UD5a	270.png	12C1F
o0902243	EAVR271	UDU~a	I	UDUa	271.png	12C25
o0902250	EAVR272	UDUNITA~a	I	UDUNITAa	272.png	12C2A
o0902261	EAVR273	UKKIN~a	I	UKKINa	273.png	12C31
o0902263	EAVR274	UKKIN~b	I	UKKINb	274.png	12C33
o0902286	EAVR275	UMBIN~a	I	UMBINa	275.png	12C3E
o0902290	EAVR276	UMUN₂	I	UMUN2	276.png	12C42
o0902293	EAVR277	UNUG~a	I	UNUGa	277.png	12C44
o0902302	EAVR278	UR~a	I	URa	278.png	12C4A
o0902304	EAVR279	UR~c	I	URc	279.png	12C4E
o0902309	EAVR280	UR₂	I	UR2	280.png	12C4F
o0902324	EAVR281	UR₄~b	I	UR4b	281.png	12C5A
o0902327	EAVR282	UR₅~a	I	UR5a	282.png	12C5C
o0902329	EAVR283	URI	I	URI	283.png	12C5E
o0902332	EAVR284	URI₃~a	I	URI3a	284.png	12C5F
o0902339	EAVR285	URU~a1	I	URUa1	285.png	12C63
o0902373	EAVR286	URUDU~a	I	URUDUa	286.png	12C73
o0902384	EAVR287	UŠ~a	I	UŠa	287.png	12C7C
o0902400	EAVR288	UTUA~a	I	UTUAa	288.png	12C86
o0902406	EAVR289	UTUL~a	I	UTULa	289.png	12C8A
o0902412	EAVR290	UZU	I	UZU	290.png	12C8F
o0902422	EAVR291	ZAG~a	I	ZAG	291.png	12C93
o0902438	EAVR292	ZATU623	I	ZATU623	292.png	12CA1
o0902445	EAVR293	ZATU625	I	ZATU625	293.png	12CA7
o0902455	EAVR294	ZATU628~b	I	ZATU628b	294.png	12CAF
o0902486	EAVR295	ZATU648	I	ZATU648	295.png	12CCA
o0902487	EAVR296	ZATU649	I	ZATU649	296.png	12CCB
o0902495	EAVR297	|ZATU651×EN~a~v2|	I	ZATU651+ENa	297.png	12CD0
o0902506	EAVR298	ZATU659	I	ZATU659	298.png	12CDA
o0902507	EAVR299	|ZATU659×1(N01)|	I	ZATU659+1N1	299.png	12CDB
o0902575	EAVR300	ZATU694~c	I	ZATU694c	300.png	12D16
o0902584	EAVR301	ZATU697~a	I	ZATU697a	301.png	12D1C
o0902605	EAVR302	ZATU710	I	ZATU710	302.png	12D2F
o0902613	EAVR303	ZATU714	I	ZATU714	303.png	12D36
o0902624	EAVR304	ZATU723	I	ZATU723	304.png	12D40
o0902625	EAVR305	ZATU724	I	ZATU724	305.png	12D41
o0902637	EAVR306	ZATU732	I	ZATU732	306.png	12D4C
o0902641	EAVR307	ZATU735~a	I	ZATU735a	307.png	12D4F
o0902645	EAVR308	ZATU735~c	I	ZATU735c	308.png	12D53
o0902647	EAVR309	ZATU736~a	I	ZATU736	309.png	12D54
o0902673	EAVR310	|ZATU737×SU~a|	I	ZATU737+SUa	310.png	12D60
o0902692	EAVR311	ZATU750	I	ZATU750	311.png	12D71
o0902697	EAVR312	ZATU751~a	I	ZATU751a	312.png	12D75
o0902698	EAVR313	ZATU751~b	I	ZATU751b	313.png	12D76
o0902699	EAVR314	ZATU752	I	ZATU752	314.png	12D77
o0902701	EAVR315	ZATU753	I	ZATU753	315.png	12D79
o0902706	EAVR316	ZATU756	I	ZATU756	316.png	12D7D
o0902708	EAVR317	ZATU757	I	ZATU757	317.png	12D7F
o0902711	EAVR318	ZATU759	I	ZATU759	318.png	12D82
o0902714	EAVR319	|ZATU759×KU₆~a|	I	ZATU759+KU6a	319.png	12D83
o0902739	EAVR320	ZATU773~a	I	ZATU773	320.png	12D98
o0902744	EAVR321	ZATU776	I	ZATU776	321.png	12D9D
o0902746	EAVR322	ZATU777	I	ZATU777	322.png	12D9F
o0902758	EAVR323	ZATU787	I	ZATU787	323.png	12DAB
o0902759	EAVR324	ZATU788	I	ZATU788	324.png	12DAC
