o0902858	ACN©	1(N01)	1(N01)	-	N		𒕐	EANM006	
o0902859	ACN©	2(N01)	2(N01)	-	N	𒕑	𒕑,󰁟	EANM007	
o0902860	ACN©	3(N01)	3(N01)	-	N	𒕒	𒕒,󰁠	EANM008	
o0902861	ACN©	4(N01)	4(N01)	-	N		𒕓	EANM009	
o0902862	ACN©	5(N01)	5(N01)	-	N	𒕔	𒕔,󰁡	EANM010	
o0902863	ACN©	6(N01)	6(N01)	-	N	𒕕	𒕕,󰁢	EANM011	
o0902864	ACN©	7(N01)	7(N01)	-	N	𒕖	𒕖,󰁣	EANM012	
o0902865	ACN©	8(N01)	8(N01)	-	N	𒕗	𒕗,󰁤	EANM013	
o0902866	ACN©	9(N01)	9(N01)	-	N	𒕘	𒕘,󰁥	EANM014	
o0902868	OOR©	10(N01)	10(N01)	-	N		󰃚	EANM015	
o0902848	ACN©	1(N01@f)	1(N01@f)	-	N		𒙌	EANM016	
o0902849	ACN©	2(N01@f)	2(N01@f)	-	N	𒙍	𒙍,󰁦	EANM017	
o0902850	ACN	3(N01@f)	3(N01@f)	-	N	𒙎	𒙎,󰁧	EANM018	
o0902851	ACN	4(N01@f)	4(N01@f)	-	N		𒙏	EANM019	
o0902852	ACN©	5(N01@f)	5(N01@f)	-	N	𒙐	𒙐,󰁨	EANM020	
o0902853	ACN	6(N01@f)	6(N01@f)	-	N	𒙑	𒙑,󰁩	EANM021	
o0902854	ACN	7(N01@f)	7(N01@f)	-	N	𒙒	𒙒,󰁪	EANM022	
o0902855	ACN	8(N01@f)	8(N01@f)	-	N	𒙓	𒙓,󰁫	EANM023	
o0902856	ACN	9(N01@f)	9(N01@f)	-	N	𒙔	𒙔,󰁬	EANM024	
o0902857	ACN©	1(N01@r)	1(N01@r)	-	N		𒖉	EANM025	
o0902869	ACN©	1(N02)	1(N02)	-	N		𒖾	EANM026	
o0902871	ACN©	2(N02)	2(N02)	-	N	𒖿	𒖿,󰁭	EANM027	
o0902872	ACN©	3(N02)	3(N02)	-	N	𒗀	𒗀,󰁮	EANM028	
o0902873	ACN©	4(N02)	4(N02)	-	N		𒗁	EANM029	
o0902874	ACN©	5(N02)	5(N02)	-	N	𒗂	𒗂,󰁯	EANM030	
o0902875	ACN©	6(N02)	6(N02)	-	N	𒗃	𒗃,󰁰	EANM031	
o0902876	ACN©	7(N02)	7(N02)	-	N	𒗄	𒗄,󰁱	EANM032	
o0902877	ACN©	8(N02)	8(N02)	-	N	𒗅	𒗅,󰁲	EANM033	
o0902878	ACN©	9(N02)	9(N02)	-	N	𒗆	𒗆,󰁳	EANM034	
o0902879	ACN©	1(N03)	1(N03)	-	N		𒗯	EANM035	
o0902880	ACN©	2(N03)	2(N03)	-	N	𒗰	𒗰,󰁴	EANM036	
o0902881	ACN©	3(N03)	3(N03)	-	N	𒗱	𒗱,󰁵	EANM037	
o0902882	ACN©	4(N03)	4(N03)	-	N		𒗲	EANM038	
o0902883	ACN©	5(N03)	5(N03)	-	N	𒗳	𒗳,󰁶	EANM039	
o0902884	ACN©	1(N04)	1(N04)	-	N		𒘆	EANM040	
o0902885	ACN©	2(N04)	2(N04)	-	N	𒘇	𒘇,󰁷	EANM041	
o0902886	ACN©	3(N04)	3(N04)	-	N	𒘈	𒘈,󰁸	EANM042	
o0902887	ACN©	4(N04)	4(N04)	-	N		𒘉	EANM043	
o0902888	ACN©	5(N04)	5(N04)	-	N	𒘊	𒘊,󰁹	EANM044	
o0902889	ACN	1(N04@f)	1(N04@f)	-	N		𒙶	EANM045	
o0902890	ACN	2(N04@f)	2(N04@f)	-	N	𒙷	𒙷,󰁺	EANM046	
o0902891	ACN	3(N04@f)	3(N04@f)	-	N		𒙸	EANM047	
o0902892	ACN	4(N04@f)	4(N04@f)	-	N		𒙹	EANM048	
o0902893	ACN	5(N04@f)	5(N04@f)	-	N	𒙺	𒙺,󰁻	EANM049	
o0902894	ACN©	1(N05)	1(N05)	-	N		𒘱	EANM050	
o0902895	ACN©	2(N05)	2(N05)	-	N	𒘲	𒘲,󰁼	EANM051	
o0902896	ACN©	3(N05)	3(N05)	-	N	𒘳	𒘳,󰁽	EANM052	
o0902897	ACN©	4(N05)	4(N05)	-	N		𒘴	EANM053	
o0902898	ACN©	5(N05)	5(N05)	-	N	𒘵	𒘵,󰁾	EANM054	
o0902899	ACN©	1(N06)	1(N06)	-	N		𒗑	EANM055	
o0903321	ACN	2(N06)	2(N06)	-	N		𒗒	EANM056	
o0903322	ACN	3(N06)	3(N06)	-	N		𒗓	EANM057	
o0903323	ACN	4(N06)	4(N06)	-	N		𒗔	EANM058	
o0903324	ACN	5(N06)	5(N06)	-	N		𒗕	EANM059	
o0903325	ACN	6(N06)	6(N06)	-	N		𒗖	EANM060	
o0903326	ACN	7(N06)	7(N06)	-	N		𒗗	EANM061	
o0903327	ACN	8(N06)	8(N06)	-	N		𒗘	EANM062	
o0903328	ACN	9(N06)	9(N06)	-	N		𒗙	EANM063	
o0903352	ACN©	1(N07A)	1(N07A)	-	N		𒙆	EANM064	
o0903353	ACN©	2(N07A)	2(N07A)	-	N		𒙇	EANM065	
o0903354	ACN©	3(N07A)	3(N07A)	-	N		𒙈	EANM066	
o0903355	ACN©	1(N07B)	1(N07B)	-	N		𒙉	EANM067	
o0903356	ACN©	2(N07B)	2(N07B)	-	N		𒙊	EANM068	
o0903357	ACN©	3(N07B)	3(N07B)	-	N		𒙋	EANM069	
o0902909	ACN©	1(N08)	1(N08)	-	N		𒕙	EANM070	
o0902912	ACN©	2(N08)	2(N08)	-	N		𒕚	EANM071	
o0902914	ACN©	3(N08)	3(N08)	-	N		𒕛	EANM072	
o0902916	ACN©	4(N08)	4(N08)	-	N	𒕜	𒕜,󰁿	EANM073	
o0902919	ACN©	5(N08)	5(N08)	-	N		𒕝	EANM074	
o0902920	ACN©	6(N08)	6(N08)	-	N		𒕞	EANM075	
o0902921	ACN©	7(N08)	7(N08)	-	N		𒕟	EANM076	
o0902922	ACN©	8(N08)	8(N08)	-	N		𒕠	EANM077	
o0902923	ACN©	9(N08)	9(N08)	-	N		𒕡	EANM078	
o0902910	ADD	1(N08~b)	1(N08~b)	-	N		󰃵	EANM079	
o0902913	ADD©	2(N08~b)	2(N08~b)	-	N		󰃶	EANM080	
o0902915	ADD	3(N08~b)	3(N08~b)	-	N		󰃷	EANM081	
o0902917	ADD	4(N08~b)	4(N08~b)	-	N		󰃸	EANM082	
o0902918	ADD	4(N08~c)	4(N08~c)	-	N		󰃹	EANM083	
o0902911	ADD	1(N08~v)	1(N08~v)	-	N		󰃺	EANM084	
o0902924	ACN	1(N08@f)	1(N08@f)	-	N		𒙕	EANM085	
o0902926	ACN©	1(N09)	1(N09)	-	N		𒙃	EANM086	
o0902927	ACN©	1(N11)	1(N11)	-	N		𒙄	EANM087	
o0902928	ACN©	1(N12)	1(N12)	-	N		𒙅	EANM088	
o0902929	ACN©	1(N14)	1(N14)	-	N		𒕢	EANM089	
o0902930	ACN©	2(N14)	2(N14)	-	N		𒕣	EANM090	
o0902932	ACN©	3(N14)	3(N14)	-	N		𒕤	EANM091	
o0902933	ACN©	4(N14)	4(N14)	-	N		𒕥	EANM092	
o0902934	ACN©	5(N14)	5(N14)	-	N	𒕦	𒕦,󰂀	EANM093	
o0902936	ACN©	6(N14)	6(N14)	-	N	𒕧	𒕧,󰂁	EANM094	
o0902938	ACN©	7(N14)	7(N14)	-	N	𒕨	𒕨,󰂂	EANM095	
o0902939	ACN©	8(N14)	8(N14)	-	N	𒕩	𒕩,󰂃	EANM096	
o0902940	ACN©	9(N14)	9(N14)	-	N	𒕪	𒕪,󰂄	EANM097	
o0902941	OOR	10(N14)	10(N14)	-	N		󰃛	EANM098	
o0902942	OOR	11(N14)	11(N14)	-	N		󰃜	EANM099	
o0902943	OOR	12(N14)	12(N14)	-	N		󰃝	EANM100	
o0902944	OOR	22(N14)	22(N14)	-	N		󰃞	EANM101	
o0902945	ACN	1(N14@f)	1(N14@f)	-	N		𒙖	EANM102	
o0902946	ACN	2(N14@f)	2(N14@f)	-	N		𒙗	EANM103	
o0902947	ACN	3(N14@f)	3(N14@f)	-	N		𒙘	EANM104	
o0902948	ACN	4(N14@f)	4(N14@f)	-	N		𒙙	EANM105	
o0902949	ACN	5(N14@f)	5(N14@f)	-	N	𒙚	𒙚,󰂅	EANM106	
o0902950	ACN	6(N14@f)	6(N14@f)	-	N	𒙛	𒙛,󰂆	EANM107	
o0902951	ACN	7(N14@f)	7(N14@f)	-	N	𒙜	𒙜,󰂇	EANM108	
o0902952	ACN	8(N14@f)	8(N14@f)	-	N	𒙝	𒙝,󰂈	EANM109	
o0902953	ACN	9(N14@f)	9(N14@f)	-	N	𒙞	𒙞,󰂉	EANM110	
o0902954	OOR	10(N14@f)	10(N14@f)	-	N		󰃟	EANM111	
o0902955	ACN©	1(N15)	1(N15)	-	N		𒗇	EANM112	
o0902956	ACN©	2(N15)	2(N15)	-	N		𒗈	EANM113	
o0902957	ACN©	3(N15)	3(N15)	-	N		𒗉	EANM114	
o0902958	ACN	4(N15)	4(N15)	-	N		𒗊	EANM115	
o0902959	ACN©	5(N15)	5(N15)	-	N	𒗋	𒗋,󰂊	EANM116	
o0902960	ACN©	1(N16)	1(N16)	-	N		󰃻	EANM117	
o0902961	ACN©	1(N17)	1(N17)	-	N		󰃼	EANM118	
o0902962	ACN©	1(N18)	1(N18)	-	N		𒗴	EANM119	
o0902963	ACN©	2(N18)	2(N18)	-	N		𒗵	EANM120	
o0902964	ACN©	3(N18)	3(N18)	-	N		𒗶	EANM121	
o0902965	ACN©	4(N18)	4(N18)	-	N		𒗷	EANM122	
o0902966	ACN©	5(N18)	5(N18)	-	N	𒗸	𒗸,󰂋	EANM123	
o0902967	ACN©	6(N18)	6(N18)	-	N	𒗹	𒗹,󰂌	EANM124	
o0902968	ACN©	7(N18)	7(N18)	-	N	𒗺	𒗺,󰂍	EANM125	
o0902969	ACN©	8(N18)	8(N18)	-	N	𒗻	𒗻,󰂎	EANM126	
o0902970	ACN©	9(N18)	9(N18)	-	N	𒗼	𒗼,󰂏	EANM127	
o0902972	ACN©	1(N19)	1(N19)	-	N		𒘋	EANM128	
o0902973	ACN©	2(N19)	2(N19)	-	N		𒘌	EANM129	
o0902974	ACN©	3(N19)	3(N19)	-	N		𒘍	EANM130	
o0902975	ACN©	4(N19)	4(N19)	-	N		𒘎	EANM131	
o0902976	ACN©	5(N19)	5(N19)	-	N	𒘏	𒘏,󰂐	EANM132	
o0902977	ACN©	6(N19)	6(N19)	-	N	𒘐	𒘐,󰂑	EANM133	
o0902978	ACN©	7(N19)	7(N19)	-	N	𒘑	𒘑,󰂒	EANM134	
o0902979	ACN©	8(N19)	8(N19)	-	N	𒘒	𒘒,󰂓	EANM135	
o0902980	ACN©	9(N19)	9(N19)	-	N	𒘓	𒘓,󰂕	EANM136	
o0903488	VSP	9(N19)~v	9(N19)~v	-	N		󰂔	EANM137	
o0902982	ACN	1(N19@f)	1(N19@f)	-	N		𒙻	EANM138	
o0902983	ACN	2(N19@f)	2(N19@f)	-	N		𒙼	EANM139	
o0902984	ACN	3(N19@f)	3(N19@f)	-	N		𒙽	EANM140	
o0902985	ACN	4(N19@f)	4(N19@f)	-	N		𒙾	EANM141	
o0902986	ACN	5(N19@f)	5(N19@f)	-	N	𒙿	𒙿,󰂖	EANM142	
o0902987	ACN	6(N19@f)	6(N19@f)	-	N	𒚀	𒚀,󰂗	EANM143	
o0902988	ACN	7(N19@f)	7(N19@f)	-	N	𒚁	𒚁,󰂘	EANM144	
o0902989	ACN	8(N19@f)	8(N19@f)	-	N	𒚂	𒚂,󰂙	EANM145	
o0902990	ACN	9(N19@f)	9(N19@f)	-	N	𒚃	𒚃,󰂚	EANM146	
o0902991	ACN©	1(N20)	1(N20)	-	N		𒘶	EANM147	
o0902992	ACN©	2(N20)	2(N20)	-	N		𒘷	EANM148	
o0902993	ACN©	3(N20)	3(N20)	-	N		𒘸	EANM149	
o0902994	ACN©	4(N20)	4(N20)	-	N		𒘹	EANM150	
o0902995	ACN©	5(N20)	5(N20)	-	N	𒘺	𒘺,󰂛	EANM151	
o0902996	ACN©	6(N20)	6(N20)	-	N	𒘻	𒘻,󰂜	EANM152	
o0902997	ACN©	7(N20)	7(N20)	-	N	𒘼	𒘼,󰂝	EANM153	
o0902998	ACN©	8(N20)	8(N20)	-	N	𒘽	𒘽,󰂞	EANM154	
o0902999	ACN©	9(N20)	9(N20)	-	N	𒘾	𒘾,󰂟	EANM155	
o0903329	ACN	1(N21)	1(N21)	-	N		𒗚	EANM156	
o0903000	ACN©	2(N21)	2(N21)	-	N		𒗛	EANM157	
o0903001	ACN©	3(N21)	3(N21)	-	N		𒗜	EANM158	
o0903002	ACN©	4(N21)	4(N21)	-	N		𒗝	EANM159	
o0903003	ACN©	5(N21)	5(N21)	-	N	𒗞	𒗞,󰂠	EANM160	
o0903004	OOR©	6(N21)	6(N21)	-	N		󰃠	EANM161	
o0903005	ACN©	1(N22)	1(N22)	-	N		𒖌	EANM162	
o0903006	ACN©	2(N22)	2(N22)	-	N		𒖍	EANM163	
o0903007	ADD©	1(N22~v)	1(N22~v)	-	N		󰃽	EANM164	
o0903008	ACN	1(N22@f)	1(N22@f)	-	N		𒙪	EANM165	
o0903009	ACN	2(N22@f)	2(N22@f)	-	N		𒙫	EANM166	
o0903010	Pelm©	1(N23)	1(N23)	-	N		󰃾	EANM167	
o0903011	Pelm©	2(N23)	2(N23)	-	N		󰃿	EANM168	
o0903012	Pelm©	3(N23)	3(N23)	-	N		󰄀	EANM169	
o0903013	Pelm	5(N23)	5(N23)	-	N		󰄁	EANM170	
o0903014	Pelm©	7(N23)	7(N23)	-	N		󰄂	EANM171	
o0903016	ACN©	1(N24)	1(N24)	-	N		𒖪	EANM172	
o0903019	ADD	2(N24)	2(N24)	-	N		󰄃	EANM173	
o0903020	ADD	4(N24)	4(N24)	-	N		󰄄	EANM174	
o0903021	ADD	6(N24)	6(N24)	-	N		󰄅	EANM175	
o0903015	ADD©	1(N24@f)	1(N24@f)	-	N		󰄆	EANM176	
o0903334	ACN©	1(N24A)	1(N24A)	-	N		𒗪	EANM177	
o0903336	ACN©	1(N24B)	1(N24B)	-	N		𒗾	EANM178	
o0903022	ACN©	1(N25)	1(N25)	-	N		𒘣	EANM179	
o0903023	ACN©	1(N26)	1(N26)	-	N	𒖫	𒖫,󰂡	EANM180	
o0903337	ACN©	1(N26B)	1(N26B)	-	N		𒗿	EANM181	
o0903026	ACN©	1(N27)	1(N27)	-	N	𒘤	𒘤,󰂢	EANM182	
o0903028	ACN©	1(N28)	1(N28)	-	N		𒖬	EANM183	
o0903338	ACN©	1(N28B)	1(N28B)	-	N		𒘀	EANM184	
o0903340	ACN©	1(N28C)	1(N28C)	-	N		𒘥	EANM185	
o0903039	ACN©	1(N29A)	1(N29A)	-	N	𒖭	𒖭,󰂣	EANM186	
o0903037	ADD©	2(N29A)	2(N29A)	-	N		󰄇	EANM187	
o0903040	ACN©	1(N29AB)	1(N29AB)	-	N		𒘁	EANM188	
o0903043	ADD©	2(N29AB)	2(N29AB)	-	N		󰄊	EANM189	
o0903041	ACN	1(N29AC)	1(N29AC)	-	N		𒘦	EANM190	
o0903308	ACN©	1(N29B)	1(N29B)	-	N		𒖮	EANM191	
o0903038	ADD©	2(N29B)	2(N29B)	-	N		󰄈	EANM192	
o0903035	ADD©	1(N29C)	1(N29C)	-	N		󰄉	EANM193	
o0903051	ACN©	1(N30A)	1(N30A)	-	N	𒖯	𒖯,󰂤	EANM194	
o0903342	ACN©	1(N30AC)	1(N30AC)	-	N		𒘧	EANM195	
o0903047	ADD©	1(N30B)	1(N30B)	-	N		󰄋	EANM196	
o0903053	ACN©	1(N30C)	1(N30C)	-	N		𒖰	EANM197	
o0903562	ADD©	1(N30CA)	1(N30CA)	-	N		󳂁	EANM198	
o0903054	ADD	1(N30CB)	1(N30CB)	-	N		󰄌	EANM199	
o0903343	ACN	1(N30CC)	1(N30CC)	-	N		𒘨	EANM200	
o0903309	ACN©	1(N30D)	1(N30D)	-	N		𒖱	EANM201	
o0903310	ACN©	1(N30E)	1(N30E)	-	N		𒖲	EANM202	
o0903056	ACN©	1(N31)	1(N31)	-	N		𒖳	EANM203	
o0903057	ACN©	1(N32)	1(N32)	-	N		𒖴	EANM204	
o0903058	ACN©	1(N33)	1(N33)	-	N		𒖵	EANM205	
o0903059	ACN©	1(N34)	1(N34)	-	N		𒕫	EANM206	
o0903060	ADD©	|1(N34)×1(N58)|	|1(N34)×1(N58)|	-	N		󰄭	EANM207	
o0903061	ACN©	2(N34)	2(N34)	-	N	𒕬	𒕬,󰂥	EANM208	
o0903062	ACN©	3(N34)	3(N34)	-	N	𒕭	𒕭,󰂦	EANM209	
o0903063	ACN©	4(N34)	4(N34)	-	N		𒕮	EANM210	
o0903064	ACN©	5(N34)	5(N34)	-	N	𒕯	𒕯,󰂧	EANM211	
o0903065	ACN©	6(N34)	6(N34)	-	N	𒕰	𒕰,󰂨	EANM212	
o0903066	ACN©	7(N34)	7(N34)	-	N	𒕱	𒕱,󰂩	EANM213	
o0903067	ACN©	8(N34)	8(N34)	-	N	𒕲	𒕲,󰂪	EANM214	
o0903068	ACN©	9(N34)	9(N34)	-	N	𒕳	𒕳,󰂫	EANM215	
o0903070	ACN©	1(N34@f)	1(N34@f)	-	N		𒙟	EANM216	
o0903071	ACN	2(N34@f)	2(N34@f)	-	N		𒙠	EANM217	
o0903072	ACN	3(N34@f)	3(N34@f)	-	N		𒙡	EANM218	
o0903073	ACN	4(N34@f)	4(N34@f)	-	N		𒙢	EANM219	
o0903074	ACN	5(N34@f)	5(N34@f)	-	N	𒙣	𒙣,󰂬	EANM220	
o0903075	ACN	6(N34@f)	6(N34@f)	-	N	𒙤	𒙤,󰂭	EANM221	
o0903076	ACN©	7(N34@f)	7(N34@f)	-	N	𒙥	𒙥,󰂮	EANM222	
o0903077	ACN	8(N34@f)	8(N34@f)	-	N	𒙦	𒙦,󰂯	EANM223	
o0903078	ACN	9(N34@f)	9(N34@f)	-	N	𒙧	𒙧,󰂰	EANM224	
o0903069	ACN	1(N34@f@t)	1(N34@f@t)	-	N		𒙵	EANM225	
o0903079	ACN©	1(N35)	1(N35)	-	N		𒗌	EANM226	
o0903080	ACN©	2(N35)	2(N35)	-	N	𒗍	𒗍,󰂱	EANM227	
o0903319	ACN	3(N35)	3(N35)	-	N		𒗎	EANM228	
o0903320	ACN	4(N35)	4(N35)	-	N		𒗏	EANM229	
o0903081	ACN©	5(N35)	5(N35)	-	N	𒗐	𒗐,󰂲	EANM230	
o0903082	ACN©	1(N36)	1(N36)	-	N		𒘖	EANM231	
o0903083	ACN©	2(N36)	2(N36)	-	N	𒘗	𒘗,󰂳	EANM232	
o0903084	ACN©	3(N36)	3(N36)	-	N	𒘘	𒘘,󰂴	EANM233	
o0903085	ACN©	4(N36)	4(N36)	-	N		𒘙	EANM234	
o0903086	ACN©	5(N36)	5(N36)	-	N	𒘚	𒘚,󰂵	EANM235	
o0903087	ACN	6(N36)	6(N36)	-	N	𒘛	𒘛,󰂶	EANM236	
o0903088	ACN	7(N36)	7(N36)	-	N	𒘜	𒘜,󰂷	EANM237	
o0903089	ACN	8(N36)	8(N36)	-	N	𒘝	𒘝,󰂸	EANM238	
o0903090	ACN©	9(N36)	9(N36)	-	N	𒘞	𒘞,󰂹	EANM239	
o0903091	ACN	1(N36@f)	1(N36@f)	-	N		𒚆	EANM240	
o0903092	ACN©	1(N37)	1(N37)	-	N		𒙁	EANM241	
o0903093	ACN©	2(N37)	2(N37)	-	N	𒙂	𒙂,󰂺	EANM242	
o0903094	ACN©	1(N38)	1(N38)	-	N		𒗟	EANM243	
o0903311	ACN©	1(N39A)	1(N39A)	-	N		𒖶	EANM244	
o0903312	ACN©	2(N39A)	2(N39A)	-	N		𒖷	EANM245	
o0903313	ACN©	3(N39A)	3(N39A)	-	N		𒖸	EANM246	
o0903314	ACN©	4(N39A)	4(N39A)	-	N		𒖹	EANM247	
o0903315	ACN©	1(N39B)	1(N39B)	-	N		𒖺	EANM248	
o0903316	ACN©	2(N39B)	2(N39B)	-	N		𒖻	EANM249	
o0903317	ACN©	3(N39B)	3(N39B)	-	N		𒖼	EANM250	
o0903318	ACN©	4(N39B)	4(N39B)	-	N		𒖽	EANM251	
o0903111	ACN©	1(N40)	1(N40)	-	N		𒗫	EANM252	
o0903112	ACN©	2(N40)	2(N40)	-	N		𒗬	EANM253	
o0903113	ACN©	3(N40)	3(N40)	-	N		𒗭	EANM254	
o0903114	ACN©	4(N40)	4(N40)	-	N		𒗮	EANM255	
o0903115	ACN©	1(N41)	1(N41)	-	N		𒘂	EANM256	
o0903116	ACN©	2(N41)	2(N41)	-	N		𒘃	EANM257	
o0903117	ACN©	3(N41)	3(N41)	-	N		𒘄	EANM258	
o0903118	ACN©	4(N41)	4(N41)	-	N		𒘅	EANM259	
o0903344	ACN©	1(N42A)	1(N42A)	-	N		𒘩	EANM260	
o0903345	ACN©	2(N42A)	2(N42A)	-	N		𒘪	EANM261	
o0903346	ACN©	3(N42A)	3(N42A)	-	N		𒘫	EANM262	
o0903347	ACN©	4(N42A)	4(N42A)	-	N		𒘬	EANM263	
o0903348	ACN	1(N42B)	1(N42B)	-	N		𒘭	EANM264	
o0903349	ACN©	2(N42B)	2(N42B)	-	N		𒘮	EANM265	
o0903350	ACN	3(N42B)	3(N42B)	-	N		𒘯	EANM266	
o0903351	ACN	4(N42B)	4(N42B)	-	N		𒘰	EANM267	
o0903131	ADD©	1(N43)	1(N43)	-	N		󰄍	EANM268	
o0903132	ADD©	4(N43)	4(N43)	-	N		󰄎	EANM269	
o0903133	DNE©	1(N44)	1(N44)	-	N		󰃡	EANM270	
o0903134	ACN©	1(N45)	1(N45)	-	N		𒕹	EANM271	
o0903137	ACN©	2(N45)	2(N45)	-	N	𒕺	𒕺,󰂻	EANM272	
o0903138	ACN©	3(N45)	3(N45)	-	N		𒕻	EANM273	
o0903139	ACN	4(N45)	4(N45)	-	N		𒕼	EANM274	
o0903140	ACN©	5(N45)	5(N45)	-	N	𒕽	𒕽,󰂼	EANM275	
o0903141	ACN©	6(N45)	6(N45)	-	N	𒕾	𒕾,󰂽	EANM276	
o0903142	ACN	7(N45)	7(N45)	-	N	𒕿	𒕿,󰂾	EANM277	
o0903306	ACN	8(N45)	8(N45)	-	N		𒖀	EANM278	
o0903143	ACN©	9(N45)	9(N45)	-	N	𒖁	𒖁,󰂿	EANM279	
o0903144	ACN	1(N45@f)	1(N45@f)	-	N		𒙨	EANM280	
o0903145	ACN	2(N45@f)	2(N45@f)	-	N		𒙩	EANM281	
o0903146	OOR	3(N45@f)	3(N45@f)	-	N		󰃢	EANM282	
o0903147	OOR	4(N45@f)	4(N45@f)	-	N		󰃣	EANM283	
o0903148	OOR	5(N45@f)	5(N45@f)	-	N		󰃤	EANM284	
o0903149	OOR	6(N45@f)	6(N45@f)	-	N		󰃥	EANM285	
o0903150	OOR	7(N45@f)	7(N45@f)	-	N		󰃦	EANM286	
o0903151	OOR	8(N45@f)	8(N45@f)	-	N		󰃧	EANM287	
o0903152	OOR	9(N45@f)	9(N45@f)	-	N		󰃨	EANM288	
o0903335	ACN©	1(N45A)	1(N45A)	-	N		𒗽	EANM289	
o0903153	ACN©	1(N46)	1(N46)	-	N		𒘔	EANM290	
o0903154	ACN©	2(N46)	2(N46)	-	N	𒘕	𒘕,󰃀	EANM291	
o0903155	OOR©	3(N46)	3(N46)	-	N		󰃩	EANM292	
o0903156	ACN	1(N46@f)	1(N46@f)	-	N		𒚄	EANM293	
o0903157	ACN	2(N46@f)	2(N46@f)	-	N		𒚅	EANM294	
o0903158	ACN©	1(N47)	1(N47)	-	N		𒘿	EANM295	
o0903159	ACN©	2(N47)	2(N47)	-	N	𒙀	𒙀,󰃁	EANM296	
o0903160	OOR	3(N47)	3(N47)	-	N		󰃪	EANM297	
o0903161	ACN©	1(N48)	1(N48)	-	N		𒕴	EANM298	
o0903162	ACN©	2(N48)	2(N48)	-	N	𒕵	𒕵,󰃂	EANM299	
o0903163	ACN©	3(N48)	3(N48)	-	N	𒕶	𒕶,󰃃	EANM300	
o0903164	ACN©	4(N48)	4(N48)	-	N		𒕷	EANM301	
o0903165	ACN	5(N48)	5(N48)	-	N	𒕸	𒕸,󰃄	EANM302	
o0903166	OOR	6(N48)	6(N48)	-	N		󰃫	EANM303	
o0903167	OOR	7(N48)	7(N48)	-	N		󰃬	EANM304	
o0903168	ADD	1(N48@f)	1(N48@f)	-	N		󰄏	EANM305	
o0903169	ACN©	1(N49)	1(N49)	-	N		𒘟	EANM306	
o0903170	ACN©	2(N49)	2(N49)	-	N	𒘠	𒘠,󰃅	EANM307	
o0903171	ACN©	3(N49)	3(N49)	-	N	𒘡	𒘡,󰃆	EANM308	
o0903172	ACN©	4(N49)	4(N49)	-	N		𒘢	EANM309	
o0903173	OOR	5(N49)	5(N49)	-	N		󰃭	EANM310	
o0903174	ACN©	1(N50)	1(N50)	-	N		𒖂	EANM311	
o0903175	ACN©	2(N50)	2(N50)	-	N	𒖃	𒖃,󰃇	EANM312	
o0903176	ACN©	3(N50)	3(N50)	-	N		𒖄	EANM313	
o0903177	ACN©	4(N50)	4(N50)	-	N		𒖅	EANM314	
o0903178	ACN©	5(N50)	5(N50)	-	N	𒖆	𒖆,󰃈	EANM315	
o0903188	ACN©	1(N51)	1(N51)	-	N		𒖚	EANM316	
o0903189	ACN©	2(N51)	2(N51)	-	N	𒖛	𒖛,󰃉	EANM317	
o0903190	ACN©	3(N51)	3(N51)	-	N		𒖜	EANM318	
o0903191	ACN©	4(N51)	4(N51)	-	N		𒖝	EANM319	
o0903192	ACN©	5(N51)	5(N51)	-	N	𒖞	𒖞,󰃊	EANM320	
o0903193	ACN©	6(N51)	6(N51)	-	N	𒖟	𒖟,󰃋	EANM321	
o0903194	ACN©	7(N51)	7(N51)	-	N	𒖠	𒖠,󰃌	EANM322	
o0903195	ACN©	8(N51)	8(N51)	-	N	𒖡	𒖡,󰃍	EANM323	
o0903307	ACN	9(N51)	9(N51)	-	N		𒖢	EANM324	
o0903179	ACN	1(N51@f)	1(N51@f)	-	N		𒙬	EANM325	
o0903180	ACN	2(N51@f)	2(N51@f)	-	N	𒙭	𒙭,󰃎	EANM326	
o0903181	ACN	3(N51@f)	3(N51@f)	-	N		𒙮	EANM327	
o0903182	ACN	4(N51@f)	4(N51@f)	-	N		𒙯	EANM328	
o0903183	ACN	5(N51@f)	5(N51@f)	-	N	𒙰	𒙰,󰃏	EANM329	
o0903184	ACN	6(N51@f)	6(N51@f)	-	N	𒙱	𒙱,󰃐	EANM330	
o0903185	ACN	7(N51@f)	7(N51@f)	-	N	𒙲	𒙲,󰃑	EANM331	
o0903186	ACN	8(N51@f)	8(N51@f)	-	N	𒙳	𒙳,󰃒	EANM332	
o0903187	ACN	9(N51@f)	9(N51@f)	-	N	𒙴	𒙴,󰃓	EANM333	
o0903196	ACN©	1(N52)	1(N52)	-	N		𒗠	EANM334	
o0903197	ACN©	2(N52)	2(N52)	-	N	𒗡	𒗡,󰃔	EANM335	
o0903198	ACN©	3(N52)	3(N52)	-	N		𒗢	EANM336	
o0903199	ACN©	4(N52)	4(N52)	-	N		𒗣	EANM337	
o0903200	ACN©	5(N52)	5(N52)	-	N	𒗤	𒗤,󰃕	EANM338	
o0903330	ACN	6(N52)	6(N52)	-	N		𒗥	EANM339	
o0903331	ACN	7(N52)	7(N52)	-	N		𒗦	EANM340	
o0903332	ACN	8(N52)	8(N52)	-	N		𒗧	EANM341	
o0903333	ACN	9(N52)	9(N52)	-	N		𒗨	EANM342	
o0903201	DNE©	3(N53)	3(N53)	-	N		󰃮	EANM343	
o0903202	ACN©	1(N54)	1(N54)	-	N		𒖣	EANM344	
o0903203	ACN©	2(N54)	2(N54)	-	N	𒖤	𒖤,󰃖	EANM345	
o0903204	ACN©	3(N54)	3(N54)	-	N		𒖥	EANM346	
o0903205	ACN	4(N54)	4(N54)	-	N		𒖦	EANM347	
o0903206	ACN©	5(N54)	5(N54)	-	N	𒖧	𒖧,󰃗	EANM348	
o0903207	DNE©	1(N55)	1(N55)	-	N		󰃯	EANM349	
o0903208	ACN	1(N56)	1(N56)	-	N		𒖨	EANM350	
o0903209	ACN©	2(N56)	2(N56)	-	N	𒖩	𒖩,󰃘	EANM351	
o0903295	ADD©	1(N59)	1(N59)	-	N		󰄤	EANM373	
o0903296	ADD©	2(N59)	2(N59)	-	N		󰄥	EANM374	
o0903297	ADD©	3(N59)	3(N59)	-	N		󰄦	EANM375	
o0903298	ADD©	4(N59)	4(N59)	-	N		󰄧	EANM376	
o0903299	ADD©	6(N59)	6(N59)	-	N		󰄨	EANM377	
o0903300	DNE©	7(N59)	7(N59)	-	N		󳂀	EANM378	
o0903301	ACN©	1(N60)	1(N60)	-	N		𒗩	EANM379	
o0903302	ADD©	3(N61)	3(N61)	-	N		󰄩	EANM380	
o0903303	ADD©	4(N62)	4(N62)	-	N		󰄪	EANM381	
o0903304	ADD	1(N63)	1(N63)	-	N		󰄫	EANM382	
