o0902932	n	3(N14)--	3(N14)
o0902859	n	2(N01)--	2(N01)
o0900064	s	AL--	AL
o0903222	n	2(N57)--	2(N57)
o0901407	s	MUN~a1--	MUN~a1
o0901626	s	PA~a--	PA~a
o0901082	s	KAŠ~c--	KAŠ~c
o0900217	s	DA~a--	DA~a
o0901899	s	SUKUD@g~d--	SUKUD@g~d
o0901501	s	NI~a--	NI~a
o0902161	s	U₄--	U₄
o0902033	s	ŠU--	ŠU
o0902506	s	ZATU659--	ZATU659
o0900175	s	BU~a--	BU~a
o0901946	s	ŠE~a--	ŠE~a
o0902060	s	ŠUBUR--	ŠUBUR
o0900516	s	EN~a--	EN~a
o0902158	s	U₂~b--	U₂~b
o0900279	s	DU--	DU
o0900594	s	EZINU~a--	EZINU~a
o0900516	s	EN~a--	EN~a
o0902506	s	ZATU659--	ZATU659
o0902506	s	ZATU659--	ZATU659
o0902033	s	ŠU--	ŠU
o0902033	s	ŠU--	ŠU
o0900175	s	BU~a--	BU~a
o0900806	s	GI--	GI
o0902040	s	ŠU₂--	ŠU₂
o0901639	s	PAP~a--	PAP~a
o0903234	n	3(N57)--	3(N57)
o0901697	s	SAL--	SAL
o0903234	n	3(N57)--	3(N57)
o0900000	s	A--	A
o0900175	s	BU~a--	BU~a
o0902302	s	UR~a--	UR~a
o0903234	n	3(N57)--	3(N57)
o0900269	s	DIM~a--	DIM~a
o0900516	s	EN~a--	EN~a
o0900883	c	|(GIŠ×ŠU₂)~a|--	|GIŠ×ŠU₂~a|
o0902033	s	ŠU--	ŠU
o0902033	s	ŠU--	ŠU
o0900552	s	EZEN~b--	EZEN~b
o0900516	s	EN~a--	EN~a
o0902040	s	ŠU₂--	ŠU₂
o0901697	s	SAL--	SAL
o0900516	s	EN~a--	EN~a
o0900082	s	AMAR--	AMAR
o0902033	s	ŠU--	ŠU
o0900493	s	E₂~a--	E₂~a
o0900175	s	BU~a--	BU~a
o0900269	s	DIM~a--	DIM~a
o0901639	s	PAP~a--	PAP~a
o0901918	s	ŠA₃~a1--	ŠA₃~a1
o0900000	s	A--	A
o0902094	s	TAK₄~a--	TAK₄~a
o0901468	s	NAM₂--	NAM₂
o0900124	s	BAHAR₂~a--	BAHAR₂~a
o0900516	s	EN~a--	EN~a
o0900516	s	EN~a--	EN~a
o0902158	s	U₂~b--	U₂~b
o0900960	s	HI--	HI
o0900124	s	BAHAR₂~a--	BAHAR₂~a
o0903234	n	3(N57)--	3(N57)
o0903268	n	6(N57)--	6(N57)
o0902221	s	U₈--	U₈
o0902866	n	9(N01)--	9(N01)
o0900516	s	EN~a--	EN~a
o0902142	s	TUR--	TUR
o0901626	s	PA~a--	PA~a
o0902136	s	TUN₃~a--	TUN₃~a
o0901678	s	SAG--	SAG
o0900960	s	HI--	HI
o0901524	s	NIN--	NIN
o0901725	s	SI--	SI
o0900162	s	BARA₃--	BARA₃
o0901501	s	NI~a--	NI~a
o0900860	s	GIR₃~c--	GIR₃~c
o0900199	c	|BU~a+DU₆~a|--	|BU~a+DU₆~a|
o0900935	s	GUL--	GUL
o0900269	s	DIM~a--	DIM~a
o0901639	s	PAP~a--	PAP~a
o0901697	s	SAL--	SAL
o0900228	s	DAR~a--	DAR~a
o0901101	s	KID~e--	KID~e
o0901592	s	NUN~a--	NUN~a
o0900516	s	EN~a--	EN~a
o0901339	c	|MAH~b×NA~a|--	|MAH~b×NA~a|
o0902864	n	7(N01)--	7(N01)
o0902207	c	|U₄×2(N57)|--	|U₄×2(N57)|
o0902142	s	TUR--	TUR
o0902040	s	ŠU₂--	ŠU₂
o0901697	s	SAL--	SAL
o0902064	s	ŠUR₂~b--	ŠUR₂~b
o0902103	s	TI--	TI
o0901871	s	SU~a--	SU~a
o0900516	s	EN~a--	EN~a
o0900229	s	DAR~b--	DAR~b
o0900493	s	E₂~a--	E₂~a
o0900883	c	|(GIŠ×ŠU₂)~a|--	|GIŠ×ŠU₂~a|
o0900516	s	EN~a--	EN~a
o0901725	s	SI--	SI
o0900493	s	E₂~a--	E₂~a
o0901380	s	ME~a--	ME~a
o0903234	n	3(N57)--	3(N57)
o0901697	s	SAL--	SAL
o0902859	n	2(N01)--	2(N01)
o0902206	c	|U₄×1(N57)|--	|U₄×1(N57)|
o0902142	s	TUR--	TUR
o0900175	s	BU~a--	BU~a
o0900806	s	GI--	GI
o0901639	s	PAP~a--	PAP~a
o0900956	s	HAL--	HAL
o0902929	n	1(N14)--	1(N14)
o0902859	n	2(N01)--	2(N01)
o0902208	c	|U₄×3(N57)|--	|U₄×3(N57)|
o0902142	s	TUR--	TUR
o0901771	s	SIG₇--	SIG₇
o0901426	s	MUŠEN--	MUŠEN
o0900516	s	EN~a--	EN~a
o0902158	s	U₂~b--	U₂~b
o0900279	s	DU--	DU
o0902506	s	ZATU659--	ZATU659
o0900806	s	GI--	GI
o0901918	s	ŠA₃~a1--	ŠA₃~a1
o0901682	c	|SAG×GEŠTU~b|--	|SAG×GEŠTU~b|
o0900875	s	GIŠ--	GIŠ
o0900908	s	GU₄--	GU₄
o0901697	s	SAL--	SAL
o0900516	s	EN~a--	EN~a
o0900516	s	EN~a--	EN~a
o0902158	s	U₂~b--	U₂~b
o0900012	s	AB~a--	AB~a
o0900871	s	GIR₃@g~c--	GIR₃@g~c
o0900516	s	EN~a--	EN~a
o0900493	s	E₂~a--	E₂~a
o0900175	s	BU~a--	BU~a
o0903234	n	3(N57)--	3(N57)
o0901618	s	NUNUZ~c--	NUNUZ~c
o0900493	s	E₂~a--	E₂~a
o0900860	s	GIR₃~c--	GIR₃~c
o0901725	s	SI--	SI
o0900053	s	AD~a--	AD~a
o0900089	s	AN--	AN
o0902929	n	1(N14)--	1(N14)
o0902858	n	1(N01)--	1(N01)
o0900064	s	AL--	AL
o0901946	s	ŠE~a--	ŠE~a
o0901426	s	MUŠEN--	MUŠEN
o0901005	s	IN~b--	IN~b
o0900516	s	EN~a--	EN~a
o0900956	s	HAL--	HAL
o0901639	s	PAP~a--	PAP~a
o0902146	s	TUR₃~a--	TUR₃~a
o0903264	n	5(N57)--	5(N57)
o0901639	s	PAP~a--	PAP~a
o0900089	s	AN--	AN
o0902102	s	TE--	TE
o0901090	s	KI--	KI
o0900729	s	GAL~a--	GAL~a
o0902830	s	ZI~a--	ZI~a
o0900493	s	E₂~a--	E₂~a
o0902739	s	ZATU773~a--	ZATU773~a
o0901376	s	MAŠ--	MAŠ
o0901158	s	KUR~a--	KUR~a
o0900516	s	EN~a--	EN~a
o0900089	s	AN--	AN
o0900493	s	E₂~a--	E₂~a
o0900175	s	BU~a--	BU~a
o0901946	s	ŠE~a--	ŠE~a
o0901421	s	MUŠ₃~a--	MUŠ₃~a
o0901588	s	NU₁₁@t--	NU₁₁@t
o0902859	n	2(N01)--	2(N01)
o0900516	s	EN~a--	EN~a
o0902142	s	TUR--	TUR
o0900124	s	BAHAR₂~a--	BAHAR₂~a
o0900175	s	BU~a--	BU~a
o0900175	s	BU~a--	BU~a
o0900279	s	DU--	DU
o0902860	n	3(N01)--	3(N01)
o0902206	c	|U₄×1(N57)|--	|U₄×1(N57)|
o0902142	s	TUR--	TUR
o0900616	s	GA₂~a1--	GA₂~a1
o0900516	s	EN~a--	EN~a
o0900906	s	GU--	GU
o0902040	s	ŠU₂--	ŠU₂
o0900175	s	BU~a--	BU~a
o0903210	n	1(N57)--	1(N57)
o0900000	s	A--	A
o0901483	s	NE~a--	NE~a
o0902860	n	3(N01)--	3(N01)
o0902207	c	|U₄×2(N57)|--	|U₄×2(N57)|
o0902142	s	TUR--	TUR
o0903602	c	|GI&GI&GI|--	|GI&GI&GI|
o0900516	s	EN~a--	EN~a
o0901584	s	NU--	NU
o0902247	c	|UDU~a×TAR~a|--	|(UDU~a×TAR)~a|
o0900516	s	EN~a--	EN~a
o0902028	s	ŠITA@g~a--	ŠITA@g~a
o0900012	s	AB~a--	AB~a
o0902861	n	4(N01)--	4(N01)
o0902208	c	|U₄×3(N57)|--	|U₄×3(N57)|
o0902142	s	TUR--	TUR
o0903234	n	3(N57)--	3(N57)
o0900485	s	DUR₂--	DUR₂
o0900199	c	|BU~a+DU₆~a|--	|BU~a+DU₆~a|
o0900516	s	EN~a--	EN~a
o0900000	s	A--	A
o0900935	s	GUL--	GUL
o0901678	s	SAG--	SAG
o0902506	s	ZATU659--	ZATU659
o0903210	n	1(N57)--	1(N57)
o0901407	s	MUN~a1--	MUN~a1
o0902933	n	4(N14)--	4(N14)
o0902860	n	3(N01)--	3(N01)
o0900064	s	AL--	AL
o0902929	n	1(N14)--	1(N14)
o0902858	n	1(N01)--	1(N01)
o0900516	s	EN~a--	EN~a
o0902142	s	TUR--	TUR
o0902862	n	5(N01)--	5(N01)
o0902206	c	|U₄×1(N57)|--	|U₄×1(N57)|
o0902142	s	TUR--	TUR
o0902929	n	1(N14)--	1(N14)
o0902207	c	|U₄×2(N57)|--	|U₄×2(N57)|
o0902142	s	TUR--	TUR
o0902929	n	1(N14)--	1(N14)
o0902863	n	6(N01)--	6(N01)
o0902208	c	|U₄×3(N57)|--	|U₄×3(N57)|
o0902142	s	TUR--	TUR
o0903059	n	1(N34)--	1(N34)
o0902930	n	2(N14)--	2(N14)
o0902862	n	5(N01)--	5(N01)
o0903210	n	1(N57)--	1(N57)
o0903222	n	2(N57)--	2(N57)
o0901407	s	MUN~a1--	MUN~a1
o0901871	s	SU~a--	SU~a
o0901639	s	PAP~a--	PAP~a
o0903282	c	|1(N58).BAD|--	|1(N58).BAD~a|
o0901725	s	SI--	SI
o0900089	s	AN--	AN
o0900053	s	AD~a--	AD~a
o0900845	s	GIR~a--	GIR~a
o0902858	n	1(N01)--	1(N01)
o0902818	s	ZATU850--	ZATU850
o0902859	n	2(N01)--	2(N01)
o0901919	s	ŠA₃~a2--	ŠA₃~b1
o0902859	n	2(N01)--	2(N01)
o0902156	s	U₂~a--	U₂~a
o0902858	n	1(N01)--	1(N01)
o0901609	c	|NUN~b+EN~a|--	|EN~a+NUN~b|
o0902858	n	1(N01)--	1(N01)
o0901887	s	SUKKAL--	SUKKAL
o0902858	n	1(N01)--	1(N01)
o0900516	s	EN~a--	EN~a
o0901090	s	KI--	KI
o0902858	n	1(N01)--	1(N01)
o0901136	s	KU~a--	KU~a
o0901961	s	ŠE~a@t--	ŠE~a@t
o0902858	n	1(N01)--	1(N01)
o0901725	s	SI--	SI
o0900000	s	A--	A
o0902858	n	1(N01)--	1(N01)
o0900516	s	EN~a--	EN~a
o0903368	s	X--	X
o0902859	n	2(N01)--	2(N01)
o0901725	s	SI--	SI
o0900053	s	AD~a--	AD~a
o0902859	n	2(N01)--	2(N01)
o0901044	s	KAB--	KAB
o0902060	s	ŠUBUR--	ŠUBUR
o0902858	n	1(N01)--	1(N01)
o0903234	n	3(N57)--	3(N57)
o0901639	s	PAP~a--	PAP~a
o0902858	n	1(N01)--	1(N01)
o0901725	s	SI--	SI
o0903368	s	X--	X
o0900806	s	GI--	GI
o0902929	n	1(N14)--	1(N14)
o0901711	s	SANGA~a--	SANGA~a
o0902858	n	1(N01)--	1(N01)
o0900082	s	AMAR--	AMAR
o0902858	n	1(N01)--	1(N01)
o0902596	s	ZATU703--	ZATU703
o0902858	n	1(N01)--	1(N01)
o0900279	s	DU--	DU
o0902858	n	1(N01)--	1(N01)
o0901966	s	ŠEG₉--	ŠEG₉
o0902858	n	1(N01)--	1(N01)
o0900488	s	E~b--	E~b
o0901609	c	|NUN~b+EN~a|--	|EN~a+NUN~b|
o0902858	n	1(N01)--	1(N01)
o0903368	s	X--	X
o0900100	s	APIN~a--	APIN~a
o0900920	s	GUG₂--	GUG₂
o0902932	n	3(N14)--	3(N14)
o0902859	n	2(N01)--	2(N01)
o0901129	s	KIŠ--	KIŠ
o0901639	s	PAP~a--	PAP~a
o0900806	s	GI--	GI
o0902869	n	1(N02)--	1(N02)
o0902860	n	3(N01)--	3(N01)
o0902033	s	ŠU--	ŠU
o0900983	s	IB~a--	IB~a
o0903368	s	X--	X
o0902859	n	2(N01)--	2(N01)
o0901145	s	KU₆~a--	KU₆~a
o0902858	n	1(N01)--	1(N01)
o0902235	s	UD₅~a--	UD₅~a
o0902863	n	6(N01)--	6(N01)
o0901129	s	KIŠ--	KIŠ
o0901725	s	SI--	SI
o0901075	s	KASKAL--	KASKAL
o0901711	s	SANGA~a--	SANGA~a
o0903619	c	|NUN~a+EN~a|--	|NUN~a+EN~a|
o0902858	n	1(N01)--	1(N01)
o0902161	s	U₄--	U₄
o0902605	s	ZATU710--	ZATU710
o0901946	s	ŠE~a--	ŠE~a
o0902859	n	2(N01)--	2(N01)
o0902605	s	ZATU710--	ZATU710
o0903188	n	1(N51)--	1(N51)
o0903059	n	1(N34)--	1(N34)
o0901951	c	|ŠE~a.GAR|--	|ŠE~a.GAR|
o0900912	s	GU₇--	GU₇
o0902938	n	7(N14)--	7(N14)
o0902858	n	1(N01)--	1(N01)
o0903234	n	3(N57)--	3(N57)
o0901648	s	PIRIG~b1--	PIRIG~b1
o0901946	s	ŠE~a--	ŠE~a
o0902938	n	7(N14)--	7(N14)
o0900229	s	DAR~b--	DAR~b
o0900493	s	E₂~a--	E₂~a
o0900154	s	BAR--	BAR
o0902929	n	1(N14)--	1(N14)
o0901946	s	ŠE~a--	ŠE~a
o0901671	s	RU--	RU
o0902930	n	2(N14)--	2(N14)
o0900175	s	BU~a--	BU~a
o0902142	s	TUR--	TUR
o0903368	s	X--	X
o0901145	s	KU₆~a--	KU₆~a
o0901115	s	KISAL~b1--	KISAL~b1
o0900115	s	BA--	BA
o0903059	n	1(N34)--	1(N34)
o0902932	n	3(N14)--	3(N14)
o0902859	n	2(N01)--	2(N01)
o0903368	s	X--	X
o0902933	n	4(N14)--	4(N14)
o0901524	s	NIN--	NIN
o0902293	s	UNUG~a--	UNUG~a
o0901626	s	PA~a--	PA~a
o0901946	s	ŠE~a--	ŠE~a
o0902869	n	1(N02)--	1(N02)
o0902711	s	ZATU759--	ZATU759
o0902063	s	ŠUR₂~a--	ŠUR₂~a
o0900089	s	AN--	AN
o0900938	s	GUM~b--	GUM~b
o0902929	n	1(N14)--	1(N14)
o0902972	n	1(N19)--	1(N19)
o0901947	s	ŠE~b--	ŠE~b
o0901090	s	KI--	KI
o0901524	s	NIN--	NIN
o0900912	s	GU₇--	GU₇
o0902869	n	1(N02)--	1(N02)
o0902859	n	2(N01)--	2(N01)
o0902250	s	UDUNITA~a--	UDUNITA~a
o0902859	n	2(N01)--	2(N01)
o0902402	s	UTUA~b--	UTUA~b
o0902859	n	2(N01)--	2(N01)
o0902235	s	UD₅~a--	UD₅~a
o0902860	n	3(N01)--	3(N01)
o0901377	s	MAŠ₂--	MAŠ₂
o0902858	n	1(N01)--	1(N01)
o0901593	s	NUN~b--	NUN~b
o0902243	s	UDU~a--	UDU~a
o0902859	n	2(N01)--	2(N01)
o0903368	s	X--	X
o0902862	n	5(N01)--	5(N01)
o0903368	s	X--	X
o0901862	s	SILA₄~c--	SILA₄~c
o0900115	s	BA--	BA
o0900516	s	EN~a--	EN~a
o0900089	s	AN--	AN
o0901501	s	NI~a--	NI~a
o0902929	n	1(N14)--	1(N14)
o0902863	n	6(N01)--	6(N01)
o0902243	s	UDU~a--	UDU~a
o0900516	s	EN~a--	EN~a
o0900115	s	BA--	BA
o0900089	s	AN--	AN
o0901501	s	NI~a--	NI~a
o0902339	s	URU~a1--	URU~a1
o0902861	n	4(N01)--	4(N01)
o0900041	s	AB₂--	AB₂
o0902858	n	1(N01)--	1(N01)
o0900908	s	GU₄--	GU₄
o0901137	s	KU~b1--	KU~b1
o0901994	s	ŠIM~a--	ŠIM~a
o0902624	s	ZATU723--	ZATU723
o0902261	s	UKKIN~a--	UKKIN~a
o0902929	n	1(N14)--	1(N14)
o0900041	s	AB₂--	AB₂
o0902862	n	5(N01)--	5(N01)
o0902869	n	1(N02)--	1(N02)
o0901697	s	SAL--	SAL
o0901158	s	KUR~a--	KUR~a
o0901910	s	ŠA--	ŠA
o0903312	n	2(N39A)--	2(N39~a)
o0903368	s	X--	X
o0903313	n	3(N39A)--	3(N39~a)
o0902146	s	TUR₃~a--	TUR₃~a
o0901702	s	|SAL.ME~a|--	LUKUR
o0903028	n	1(N28)--	1(N28)
o0900309	s	DU₈~c@g--	DU₈~c@g
o0903210	n	1(N57)--	1(N57)
o0903368	s	X--	X
o0903028	n	1(N28)--	1(N28)
o0903368	s	X--	X
o0901639	s	PAP~a--	PAP~a
o0900976	s	HI@g~a--	HI@g~a
o0903311	n	1(N39A)--	1(N39~a)
o0902164	c	|U₄.2(N08)|--	|U₄.2(N08)|
o0902858	n	1(N01)--	1(N01)
o0903312	n	2(N39A)--	2(N39~a)
o0903028	n	1(N28)--	1(N28)
o0902858	n	1(N01)--	1(N01)
o0903028	n	1(N28)--	1(N28)
o0902142	s	TUR--	TUR
o0903016	n	1(N24)--	1(N24)
o0903028	n	1(N28)--	1(N28)
o0900920	s	GUG₂--	GUG₂
o0903311	n	1(N39A)--	1(N39~a)
o0903028	n	1(N28)--	1(N28)
o0901946	s	ŠE~a--	ŠE~a
o0902858	n	1(N01)--	1(N01)
o0903368	s	X--	X
o0903161	n	1(N48)--	1(N48)
o0903059	n	1(N34)--	1(N34)
o0902932	n	3(N14)--	3(N14)
o0902865	n	8(N01)--	8(N01)
o0901187	s	LAGAB~b--	LAGAB~b
o0902243	s	UDU~a--	UDU~a
o0900199	c	|BU~a+DU₆~a|--	|BU~a.DU₆~a|
o0902033	s	ŠU--	ŠU
o0900883	c	|(GIŠ×ŠU₂)~a|--	|GIŠ×ŠU₂~a|
o0903062	n	3(N34)--	3(N34)
o0902866	n	9(N01)--	9(N01)
o0902243	s	UDU~a--	UDU~a
o0903059	n	1(N34)--	1(N34)
o0902934	n	5(N14)--	5(N14)
o0902859	n	2(N01)--	2(N01)
o0900912	s	GU₇--	GU₇
o0903081	n	5(N35)--	5(N35)
o0902875	n	6(N02)--	6(N02)
o0901871	s	SU~a--	SU~a
o0903059	n	1(N34)--	1(N34)
o0902932	n	3(N14)--	3(N14)
o0902858	n	1(N01)--	1(N01)
o0902858	n	1(N01)--	1(N01)
o0902858	n	1(N01)--	1(N01)
o0902858	n	1(N01)--	1(N01)
o0902858	n	1(N01)--	1(N01)
o0903236	c	|3(N57).AZ|--	|3(N57).AZ|
o0902858	n	1(N01)--	1(N01)
o0900516	s	EN~a--	EN~a
o0901452	s	NAGA~a--	NAGA~a
o0902858	n	1(N01)--	1(N01)
o0900545	s	ERIN--	ERIN
o0902858	n	1(N01)--	1(N01)
o0901697	s	SAL--	SAL
o0901697	s	SAL--	SAL
o0903312	n	2(N39A)--	2(N39~a)
o0903016	n	1(N24)--	1(N24)
o0901111	s	KIR₁₁--	KIR₁₁
o0903312	n	2(N39A)--	2(N39~a)
o0903016	n	1(N24)--	1(N24)
o0901129	s	KIŠ--	KIŠ
o0903312	n	2(N39A)--	2(N39~a)
o0903016	n	1(N24)--	1(N24)
o0903234	n	3(N57)--	3(N57)
o0901639	s	PAP~a--	PAP~a
o0903312	n	2(N39A)--	2(N39~a)
o0903016	n	1(N24)--	1(N24)
o0901697	s	SAL--	SAL
o0900778	s	GAN₂--	GAN₂
o0903312	n	2(N39A)--	2(N39~a)
o0903016	n	1(N24)--	1(N24)
o0902146	s	TUR₃~a--	TUR₃~a
o0901380	s	ME~a--	ME~a
o0903312	n	2(N39A)--	2(N39~a)
o0903016	n	1(N24)--	1(N24)
o0901910	s	ŠA--	ŠA
o0901707	c	|SAL.ZATU751~c|--	|SAL.ZATU751~c|
o0903312	n	2(N39A)--	2(N39~a)
o0903016	n	1(N24)--	1(N24)
o0901697	s	SAL--	SAL
o0900000	s	A--	A
o0903312	n	2(N39A)--	2(N39~a)
o0903016	n	1(N24)--	1(N24)
o0902111	s	TU~a--	TU~a
o0900858	s	GIR₃~a--	GIR₃~a
o0902858	n	1(N01)--	1(N01)
o0901697	s	SAL--	SAL
o0902302	s	UR~a--	UR~a
o0903368	s	X--	X
o0903312	n	2(N39A)--	2(N39~a)
o0903016	n	1(N24)--	1(N24)
o0900089	s	AN--	AN
o0902759	s	ZATU788--	ZATU788
o0903312	n	2(N39A)--	2(N39~a)
o0903016	n	1(N24)--	1(N24)
o0900089	s	AN--	AN
o0902759	s	ZATU788--	ZATU788
o0901946	s	ŠE~a--	ŠE~a
o0903312	n	2(N39A)--	2(N39~a)
o0903016	n	1(N24)--	1(N24)
o0903234	n	3(N57)--	3(N57)
o0903312	n	2(N39A)--	2(N39~a)
o0903016	n	1(N24)--	1(N24)
o0900089	s	AN--	AN
o0901468	s	NAM₂--	NAM₂
o0903312	n	2(N39A)--	2(N39~a)
o0903016	n	1(N24)--	1(N24)
o0903312	n	2(N39A)--	2(N39~a)
o0903016	n	1(N24)--	1(N24)
o0901697	s	SAL--	SAL
o0903312	n	2(N39A)--	2(N39~a)
o0903016	n	1(N24)--	1(N24)
o0902858	n	1(N01)--	1(N01)
o0901697	s	SAL--	SAL
o0901586	s	NU₁₁--	NU₁₁
o0902858	n	1(N01)--	1(N01)
o0901524	s	NIN--	NIN
o0902142	s	TUR--	TUR
o0903312	n	2(N39A)--	2(N39~a)
o0903016	n	1(N24)--	1(N24)
o0901994	s	ŠIM~a--	ŠIM~a
o0903312	n	2(N39A)--	2(N39~a)
o0903016	n	1(N24)--	1(N24)
o0903312	n	2(N39A)--	2(N39~a)
o0903016	n	1(N24)--	1(N24)
o0902994	n	4(N20)--	4(N20)
o0902896	n	3(N05)--	3(N05)
o0903344	n	1(N42A)--	1(N42~a)
o0902327	s	UR₅~a--	UR₅~a
o0903368	s	X--	X
o0903059	n	1(N34)--	1(N34)
o0902932	n	3(N14)--	3(N14)
o0902858	n	1(N01)--	1(N01)
o0900089	s	AN--	AN
o0901648	s	PIRIG~b1--	PIRIG~b1
o0902929	n	1(N14)--	1(N14)
o0902859	n	2(N01)--	2(N01)
o0903005	n	1(N22)--	1(N22)
o0902861	n	4(N01)--	4(N01)
o0902923	n	9(N08)--	9(N08)
o0900778	s	GAN₂--	GAN₂
o0903059	n	1(N34)--	1(N34)
o0902932	n	3(N14)--	3(N14)
o0901393	s	MUD--	MUD
o0901639	s	PAP~a--	PAP~a
o0901592	s	NUN~a--	NUN~a
o0902929	n	1(N14)--	1(N14)
o0902863	n	6(N01)--	6(N01)
o0903006	n	2(N22)--	2(N22)
o0902859	n	2(N01)--	2(N01)
o0902916	n	4(N08)--	4(N08)
o0900778	s	GAN₂--	GAN₂
o0903059	n	1(N34)--	1(N34)
o0902933	n	4(N14)--	4(N14)
o0902860	n	3(N01)--	3(N01)
o0901639	s	PAP~a--	PAP~a
o0901312	s	LUM--	LUM
o0902929	n	1(N14)--	1(N14)
o0902858	n	1(N01)--	1(N01)
o0903005	n	1(N22)--	1(N22)
o0902862	n	5(N01)--	5(N01)
o0902914	n	3(N08)--	3(N08)
o0900778	s	GAN₂--	GAN₂
o0903059	n	1(N34)--	1(N34)
o0902929	n	1(N14)--	1(N14)
o0902863	n	6(N01)--	6(N01)
o0901639	s	PAP~a--	PAP~a
o0900229	s	DAR~b--	DAR~b
o0902930	n	2(N14)--	2(N14)
o0902865	n	8(N01)--	8(N01)
o0902929	n	1(N14)--	1(N14)
o0902860	n	3(N01)--	3(N01)
o0902914	n	3(N08)--	3(N08)
o0900778	s	GAN₂--	GAN₂
o0902933	n	4(N14)--	4(N14)
o0902859	n	2(N01)--	2(N01)
o0901639	s	PAP~a--	PAP~a
o0900113	s	AZ--	AZ
o0902932	n	3(N14)--	3(N14)
o0902860	n	3(N01)--	3(N01)
o0903006	n	2(N22)--	2(N22)
o0902858	n	1(N01)--	1(N01)
o0902923	n	9(N08)--	9(N08)
o0900778	s	GAN₂--	GAN₂
o0902932	n	3(N14)--	3(N14)
o0902865	n	8(N01)--	8(N01)
o0901639	s	PAP~a--	PAP~a
o0900279	s	DU--	DU
o0901090	s	KI--	KI
o0902932	n	3(N14)--	3(N14)
o0902860	n	3(N01)--	3(N01)
o0903006	n	2(N22)--	2(N22)
o0902920	n	6(N08)--	6(N08)
o0900778	s	GAN₂--	GAN₂
o0903059	n	1(N34)--	1(N34)
o0902930	n	2(N14)--	2(N14)
o0902859	n	2(N01)--	2(N01)
o0900175	s	BU~a--	BU~a
o0901639	s	PAP~a--	PAP~a
o0900053	s	AD~a--	AD~a
o0902930	n	2(N14)--	2(N14)
o0902861	n	4(N01)--	4(N01)
o0903005	n	1(N22)--	1(N22)
o0902858	n	1(N01)--	1(N01)
o0902920	n	6(N08)--	6(N08)
o0900778	s	GAN₂--	GAN₂
o0902932	n	3(N14)--	3(N14)
o0902865	n	8(N01)--	8(N01)
o0901639	s	PAP~a--	PAP~a
o0901697	s	SAL--	SAL
o0902930	n	2(N14)--	2(N14)
o0902862	n	5(N01)--	5(N01)
o0903005	n	1(N22)--	1(N22)
o0902860	n	3(N01)--	3(N01)
o0902919	n	5(N08)--	5(N08)
o0900778	s	GAN₂--	GAN₂
o0903059	n	1(N34)--	1(N34)
o0902933	n	4(N14)--	4(N14)
o0902930	n	2(N14)--	2(N14)
o0902865	n	8(N01)--	8(N01)
o0902929	n	1(N14)--	1(N14)
o0903005	n	1(N22)--	1(N22)
o0902861	n	4(N01)--	4(N01)
o0900778	s	GAN₂--	GAN₂
o0903059	n	1(N34)--	1(N34)
o0902861	n	4(N01)--	4(N01)
o0901927	s	ŠAB~a--	ŠAB~a
o0902930	n	2(N14)--	2(N14)
o0902863	n	6(N01)--	6(N01)
o0903006	n	2(N22)--	2(N22)
o0902861	n	4(N01)--	4(N01)
o0902920	n	6(N08)--	6(N08)
o0900778	s	GAN₂--	GAN₂
o0902932	n	3(N14)--	3(N14)
o0902859	n	2(N01)--	2(N01)
o0901639	s	PAP~a--	PAP~a
o0902930	n	2(N14)--	2(N14)
o0902862	n	5(N01)--	5(N01)
o0903005	n	1(N22)--	1(N22)
o0902859	n	2(N01)--	2(N01)
o0900778	s	GAN₂--	GAN₂
o0902932	n	3(N14)--	3(N14)
o0902859	n	2(N01)--	2(N01)
o0901639	s	PAP~a--	PAP~a
o0902930	n	2(N14)--	2(N14)
o0902862	n	5(N01)--	5(N01)
o0903005	n	1(N22)--	1(N22)
o0902859	n	2(N01)--	2(N01)
o0900778	s	GAN₂--	GAN₂
o0902940	n	9(N14)--	9(N14)
o0903006	n	2(N22)--	2(N22)
o0900778	s	GAN₂--	GAN₂
o0901929	s	ŠAB~b--	ŠAB~b
o0901725	s	SI--	SI
o0901142	s	KU₃~a--	KU₃~a
o0900253	s	DARA₄~c--	DARA₄~c
o0903368	s	X--	X
o0900217	s	DA~a--	DA~a
o0901626	s	PA~a--	PA~a
o0902339	s	URU~a1--	URU~a1
o0902243	s	UDU~a--	UDU~a
o0902858	n	1(N01)--	1(N01)
o0900331	s	DUG~a--	DUG~a
o0901078	s	KAŠ~a--	KAŠ~a
o0902860	n	3(N01)--	3(N01)
o0902263	s	UKKIN~b--	UKKIN~b
o0900912	s	GU₇--	GU₇
o0901639	s	PAP~a--	PAP~a
o0900175	s	BU~a--	BU~a
o0901468	s	NAM₂--	NAM₂
o0902293	s	UNUG~a--	UNUG~a
o0900115	s	BA--	BA
o0903134	n	1(N45)--	1(N45)
o0902932	n	3(N14)--	3(N14)
o0901946	s	ŠE~a--	ŠE~a
o0902930	n	2(N14)--	2(N14)
o0903368	s	X--	X
o0903368	s	X--	X
o0901481	s	NAR--	NAR
o0902993	n	3(N20)--	3(N20)
o0902895	n	2(N05)--	2(N05)
o0900976	s	HI@g~a--	HI@g~a
o0900956	s	HAL--	HAL
o0901941	s	ŠAM₂--	ŠAM₂
o0900516	s	EN~a--	EN~a
o0903158	n	1(N47)--	1(N47)
o0902998	n	8(N20)--	8(N20)
o0902895	n	2(N05)--	2(N05)
o0900976	s	HI@g~a--	HI@g~a
o0901946	s	ŠE~a--	ŠE~a
o0900000	s	A--	A
o0903082	n	1(N36)--	1(N36)
o0902979	n	8(N19)--	8(N19)
o0902885	n	2(N04)--	2(N04)
o0903311	n	1(N39A)--	1(N39~a)
o0903016	n	1(N24)--	1(N24)
o0900115	s	BA--	BA
o0901090	s	KI--	KI
o0901941	s	ŠAM₂--	ŠAM₂
o0901145	s	KU₆~a--	KU₆~a
o0901115	s	KISAL~b1--	KISAL~b1
o0902930	n	2(N14)--	2(N14)
o0902859	n	2(N01)--	2(N01)
o0902560	s	ZATU687--	ZATU687
o0901592	s	NUN~a--	NUN~a
o0902932	n	3(N14)--	3(N14)
o0902858	n	1(N01)--	1(N01)
o0903297	n	3(N59)--	3(N59)
o0900089	s	AN--	AN
o0901678	s	SAG--	SAG
o0902930	n	2(N14)--	2(N14)
o0903297	n	3(N59)--	3(N59)
o0903234	n	3(N57)--	3(N57)
o0903368	s	X--	X
o0902929	n	1(N14)--	1(N14)
o0902859	n	2(N01)--	2(N01)
o0903297	n	3(N59)--	3(N59)
o0903368	s	X--	X
o0900616	s	GA₂~a1--	GA₂~a1
o0902930	n	2(N14)--	2(N14)
o0902290	s	UMUN₂--	UMUN₂
o0901626	s	PA~a--	PA~a
o0900729	s	GAL~a--	GAL~a
o0902932	n	3(N14)--	3(N14)
o0902859	n	2(N01)--	2(N01)
o0903297	n	3(N59)--	3(N59)
o0903368	s	X--	X
o0900012	s	AB~a--	AB~a
o0900047	s	ABGAL--	ABGAL
o0903059	n	1(N34)--	1(N34)
o0900729	s	GAL~a--	GAL~a
o0902060	s	ŠUBUR--	ŠUBUR
o0900000	s	A--	A
o0902862	n	5(N01)--	5(N01)
o0901380	s	ME~a--	ME~a
o0903368	s	X--	X
o0902146	s	TUR₃~a--	TUR₃~a
o0901697	s	SAL--	SAL
o0902930	n	2(N14)--	2(N14)
o0900012	s	AB~a--	AB~a
o0901871	s	SU~a--	SU~a
o0901380	s	ME~a--	ME~a
o0902929	n	1(N14)--	1(N14)
o0901380	s	ME~a--	ME~a
o0900249	s	DARA₄~a1--	DARA₄~a1
o0902862	n	5(N01)--	5(N01)
o0903297	n	3(N59)--	3(N59)
o0903368	s	X--	X
o0900729	s	GAL~a--	GAL~a
o0900806	s	GI--	GI
o0902929	n	1(N14)--	1(N14)
o0902862	n	5(N01)--	5(N01)
o0901675	s	SA~c--	SA~c
o0901392	s	MU--	MU
o0902930	n	2(N14)--	2(N14)
o0902627	s	ZATU725--	ZATU725
o0901380	s	ME~a--	ME~a
o0900012	s	AB~a--	AB~a
o0901592	s	NUN~a--	NUN~a
o0902739	s	ZATU773~a--	ZATU773~a
o0903059	n	1(N34)--	1(N34)
o0901000	s	IM~a--	IM~a
o0900729	s	GAL~a--	GAL~a
o0903059	n	1(N34)--	1(N34)
o0902930	n	2(N14)--	2(N14)
o0902860	n	3(N01)--	3(N01)
o0902324	s	UR₄~b--	UR₄~b
o0902339	s	URU~a1--	URU~a1
o0903062	n	3(N34)--	3(N34)
o0902933	n	4(N14)--	4(N14)
o0902862	n	5(N01)--	5(N01)
o0900516	s	EN~a--	EN~a
o0902293	s	UNUG~a--	UNUG~a
o0902930	n	2(N14)--	2(N14)
o0902860	n	3(N01)--	3(N01)
o0902384	s	UŠ~a--	UŠ~a
o0900729	s	GAL~a--	GAL~a
o0902862	n	5(N01)--	5(N01)
o0900089	s	AN--	AN
o0902309	s	UR₂--	UR₂
o0900545	s	ERIN--	ERIN
o0901887	s	SUKKAL--	SUKKAL
o0901639	s	PAP~a--	PAP~a
o0900154	s	BAR--	BAR
o0903059	n	1(N34)--	1(N34)
o0903368	s	X--	X
o0902929	n	1(N14)--	1(N14)
o0902862	n	5(N01)--	5(N01)
o0902004	s	ŠITA~a1--	ŠITA~a1
o0902801	s	ZATU836--	ZATU836
o0901592	s	NUN~a--	NUN~a
o0902932	n	3(N14)--	3(N14)
o0902860	n	3(N01)--	3(N01)
o0901517	s	NIM~b1--	NIM~b1
o0900012	s	AB~a--	AB~a
o0902860	n	3(N01)--	3(N01)
o0900988	s	IDIGNA--	IDIGNA
o0901711	s	SANGA~a--	SANGA~a
o0902930	n	2(N14)--	2(N14)
o0900047	s	ABGAL--	ABGAL
o0900981	s	I--	I
o0902859	n	2(N01)--	2(N01)
o0903297	n	3(N59)--	3(N59)
o0901711	s	SANGA~a--	SANGA~a
o0902929	n	1(N14)--	1(N14)
o0900012	s	AB~a--	AB~a
o0902929	n	1(N14)--	1(N14)
o0902862	n	5(N01)--	5(N01)
o0901639	s	PAP~a--	PAP~a
o0902930	n	2(N14)--	2(N14)
o0901697	s	SAL--	SAL
o0902004	s	ŠITA~a1--	ŠITA~a1
o0903059	n	1(N34)--	1(N34)
o0902930	n	2(N14)--	2(N14)
o0900270	s	DIM~b--	DIM~b
o0900217	s	DA~a--	DA~a
o0902929	n	1(N14)--	1(N14)
o0902861	n	4(N01)--	4(N01)
o0902406	s	UTUL~a--	UTUL~a
o0900729	s	GAL~a--	GAL~a
o0901592	s	NUN~a--	NUN~a
o0902933	n	4(N14)--	4(N14)
o0900516	s	EN~a--	EN~a
o0900047	s	ABGAL--	ABGAL
o0903059	n	1(N34)--	1(N34)
o0902930	n	2(N14)--	2(N14)
o0903059	n	1(N34)--	1(N34)
o0901075	s	KASKAL--	KASKAL
o0902933	n	4(N14)--	4(N14)
o0902206	c	|U₄×1(N57)|--	|U₄×1(N57)|
o0903061	n	2(N34)--	2(N34)
o0903368	s	X--	X
o0900487	s	E~a--	E~a
o0902929	n	1(N14)--	1(N14)
o0901380	s	ME~a--	ME~a
o0903299	n	6(N59)--	6(N59)
o0903299	n	6(N59)--	6(N59)
o0903300	n	7(N59)--	7(N59)
o0903299	n	6(N59)--	6(N59)
o0902862	n	5(N01)--	5(N01)
o0902861	n	4(N01)--	4(N01)
o0902929	n	1(N14)--	1(N14)
o0902861	n	4(N01)--	4(N01)
o0900516	s	EN~a--	EN~a
o0902933	n	4(N14)--	4(N14)
o0903368	s	X--	X
o0902933	n	4(N14)--	4(N14)
o0903065	n	6(N34)--	6(N34)
o0902932	n	3(N14)--	3(N14)
o0903297	n	3(N59)--	3(N59)
o0901592	s	NUN~a--	NUN~a
o0902739	s	ZATU773~a--	ZATU773~a
o0903065	n	6(N34)--	6(N34)
o0902930	n	2(N14)--	2(N14)
o0903298	n	4(N59)--	4(N59)
o0900545	s	ERIN--	ERIN
o0901887	s	SUKKAL--	SUKKAL
o0903064	n	5(N34)--	5(N34)
o0902864	n	7(N01)--	7(N01)
o0903297	n	3(N59)--	3(N59)
o0900047	s	ABGAL--	ABGAL
o0902930	n	2(N14)--	2(N14)
o0902033	s	ŠU--	ŠU
o0902142	s	TUR--	TUR
o0903063	n	4(N34)--	4(N34)
o0902933	n	4(N14)--	4(N14)
o0902862	n	5(N01)--	5(N01)
o0903298	n	4(N59)--	4(N59)
o0900100	s	APIN~a--	APIN~a
o0903011	n	2(N23)--	2(N23)
o0903065	n	6(N34)--	6(N34)
o0901020	s	IŠ~a--	IŠ~a
o0900493	s	E₂~a--	E₂~a
o0900000	s	A--	A
o0903312	n	2(N39A)--	2(N39~a)
o0903016	n	1(N24)--	1(N24)
o0903023	n	1(N26)--	1(N26)
o0901910	s	ŠA--	ŠA
o0902161	s	U₄--	U₄
o0901380	s	ME~a--	ME~a
o0903313	n	3(N39A)--	3(N39~a)
o0900779	s	GAR--	GAR
o0903016	n	1(N24)--	1(N24)
o0901697	s	SAL--	SAL
o0900225	s	DAM--	DAM
o0900494	s	E₂~b--	E₂~b
o0903016	n	1(N24)--	1(N24)
o0900312	s	DUB~a--	DUB~a
o0900494	s	E₂~b--	E₂~b
o0903312	n	2(N39A)--	2(N39~a)
o0903016	n	1(N24)--	1(N24)
o0903368	s	X--	X
o0903368	s	X--	X
o0903312	n	2(N39A)--	2(N39~a)
o0901373	s	MAR~a@g--	MAR@g~a
o0903016	n	1(N24)--	1(N24)
o0901697	s	SAL--	SAL
o0900225	s	DAM--	DAM
o0900494	s	E₂~b--	E₂~b
o0903016	n	1(N24)--	1(N24)
o0900312	s	DUB~a--	DUB~a
o0900494	s	E₂~b--	E₂~b
o0902858	n	1(N01)--	1(N01)
o0903368	s	X--	X
o0903039	n	1(N29A)--	1(N29~a)
o0901678	s	SAG--	SAG
o0901879	s	SUG₅--	SUG₅
o0901392	s	MU--	MU
o0902163	c	|U₄.1(N08)|--	|U₄.1(N08)|
o0901946	s	ŠE~a--	ŠE~a
o0903313	n	3(N39A)--	3(N39~a)
o0903039	n	1(N29A)--	1(N29~a)
o0903016	n	1(N24)--	1(N24)
o0903039	n	1(N29A)--	1(N29~a)
o0900976	s	HI@g~a--	HI@g~a
o0903016	n	1(N24)--	1(N24)
o0901697	s	SAL--	SAL
o0900225	s	DAM--	DAM
o0900494	s	E₂~b--	E₂~b
o0903312	n	2(N39A)--	2(N39~a)
o0900920	s	GUG₂--	GUG₂
o0900779	s	GAR--	GAR
o0900729	s	GAL~a--	GAL~a
o0903028	n	1(N28)--	1(N28)
o0900976	s	HI@g~a--	HI@g~a
o0900920	s	GUG₂--	GUG₂
o0903053	n	1(N30C)--	1(N30~c)
o0901696	s	SAGŠU--	SAGŠU
o0903344	n	1(N42A)--	1(N42~a)
o0903340	n	1(N28C)--	1(N28~c)
o0900920	s	GUG₂--	GUG₂
o0903016	n	1(N24)--	1(N24)
o0900920	s	GUG₂--	GUG₂
o0900225	s	DAM--	DAM
o0901697	s	SAL--	SAL
o0900494	s	E₂~b--	E₂~b
o0903053	n	1(N30C)--	1(N30~c)
o0900920	s	GUG₂--	GUG₂
o0900089	s	AN--	AN
o0901614	s	NUNUZ~a1--	NUNUZ~a1
o0900976	s	HI@g~a--	HI@g~a
o0900920	s	GUG₂--	GUG₂
o0903311	n	1(N39A)--	1(N39~a)
o0900729	s	GAL~a--	GAL~a
o0900920	s	GUG₂--	GUG₂
o0900779	s	GAR--	GAR
o0903312	n	2(N39A)--	2(N39~a)
o0901373	s	MAR~a@g--	MAR@g~a
o0903312	n	2(N39A)--	2(N39~a)
o0900920	s	GUG₂--	GUG₂
o0903016	n	1(N24)--	1(N24)
o0903312	n	2(N39A)--	2(N39~a)
o0901392	s	MU--	MU
o0901678	s	SAG--	SAG
o0901879	s	SUG₅--	SUG₅
o0903312	n	2(N39A)--	2(N39~a)
o0902929	n	1(N14)--	1(N14)
o0902860	n	3(N01)--	3(N01)
o0903314	n	4(N39A)--	4(N39~a)
o0903037	n	2(N29A)--	2(N29~a)
o0900976	s	HI@g~a--	HI@g~a
o0902861	n	4(N01)--	4(N01)
o0903314	n	4(N39A)--	4(N39~a)
o0903016	n	1(N24)--	1(N24)
o0903028	n	1(N28)--	1(N28)
o0903037	n	2(N29A)--	2(N29~a)
o0900976	s	HI@g~a--	HI@g~a
o0901946	s	ŠE~a--	ŠE~a
o0902163	c	|U₄.1(N08)|--	|U₄.1(N08)|
o0902860	n	3(N01)--	3(N01)
o0903028	n	1(N28)--	1(N28)
o0903039	n	1(N29A)--	1(N29~a)
o0900976	s	HI@g~a--	HI@g~a
o0902858	n	1(N01)--	1(N01)
o0903314	n	4(N39A)--	4(N39~a)
o0903016	n	1(N24)--	1(N24)
o0903039	n	1(N29A)--	1(N29~a)
o0901946	s	ŠE~a--	ŠE~a
o0902859	n	2(N01)--	2(N01)
o0903039	n	1(N29A)--	1(N29~a)
o0902858	n	1(N01)--	1(N01)
o0903028	n	1(N28)--	1(N28)
o0903312	n	2(N39A)--	2(N39~a)
o0903039	n	1(N29A)--	1(N29~a)
o0902858	n	1(N01)--	1(N01)
o0903312	n	2(N39A)--	2(N39~a)
o0903016	n	1(N24)--	1(N24)
o0902861	n	4(N01)--	4(N01)
o0903314	n	4(N39A)--	4(N39~a)
o0903028	n	1(N28)--	1(N28)
o0900976	s	HI@g~a--	HI@g~a
o0901946	s	ŠE~a--	ŠE~a
o0902164	c	|U₄.2(N08)|--	|U₄.2(N08)|
o0902859	n	2(N01)--	2(N01)
o0903312	n	2(N39A)--	2(N39~a)
o0900976	s	HI@g~a--	HI@g~a
o0902859	n	2(N01)--	2(N01)
o0903312	n	2(N39A)--	2(N39~a)
o0903028	n	1(N28)--	1(N28)
o0901946	s	ŠE~a--	ŠE~a
o0902859	n	2(N01)--	2(N01)
o0903028	n	1(N28)--	1(N28)
o0903039	n	1(N29A)--	1(N29~a)
o0903051	n	1(N30A)--	1(N30~a)
o0903312	n	2(N39A)--	2(N39~a)
o0903016	n	1(N24)--	1(N24)
o0903039	n	1(N29A)--	1(N29~a)
o0903053	n	1(N30C)--	1(N30~c)
o0902858	n	1(N01)--	1(N01)
o0903153	n	1(N46)--	1(N46)
o0900162	s	BARA₃--	BARA₃
o0903134	n	1(N45)--	1(N45)
o0900047	s	ABGAL--	ABGAL
o0900981	s	I--	I
o0901946	s	ŠE~a--	ŠE~a
o0903134	n	1(N45)--	1(N45)
o0903222	n	2(N57)--	2(N57)
o0901946	s	ŠE~a--	ŠE~a
o0901524	s	NIN--	NIN
o0900912	s	GU₇--	GU₇
o0902933	n	4(N14)--	4(N14)
o0902207	c	|U₄×2(N57)|--	|U₄×2(N57)|
o0901090	s	KI--	KI
o0900089	s	AN--	AN
o0902930	n	2(N14)--	2(N14)
o0901393	s	MUD--	MUD
o0901697	s	SAL--	SAL
o0900077	s	AMA~a--	AMA~a
o0903154	n	2(N46)--	2(N46)
o0902976	n	5(N19)--	5(N19)
o0902453	s	ZATU628~a--	ZATU628~a
o0902934	n	5(N14)--	5(N14)
o0902818	s	ZATU850--	ZATU850
o0900912	s	GU₇--	GU₇
o0903061	n	2(N34)--	2(N34)
o0902936	n	6(N14)--	6(N14)
o0900154	s	BAR--	BAR
o0900912	s	GU₇--	GU₇
o0903059	n	1(N34)--	1(N34)
o0902929	n	1(N14)--	1(N14)
o0901946	s	ŠE~a--	ŠE~a
o0903153	n	1(N46)--	1(N46)
o0903154	n	2(N46)--	2(N46)
o0902976	n	5(N19)--	5(N19)
o0902859	n	2(N01)--	2(N01)
o0903023	n	1(N26)--	1(N26)
o0903022	n	1(N25)--	1(N25)
o0902859	n	2(N01)--	2(N01)
o0903368	s	X--	X
o0900779	s	GAR--	GAR
o0902859	n	2(N01)--	2(N01)
o0902631	s	ZATU726~d--	ZATU726~d
o0902859	n	2(N01)--	2(N01)
o0900920	s	GUG₂--	GUG₂
o0902859	n	2(N01)--	2(N01)
o0900296	s	DU₈~c--	DU₈~c
o0903344	n	1(N42A)--	1(N42~a)
o0902929	n	1(N14)--	1(N14)
o0903270	c	|6(N57).GAR|--	|6(N57).GAR|
o0903344	n	1(N42A)--	1(N42~a)
o0902862	n	5(N01)--	5(N01)
o0900779	s	GAR--	GAR
o0903368	s	X--	X
o0903053	n	1(N30C)--	1(N30~c)
o0903368	s	X--	X
o0902858	n	1(N01)--	1(N01)
o0901916	s	ŠA@g--	ŠA@g
o0900920	s	GUG₂--	GUG₂
o0903051	n	1(N30A)--	1(N30~a)
o0902862	n	5(N01)--	5(N01)
o0900296	s	DU₈~c--	DU₈~c
o0903053	n	1(N30C)--	1(N30~c)
o0902862	n	5(N01)--	5(N01)
o0901910	s	ŠA--	ŠA
o0903051	n	1(N30A)--	1(N30~a)
o0903344	n	1(N42A)--	1(N42~a)
o0903022	n	1(N25)--	1(N25)
o0902613	s	ZATU714--	ZATU714
o0901392	s	MU--	MU
o0903039	n	1(N29A)--	1(N29~a)
o0900217	s	DA~a--	DA~a
o0902613	s	ZATU714--	ZATU714
o0903039	n	1(N29A)--	1(N29~a)
o0903368	s	X--	X
o0902613	s	ZATU714--	ZATU714
o0900012	s	AB~a--	AB~a
o0900089	s	AN--	AN
o0900912	s	GU₇--	GU₇
o0902894	n	1(N05)--	1(N05)
o0903344	n	1(N42A)--	1(N42~a)
o0903345	n	2(N42A)--	2(N42~a)
o0900976	s	HI@g~a--	HI@g~a
o0903346	n	3(N42A)--	3(N42~a)
o0903022	n	1(N25)--	1(N25)
o0901946	s	ŠE~a--	ŠE~a
o0903022	n	1(N25)--	1(N25)
o0900920	s	GUG₂--	GUG₂
o0900912	s	GU₇--	GU₇
o0902164	c	|U₄.2(N08)|--	|U₄.2(N08)|
o0901879	s	SUG₅--	SUG₅
o0901678	s	SAG--	SAG
o0902929	n	1(N14)--	1(N14)
o0902860	n	3(N01)--	3(N01)
o0901407	s	MUN~a1--	MUN~a1
o0902859	n	2(N01)--	2(N01)
o0901525	s	NINDA₂--	NINDA₂
o0902862	n	5(N01)--	5(N01)
o0902207	c	|U₄×2(N57)|--	|U₄×2(N57)|
o0902859	n	2(N01)--	2(N01)
o0902206	c	|U₄×1(N57)|--	|U₄×1(N57)|
o0901158	s	KUR~a--	KUR~a
o0900082	s	AMAR--	AMAR
o0902863	n	6(N01)--	6(N01)
o0901697	s	SAL--	SAL
o0902859	n	2(N01)--	2(N01)
o0901129	s	KIŠ--	KIŠ
o0902929	n	1(N14)--	1(N14)
o0902864	n	7(N01)--	7(N01)
o0901918	s	ŠA₃~a1--	ŠA₃~a1
o0902864	n	7(N01)--	7(N01)
o0902208	c	|U₄×3(N57)|--	|U₄×3(N57)|
o0902865	n	8(N01)--	8(N01)
o0902207	c	|U₄×2(N57)|--	|U₄×2(N57)|
o0902861	n	4(N01)--	4(N01)
o0902206	c	|U₄×1(N57)|--	|U₄×1(N57)|
o0901697	s	SAL--	SAL
o0900082	s	AMAR--	AMAR
o0902929	n	1(N14)--	1(N14)
o0902243	s	UDU~a--	UDU~a
o0902929	n	1(N14)--	1(N14)
o0902860	n	3(N01)--	3(N01)
o0901407	s	MUN~a1--	MUN~a1
o0902933	n	4(N14)--	4(N14)
o0902861	n	4(N01)--	4(N01)
o0901697	s	SAL--	SAL
o0902866	n	9(N01)--	9(N01)
o0901158	s	KUR~a--	KUR~a
o0902929	n	1(N14)--	1(N14)
o0902860	n	3(N01)--	3(N01)
o0901407	s	MUN~a1--	MUN~a1
o0902934	n	5(N14)--	5(N14)
o0902860	n	3(N01)--	3(N01)
o0900301	c	|DU₈~c×AMAR|--	|DU₈~c×AMAR|
o0903059	n	1(N34)--	1(N34)
o0902863	n	6(N01)--	6(N01)
o0901129	s	KIŠ--	KIŠ
o0900729	s	GAL~a--	GAL~a
o0902864	n	7(N01)--	7(N01)
o0900960	s	HI--	HI
o0901078	s	KAŠ~a--	KAŠ~a
o0902859	n	2(N01)--	2(N01)
o0901090	s	KI--	KI
o0902859	n	2(N01)--	2(N01)
o0900806	s	GI--	GI
o0902865	n	8(N01)--	8(N01)
o0901078	s	KAŠ~a--	KAŠ~a
o0901697	s	SAL--	SAL
o0902859	n	2(N01)--	2(N01)
o0901090	s	KI--	KI
o0902864	n	7(N01)--	7(N01)
o0902860	n	3(N01)--	3(N01)
o0900806	s	GI--	GI
o0902864	n	7(N01)--	7(N01)
o0902860	n	3(N01)--	3(N01)
o0900806	s	GI--	GI
o0902863	n	6(N01)--	6(N01)
o0902859	n	2(N01)--	2(N01)
o0900115	s	BA--	BA
o0902859	n	2(N01)--	2(N01)
o0900806	s	GI--	GI
o0902864	n	7(N01)--	7(N01)
o0903368	s	X--	X
o0902859	n	2(N01)--	2(N01)
o0900115	s	BA--	BA
o0902858	n	1(N01)--	1(N01)
o0900806	s	GI--	GI
o0903059	n	1(N34)--	1(N34)
o0901187	s	LAGAB~b--	LAGAB~b
o0901078	s	KAŠ~a--	KAŠ~a
o0902933	n	4(N14)--	4(N14)
o0902859	n	2(N01)--	2(N01)
o0901078	s	KAŠ~a--	KAŠ~a
o0903368	s	X--	X
o0902932	n	3(N14)--	3(N14)
o0902865	n	8(N01)--	8(N01)
o0900912	s	GU₇--	GU₇
o0902861	n	4(N01)--	4(N01)
o0901090	s	KI--	KI
o0902929	n	1(N14)--	1(N14)
o0902865	n	8(N01)--	8(N01)
o0901078	s	KAŠ~a--	KAŠ~a
o0903368	s	X--	X
o0902861	n	4(N01)--	4(N01)
o0900115	s	BA--	BA
o0902929	n	1(N14)--	1(N14)
o0902861	n	4(N01)--	4(N01)
o0900806	s	GI--	GI
o0902862	n	5(N01)--	5(N01)
o0901771	s	SIG₇--	SIG₇
o0900215	s	BUR₂--	BUR₂
o0902930	n	2(N14)--	2(N14)
o0901639	s	PAP~a--	PAP~a
o0900956	s	HAL--	HAL
o0903368	s	X--	X
o0901678	s	SAG--	SAG
o0902930	n	2(N14)--	2(N14)
o0902860	n	3(N01)--	3(N01)
o0901145	s	KU₆~a--	KU₆~a
o0902863	n	6(N01)--	6(N01)
o0902309	s	UR₂--	UR₂
o0901671	s	RU--	RU
o0902862	n	5(N01)--	5(N01)
o0902158	s	U₂~b--	U₂~b
o0901671	s	RU--	RU
o0903059	n	1(N34)--	1(N34)
o0902930	n	2(N14)--	2(N14)
o0901639	s	PAP~a--	PAP~a
o0902060	s	ŠUBUR--	ŠUBUR
o0902930	n	2(N14)--	2(N14)
o0901393	s	MUD--	MUD
o0902302	s	UR~a--	UR~a
o0902707	s	ZATU756--	ZATU756
o0903061	n	2(N34)--	2(N34)
o0902930	n	2(N14)--	2(N14)
o0902862	n	5(N01)--	5(N01)
o0901678	s	SAG--	SAG
o0902227	s	UB--	UB
o0903059	n	1(N34)--	1(N34)
o0902933	n	4(N14)--	4(N14)
o0902862	n	5(N01)--	5(N01)
o0900956	s	HAL--	HAL
o0900115	s	BA--	BA
o0902933	n	4(N14)--	4(N14)
o0902929	n	1(N14)--	1(N14)
o0902858	n	1(N01)--	1(N01)
o0901407	s	MUN~a1--	MUN~a1
o0902861	n	4(N01)--	4(N01)
o0900154	s	BAR--	BAR
o0902860	n	3(N01)--	3(N01)
o0901525	s	NINDA₂--	NINDA₂
o0902861	n	4(N01)--	4(N01)
o0902208	c	|U₄×3(N57)|--	|U₄×3(N57)|
o0902860	n	3(N01)--	3(N01)
o0902206	c	|U₄×1(N57)|--	|U₄×1(N57)|
o0901158	s	KUR~a--	KUR~a
o0900082	s	AMAR--	AMAR
o0902861	n	4(N01)--	4(N01)
o0901697	s	SAL--	SAL
o0902930	n	2(N14)--	2(N14)
o0902861	n	4(N01)--	4(N01)
o0901918	s	ŠA₃~a1--	ŠA₃~a1
o0902862	n	5(N01)--	5(N01)
o0902208	c	|U₄×3(N57)|--	|U₄×3(N57)|
o0902860	n	3(N01)--	3(N01)
o0902207	c	|U₄×2(N57)|--	|U₄×2(N57)|
o0902929	n	1(N14)--	1(N14)
o0901697	s	SAL--	SAL
o0900082	s	AMAR--	AMAR
o0902206	c	|U₄×1(N57)|--	|U₄×1(N57)|
o0902243	s	UDU~a--	UDU~a
o0902929	n	1(N14)--	1(N14)
o0902862	n	5(N01)--	5(N01)
o0901407	s	MUN~a1--	MUN~a1
o0902933	n	4(N14)--	4(N14)
o0902863	n	6(N01)--	6(N01)
o0901697	s	SAL--	SAL
o0902929	n	1(N14)--	1(N14)
o0901158	s	KUR~a--	KUR~a
o0902929	n	1(N14)--	1(N14)
o0902862	n	5(N01)--	5(N01)
o0901407	s	MUN~a1--	MUN~a1
o0902934	n	5(N14)--	5(N14)
o0902863	n	6(N01)--	6(N01)
o0900301	c	|DU₈~c×AMAR|--	|DU₈~c×AMAR|
o0903059	n	1(N34)--	1(N34)
o0902929	n	1(N14)--	1(N14)
o0902858	n	1(N01)--	1(N01)
o0901129	s	KIŠ--	KIŠ
o0901525	s	NINDA₂--	NINDA₂
o0903368	s	X--	X
o0903368	s	X--	X
o0902933	n	4(N14)--	4(N14)
o0903280	n	1(N58)--	1(N58)
o0903063	n	4(N34)--	4(N34)
o0903210	n	1(N57)--	1(N57)
o0902934	n	5(N14)--	5(N14)
o0903005	n	1(N22)--	1(N22)
o0900778	s	GAN₂--	GAN₂
o0903006	n	2(N22)--	2(N22)
o0903368	s	X--	X
o0903006	n	2(N22)--	2(N22)
o0903368	s	X--	X
o0902932	n	3(N14)--	3(N14)
o0903006	n	2(N22)--	2(N22)
o0900516	s	EN~a--	EN~a
o0903005	n	1(N22)--	1(N22)
o0901697	s	SAL--	SAL
o0900494	s	E₂~b--	E₂~b
o0902934	n	5(N14)--	5(N14)
o0903006	n	2(N22)--	2(N22)
o0902922	n	8(N08)--	8(N08)
o0900778	s	GAN₂--	GAN₂
o0902858	n	1(N01)--	1(N01)
o0902922	n	8(N08)--	8(N08)
o0900154	s	BAR--	BAR
o0903005	n	1(N22)--	1(N22)
o0902860	n	3(N01)--	3(N01)
o0901955	c	|ŠE~a.NAM₂|--	|ŠE~a.NAM₂|
o0902934	n	5(N14)--	5(N14)
o0902859	n	2(N01)--	2(N01)
o0901611	c	|NUN~a+NAM₂|--	|NUN~a+NAM₂|
o0902932	n	3(N14)--	3(N14)
o0900279	s	DU--	DU
o0901904	s	SUM~b--	SUM~b
o0902929	n	1(N14)--	1(N14)
o0903005	n	1(N22)--	1(N22)
o0902860	n	3(N01)--	3(N01)
o0901639	s	PAP~a--	PAP~a
o0901426	s	MUŠEN--	MUŠEN
o0903005	n	1(N22)--	1(N22)
o0902860	n	3(N01)--	3(N01)
o0901986	s	ŠEŠ~a--	ŠEŠ~a
o0901697	s	SAL--	SAL
o0900494	s	E₂~b--	E₂~b
o0903005	n	1(N22)--	1(N22)
o0902860	n	3(N01)--	3(N01)
o0901990	s	ŠIDIM--	ŠIDIM
o0903005	n	1(N22)--	1(N22)
o0902860	n	3(N01)--	3(N01)
o0900516	s	EN~a--	EN~a
o0900279	s	DU--	DU
o0900177	s	BU~b--	BU~b
o0902711	s	ZATU759--	ZATU759
o0902934	n	5(N14)--	5(N14)
o0901725	s	SI--	SI
o0901380	s	ME~a--	ME~a
o0902934	n	5(N14)--	5(N14)
o0903006	n	2(N22)--	2(N22)
o0902922	n	8(N08)--	8(N08)
o0900064	s	AL--	AL
o0902934	n	5(N14)--	5(N14)
o0902861	n	4(N01)--	4(N01)
o0903280	n	1(N58)--	1(N58)
o0903062	n	3(N34)--	3(N34)
o0903210	n	1(N57)--	1(N57)
o0901725	s	SI--	SI
o0901380	s	ME~a--	ME~a
o0902932	n	3(N14)--	3(N14)
o0902865	n	8(N01)--	8(N01)
o0903280	n	1(N58)--	1(N58)
o0901611	c	|NUN~a+NAM₂|--	|NUN~a+NAM₂|
o0901090	s	KI--	KI
o0903062	n	3(N34)--	3(N34)
o0903210	n	1(N57)--	1(N57)
o0901990	s	ŠIDIM--	ŠIDIM
o0902933	n	4(N14)--	4(N14)
o0902863	n	6(N01)--	6(N01)
o0903280	n	1(N58)--	1(N58)
o0903062	n	3(N34)--	3(N34)
o0903210	n	1(N57)--	1(N57)
o0902933	n	4(N14)--	4(N14)
o0903005	n	1(N22)--	1(N22)
o0902861	n	4(N01)--	4(N01)
o0902922	n	8(N08)--	8(N08)
o0900000	s	A--	A
o0900778	s	GAN₂--	GAN₂
o0902930	n	2(N14)--	2(N14)
o0902859	n	2(N01)--	2(N01)
o0903280	n	1(N58)--	1(N58)
o0903059	n	1(N34)--	1(N34)
o0902933	n	4(N14)--	4(N14)
o0903210	n	1(N57)--	1(N57)
o0902929	n	1(N14)--	1(N14)
o0902861	n	4(N01)--	4(N01)
o0903368	s	X--	X
o0900778	s	GAN₂--	GAN₂
o0902860	n	3(N01)--	3(N01)
o0901639	s	PAP~a--	PAP~a
o0903215	c	|1(N57).MUŠEN|--	|1(N57).MUŠEN|
o0902860	n	3(N01)--	3(N01)
o0901626	s	PA~a--	PA~a
o0902861	n	4(N01)--	4(N01)
o0901039	s	KA₂~b--	KA₂~b
o0902858	n	1(N01)--	1(N01)
o0900064	s	AL--	AL
o0902859	n	2(N01)--	2(N01)
o0900093	s	ANŠE~a--	ANŠE~a
o0903368	s	X--	X
o0902859	n	2(N01)--	2(N01)
o0900082	s	AMAR--	AMAR
o0902929	n	1(N14)--	1(N14)
o0902862	n	5(N01)--	5(N01)
o0901639	s	PAP~a--	PAP~a
o0903215	c	|1(N57).MUŠEN|--	|1(N57).MUŠEN|
o0900516	s	EN~a--	EN~a
o0900983	s	IB~a--	IB~a
o0902858	n	1(N01)--	1(N01)
o0900064	s	AL--	AL
o0902861	n	4(N01)--	4(N01)
o0902142	s	TUR--	TUR
o0902929	n	1(N14)--	1(N14)
o0901697	s	SAL--	SAL
o0902859	n	2(N01)--	2(N01)
o0903022	n	1(N25)--	1(N25)
o0903039	n	1(N29A)--	1(N29~a)
o0902859	n	2(N01)--	2(N01)
o0900296	s	DU₈~c--	DU₈~c
o0903026	n	1(N27)--	1(N27)
o0902859	n	2(N01)--	2(N01)
o0900309	s	DU₈~c@g--	DU₈~c@g
o0903026	n	1(N27)--	1(N27)
o0902860	n	3(N01)--	3(N01)
o0902631	s	ZATU726~d--	ZATU726~d
o0903026	n	1(N27)--	1(N27)
o0902862	n	5(N01)--	5(N01)
o0902161	s	U₄--	U₄
o0900779	s	GAR--	GAR
o0903039	n	1(N29A)--	1(N29~a)
o0902863	n	6(N01)--	6(N01)
o0901145	s	KU₆~a--	KU₆~a
o0902142	s	TUR--	TUR
o0900779	s	GAR--	GAR
o0903053	n	1(N30C)--	1(N30~c)
o0903039	n	1(N29A)--	1(N29~a)
o0901916	s	ŠA@g--	ŠA@g
o0902858	n	1(N01)--	1(N01)
o0900920	s	GUG₂--	GUG₂
o0901678	s	SAG--	SAG
o0902929	n	1(N14)--	1(N14)
o0900309	s	DU₈~c@g--	DU₈~c@g
o0902929	n	1(N14)--	1(N14)
o0902859	n	2(N01)--	2(N01)
o0900779	s	GAR--	GAR
o0903053	n	1(N30C)--	1(N30~c)
o0903311	n	1(N39A)--	1(N39~a)
o0903016	n	1(N24)--	1(N24)
o0901946	s	ŠE~a--	ŠE~a
o0903344	n	1(N42A)--	1(N42~a)
o0902930	n	2(N14)--	2(N14)
o0903265	c	|5(N57).GAR|--	|5(N57).GAR|
o0903311	n	1(N39A)--	1(N39~a)
o0901946	s	ŠE~a--	ŠE~a
o0902860	n	3(N01)--	3(N01)
o0903344	n	1(N42A)--	1(N42~a)
o0902859	n	2(N01)--	2(N01)
o0900331	s	DUG~a--	DUG~a
o0903311	n	1(N39A)--	1(N39~a)
o0902929	n	1(N14)--	1(N14)
o0901078	s	KAŠ~a--	KAŠ~a
o0902161	s	U₄--	U₄
o0900976	s	HI@g~a--	HI@g~a
o0902859	n	2(N01)--	2(N01)
o0901187	s	LAGAB~b--	LAGAB~b
o0901078	s	KAŠ~a--	KAŠ~a
o0901946	s	ŠE~a--	ŠE~a
o0902861	n	4(N01)--	4(N01)
o0902884	n	1(N04)--	1(N04)
o0902858	n	1(N01)--	1(N01)
o0900296	s	DU₈~c--	DU₈~c
o0903051	n	1(N30A)--	1(N30~a)
o0902859	n	2(N01)--	2(N01)
o0902631	s	ZATU726~d--	ZATU726~d
o0903051	n	1(N30A)--	1(N30~a)
o0902859	n	2(N01)--	2(N01)
o0902161	s	U₄--	U₄
o0900779	s	GAR--	GAR
o0903051	n	1(N30A)--	1(N30~a)
o0902929	n	1(N14)--	1(N14)
o0901951	c	|ŠE~a.GAR|--	|ŠE~a.GAR|
o0903311	n	1(N39A)--	1(N39~a)
o0903039	n	1(N29A)--	1(N29~a)
o0901916	s	ŠA@g--	ŠA@g
o0902859	n	2(N01)--	2(N01)
o0900920	s	GUG₂--	GUG₂
o0901678	s	SAG--	SAG
o0902863	n	6(N01)--	6(N01)
o0901145	s	KU₆~a--	KU₆~a
o0900779	s	GAR--	GAR
o0903039	n	1(N29A)--	1(N29~a)
o0901916	s	ŠA@g--	ŠA@g
o0903311	n	1(N39A)--	1(N39~a)
o0903016	n	1(N24)--	1(N24)
o0902991	n	1(N20)--	1(N20)
o0902896	n	3(N05)--	3(N05)
o0903346	n	3(N42A)--	3(N42~a)
o0903039	n	1(N29A)--	1(N29~a)
o0900976	s	HI@g~a--	HI@g~a
o0901946	s	ŠE~a--	ŠE~a
o0902895	n	2(N05)--	2(N05)
o0903345	n	2(N42A)--	2(N42~a)
o0900976	s	HI@g~a--	HI@g~a
o0902929	n	1(N14)--	1(N14)
o0902858	n	1(N01)--	1(N01)
o0903039	n	1(N29A)--	1(N29~a)
o0901946	s	ŠE~a--	ŠE~a
o0902883	n	5(N03)--	5(N03)
o0902182	c	|U₄×2(N01)|--	|U₄×2(N01)|
o0900912	s	GU₇--	GU₇
o0903174	n	1(N50)--	1(N50)
o0903368	s	X--	X
o0900983	s	IB~a--	IB~a
o0901725	s	SI--	SI
o0903174	n	1(N50)--	1(N50)
o0903005	n	1(N22)--	1(N22)
o0902859	n	2(N01)--	2(N01)
o0902912	n	2(N08)--	2(N08)
o0902862	n	5(N01)--	5(N01)
o0902922	n	8(N08)--	8(N08)
o0900983	s	IB~a--	IB~a
o0903006	n	2(N22)--	2(N22)
o0902860	n	3(N01)--	3(N01)
o0902929	n	1(N14)--	1(N14)
o0903005	n	1(N22)--	1(N22)
o0900012	s	AB~a--	AB~a
o0900493	s	E₂~a--	E₂~a
o0902929	n	1(N14)--	1(N14)
o0903006	n	2(N22)--	2(N22)
o0903368	s	X--	X
o0903005	n	1(N22)--	1(N22)
o0902860	n	3(N01)--	3(N01)
o0900012	s	AB~a--	AB~a
o0903005	n	1(N22)--	1(N22)
o0902860	n	3(N01)--	3(N01)
o0903368	s	X--	X
o0903005	n	1(N22)--	1(N22)
o0903175	n	2(N50)--	2(N50)
o0902939	n	8(N14)--	8(N14)
o0902861	n	4(N01)--	4(N01)
o0903234	n	3(N57)--	3(N57)
o0901946	s	ŠE~a--	ŠE~a
o0901711	s	SANGA~a--	SANGA~a
o0901129	s	KIŠ--	KIŠ
o0901187	s	LAGAB~b--	LAGAB~b
o0902858	n	1(N01)--	1(N01)
o0903368	s	X--	X
o0902858	n	1(N01)--	1(N01)
o0901609	c	|NUN~b+EN~a|--	|EN~a+NUN~b|
o0902929	n	1(N14)--	1(N14)
o0900287	s	DU₆~b--	DU₆~b
o0902929	n	1(N14)--	1(N14)
o0902161	s	U₄--	U₄
o0900779	s	GAR--	GAR
o0902858	n	1(N01)--	1(N01)
o0900296	s	DU₈~c--	DU₈~c
o0900912	s	GU₇--	GU₇
o0903188	n	1(N51)--	1(N51)
o0900779	s	GAR--	GAR
o0900296	s	DU₈~c--	DU₈~c
o0902929	n	1(N14)--	1(N14)
o0902866	n	9(N01)--	9(N01)
o0902161	s	U₄--	U₄
o0900779	s	GAR--	GAR
o0902930	n	2(N14)--	2(N14)
o0902861	n	4(N01)--	4(N01)
o0902932	n	3(N14)--	3(N14)
o0902865	n	8(N01)--	8(N01)
o0900912	s	GU₇--	GU₇
o0903059	n	1(N34)--	1(N34)
o0902930	n	2(N14)--	2(N14)
o0902859	n	2(N01)--	2(N01)
o0900779	s	GAR--	GAR
o0902858	n	1(N01)--	1(N01)
o0900729	s	GAL~a--	GAL~a
o0901516	s	NIM~a--	NIM~a
o0902858	n	1(N01)--	1(N01)
o0900516	s	EN~a--	EN~a
o0900516	s	EN~a--	EN~a
o0902858	n	1(N01)--	1(N01)
o0900778	s	GAN₂--	GAN₂
o0900870	s	GIR₃@g~b--	GIR₃@g~b
o0900839	s	GIBIL--	GIBIL
o0902858	n	1(N01)--	1(N01)
o0901656	s	PU₂--	PU₂
o0903368	s	X--	X
o0902858	n	1(N01)--	1(N01)
o0900729	s	GAL~a--	GAL~a
o0900908	s	GU₄--	GU₄
o0902858	n	1(N01)--	1(N01)
o0901522	s	NIMGIR--	NIMGIR
o0902858	n	1(N01)--	1(N01)
o0900516	s	EN~a--	EN~a
o0900100	s	APIN~a--	APIN~a
o0902858	n	1(N01)--	1(N01)
o0901697	s	SAL--	SAL
o0902293	s	UNUG~a--	UNUG~a
o0901262	s	LAGAR~a--	LAGAR~a
o0902858	n	1(N01)--	1(N01)
o0900729	s	GAL~a--	GAL~a
o0901711	s	SANGA~a--	SANGA~a
o0901711	s	SANGA~a--	SANGA~a
o0902858	n	1(N01)--	1(N01)
o0900516	s	EN~a--	EN~a
o0901592	s	NUN~a--	NUN~a
o0900870	s	GIR₃@g~b--	GIR₃@g~b
o0901483	s	NE~a--	NE~a
o0901380	s	ME~a--	ME~a
o0901090	s	KI--	KI
o0902858	n	1(N01)--	1(N01)
o0900503	c	|E₂~a×1(N58@t)|--	|E₂~a×1(N57)@t|
o0901448	s	NAB--	NAB
o0900260	s	DI--	DI
o0902858	n	1(N01)--	1(N01)
o0900089	s	AN--	AN
o0901963	s	ŠE₃--	ŠE₃
o0900493	s	E₂~a--	E₂~a
o0902858	n	1(N01)--	1(N01)
o0901468	s	NAM₂--	NAM₂
o0901090	s	KI--	KI
o0901671	s	RU--	RU
o0900000	s	A--	A
o0902929	n	1(N14)--	1(N14)
o0901380	s	ME~a--	ME~a
o0901090	s	KI--	KI
o0901483	s	NE~a--	NE~a
o0902860	n	3(N01)--	3(N01)
o0901671	s	RU--	RU
o0900000	s	A--	A
o0902929	n	1(N14)--	1(N14)
o0902860	n	3(N01)--	3(N01)
o0900279	s	DU--	DU
o0901090	s	KI--	KI
o0900175	s	BU~a--	BU~a
o0900806	s	GI--	GI
o0900503	c	|E₂~a×1(N58@t)|--	|E₂~a×1(N57)@t|
o0901626	s	PA~a--	PA~a
o0901142	s	KU₃~a--	KU₃~a
o0900000	s	A--	A
o0900890	s	GIŠ₃~b--	GIŠ₃~b
o0902859	n	2(N01)--	2(N01)
o0900493	s	E₂~a--	E₂~a
o0902859	n	2(N01)--	2(N01)
o0902007	s	ŠITA~b1--	ŠITA~b1
o0900331	s	DUG~a--	DUG~a
o0902858	n	1(N01)--	1(N01)
o0900394	c	|DUG~a×1(N57)|--	|DUG~a×1(N57)|
o0900012	s	AB~a--	AB~a
o0902859	n	2(N01)--	2(N01)
o0902007	s	ŠITA~b1--	ŠITA~b1
o0900331	s	DUG~a--	DUG~a
o0902858	n	1(N01)--	1(N01)
o0900545	s	ERIN--	ERIN
o0901421	s	MUŠ₃~a--	MUŠ₃~a
o0902859	n	2(N01)--	2(N01)
o0902858	n	1(N01)--	1(N01)
o0902627	s	ZATU725--	ZATU725
o0902859	n	2(N01)--	2(N01)
o0902007	s	ŠITA~b1--	ŠITA~b1
o0900331	s	DUG~a--	DUG~a
o0901078	s	KAŠ~a--	KAŠ~a
o0902161	s	U₄--	U₄
o0902858	n	1(N01)--	1(N01)
o0901115	s	KISAL~b1--	KISAL~b1
o0900552	s	EZEN~b--	EZEN~b
o0902859	n	2(N01)--	2(N01)
o0900503	c	|E₂~a×1(N58@t)|--	|E₂~a×1(N57)@t|
o0902860	n	3(N01)--	3(N01)
o0901881	s	SUHUR--	SUHUR
o0900331	s	DUG~a--	DUG~a
o0902859	n	2(N01)--	2(N01)
o0900394	c	|DUG~a×1(N57)|--	|DUG~a×1(N57)|
o0902859	n	2(N01)--	2(N01)
o0901725	s	SI--	SI
o0902858	n	1(N01)--	1(N01)
o0903368	s	X--	X
o0902858	n	1(N01)--	1(N01)
o0900012	s	AB~a--	AB~a
o0902860	n	3(N01)--	3(N01)
o0900494	s	E₂~b--	E₂~b
o0900729	s	GAL~a--	GAL~a
o0902004	s	ŠITA~a1--	ŠITA~a1
o0902858	n	1(N01)--	1(N01)
o0900778	s	GAN₂--	GAN₂
o0901725	s	SI--	SI
o0902858	n	1(N01)--	1(N01)
o0902007	s	ŠITA~b1--	ŠITA~b1
o0901746	s	SIG--	SIG
o0902858	n	1(N01)--	1(N01)
o0902418	s	ZABALAM~a--	ZABALAM~a
o0902261	s	UKKIN~a--	UKKIN~a
o0900077	s	AMA~a--	AMA~a
o0900912	s	GU₇--	GU₇
o0902929	n	1(N14)--	1(N14)
o0902007	s	ŠITA~b1--	ŠITA~b1
o0900331	s	DUG~a--	DUG~a
o0902865	n	8(N01)--	8(N01)
o0900912	s	GU₇--	GU₇
o0902859	n	2(N01)--	2(N01)
o0900115	s	BA--	BA
o0902929	n	1(N14)--	1(N14)
o0901078	s	KAŠ~a--	KAŠ~a
o0902161	s	U₄--	U₄
o0902862	n	5(N01)--	5(N01)
o0900912	s	GU₇--	GU₇
o0902862	n	5(N01)--	5(N01)
o0900115	s	BA--	BA
o0902932	n	3(N14)--	3(N14)
o0901187	s	LAGAB~b--	LAGAB~b
o0901078	s	KAŠ~a--	KAŠ~a
o0901946	s	ŠE~a--	ŠE~a
o0902929	n	1(N14)--	1(N14)
o0902865	n	8(N01)--	8(N01)
o0900912	s	GU₇--	GU₇
o0902929	n	1(N14)--	1(N14)
o0902860	n	3(N01)--	3(N01)
o0900115	s	BA--	BA
o0902859	n	2(N01)--	2(N01)
o0903314	n	4(N39A)--	4(N39~a)
o0902182	c	|U₄×2(N01)|--	|U₄×2(N01)|
o0901145	s	KU₆~a--	KU₆~a
o0902309	s	UR₂--	UR₂
o0901659	s	RAD~a--	RAD~a
o0903312	n	2(N39A)--	2(N39~a)
o0903023	n	1(N26)--	1(N26)
o0902168	c	|U₄.6(N08)|--	|U₄.6(N08)|
o0902859	n	2(N01)--	2(N01)
o0903312	n	2(N39A)--	2(N39~a)
o0902182	c	|U₄×2(N01)|--	|U₄×2(N01)|
o0903039	n	1(N29A)--	1(N29~a)
o0902219	c	|U₄.1(N24)|--	|U₄+1(N24)|
o0903314	n	4(N39A)--	4(N39~a)
o0903039	n	1(N29A)--	1(N29~a)
o0902188	c	|U₄×4(N01)|--	|U₄×4(N01)|
o0900552	s	EZEN~b--	EZEN~b
o0902219	c	|U₄.1(N24)|--	|U₄+1(N24)|
o0900154	s	BAR--	BAR
o0902930	n	2(N14)--	2(N14)
o0902860	n	3(N01)--	3(N01)
o0900516	s	EN~a--	EN~a
o0901452	s	NAGA~a--	NAGA~a
o0902930	n	2(N14)--	2(N14)
o0902180	c	|U₄×(1(N01).1(N24))|--	|U₄×1(N01)+1(N24)|
o0900552	s	EZEN~b--	EZEN~b
o0900154	s	BAR--	BAR
o0902858	n	1(N01)--	1(N01)
o0903313	n	3(N39A)--	3(N39~a)
o0903047	n	1(N30B)--	1(N30~b)
o0901524	s	NIN--	NIN
o0903039	n	1(N29A)--	1(N29~a)
o0902858	n	1(N01)--	1(N01)
o0903313	n	3(N39A)--	3(N39~a)
o0900912	s	GU₇--	GU₇
o0902858	n	1(N01)--	1(N01)
o0903311	n	1(N39A)--	1(N39~a)
o0903368	s	X--	X
o0902859	n	2(N01)--	2(N01)
o0903313	n	3(N39A)--	3(N39~a)
o0901158	s	KUR~a--	KUR~a
o0901000	s	IM~a--	IM~a
o0903312	n	2(N39A)--	2(N39~a)
o0903016	n	1(N24)--	1(N24)
o0901158	s	KUR~a--	KUR~a
o0903368	s	X--	X
o0903311	n	1(N39A)--	1(N39~a)
o0902243	s	UDU~a--	UDU~a
o0902700	s	ZATU752--	ZATU752
o0903016	n	1(N24)--	1(N24)
o0901697	s	SAL--	SAL
o0901070	s	KALAM~h2--	KALAM~h2
o0903016	n	1(N24)--	1(N24)
o0901697	s	SAL--	SAL
o0901393	s	MUD--	MUD
o0902327	s	UR₅~a--	UR₅~a
o0903313	n	3(N39A)--	3(N39~a)
o0901184	s	LA₂--	LA₂
o0901879	s	SUG₅--	SUG₅
o0903016	n	1(N24)--	1(N24)
o0903053	n	1(N30C)--	1(N30~c)
o0900493	s	E₂~a--	E₂~a
o0900175	s	BU~a--	BU~a
o0903312	n	2(N39A)--	2(N39~a)
o0900212	s	BUR~b--	BUR~b
o0900552	s	EZEN~b--	EZEN~b
o0901697	s	SAL--	SAL
o0903312	n	2(N39A)--	2(N39~a)
o0900217	s	DA~a--	DA~a
o0900493	s	E₂~a--	E₂~a
o0903039	n	1(N29A)--	1(N29~a)
o0901737	c	|SI+AN|--	|SI+AN|
o0903039	n	1(N29A)--	1(N29~a)
o0903210	n	1(N57)--	1(N57)
o0901524	s	NIN--	NIN
o0903039	n	1(N29A)--	1(N29~a)
o0901697	s	SAL--	SAL
o0901158	s	KUR~a--	KUR~a
o0900000	s	A--	A
o0900012	s	AB~a--	AB~a
o0903311	n	1(N39A)--	1(N39~a)
o0901524	s	NIN--	NIN
o0903311	n	1(N39A)--	1(N39~a)
o0903368	s	X--	X
o0903053	n	1(N30C)--	1(N30~c)
o0903023	n	1(N26)--	1(N26)
o0901158	s	KUR~a--	KUR~a
o0903368	s	X--	X
o0901614	s	NUNUZ~a1--	NUNUZ~a1
o0902860	n	3(N01)--	3(N01)
o0903314	n	4(N39A)--	4(N39~a)
o0903016	n	1(N24)--	1(N24)
o0902033	s	ŠU--	ŠU
o0902327	s	UR₅~a--	UR₅~a
o0901946	s	ŠE~a--	ŠE~a
o0903311	n	1(N39A)--	1(N39~a)
o0903016	n	1(N24)--	1(N24)
o0903028	n	1(N28)--	1(N28)
o0903039	n	1(N29A)--	1(N29~a)
o0902859	n	2(N01)--	2(N01)
o0903312	n	2(N39A)--	2(N39~a)
o0900516	s	EN~a--	EN~a
o0900175	s	BU~a--	BU~a
o0901946	s	ŠE~a--	ŠE~a
o0903016	n	1(N24)--	1(N24)
o0900279	s	DU--	DU
o0902302	s	UR~a--	UR~a
o0903313	n	3(N39A)--	3(N39~a)
o0902033	s	ŠU--	ŠU
o0900778	s	GAN₂--	GAN₂
o0900100	s	APIN~a--	APIN~a
o0903118	n	4(N41)--	4(N41)
o0903037	n	2(N29A)--	2(N29~a)
o0902180	c	|U₄×(1(N01).1(N24))|--	|U₄×(1(N01).1(N24))|
o0902188	c	|U₄×4(N01)|--	|U₄×4(N01)|
o0900154	s	BAR--	BAR
o0900552	s	EZEN~b--	EZEN~b
o0902886	n	3(N04)--	3(N04)
o0903115	n	1(N41)--	1(N41)
o0903336	n	1(N24B)--	1(N24~b)
o0900912	s	GU₇--	GU₇
o0902885	n	2(N04)--	2(N04)
o0902060	s	ŠUBUR--	ŠUBUR
o0902886	n	3(N04)--	3(N04)
o0902339	s	URU~a1--	URU~a1
o0902257	s	UH₃~b--	UH₃~b
o0902886	n	3(N04)--	3(N04)
o0900012	s	AB~a--	AB~a
o0902886	n	3(N04)--	3(N04)
o0903116	n	2(N41)--	2(N41)
o0900217	s	DA~a--	DA~a
o0901626	s	PA~a--	PA~a
o0902974	n	3(N19)--	3(N19)
o0902886	n	3(N04)--	3(N04)
o0901589	s	NUMUN--	NUMUN
o0902972	n	1(N19)--	1(N19)
o0900552	s	EZEN~b--	EZEN~b
o0902339	s	URU~a1--	URU~a1
o0902219	c	|U₄.1(N24)|--	|U₄+1(N24)|
o0900154	s	BAR--	BAR
o0902972	n	1(N19)--	1(N19)
o0902885	n	2(N04)--	2(N04)
o0903116	n	2(N41)--	2(N41)
o0902884	n	1(N04)--	1(N04)
o0902884	n	1(N04)--	1(N04)
o0901483	s	NE~a--	NE~a
o0902327	s	UR₅~a--	UR₅~a
o0901946	s	ŠE~a--	ŠE~a
o0903116	n	2(N41)--	2(N41)
o0902142	s	TUR--	TUR
o0903368	s	X--	X
o0900494	s	E₂~b--	E₂~b
o0903115	n	1(N41)--	1(N41)
o0901697	s	SAL--	SAL
o0902700	s	ZATU752--	ZATU752
o0902884	n	1(N04)--	1(N04)
o0900912	s	GU₇--	GU₇
o0902972	n	1(N19)--	1(N19)
o0902887	n	4(N04)--	4(N04)
o0903368	s	X--	X
o0903137	n	2(N45)--	2(N45)
o0902858	n	1(N01)--	1(N01)
o0903313	n	3(N39A)--	3(N39~a)
o0903016	n	1(N24)--	1(N24)
o0903028	n	1(N28)--	1(N28)
o0903039	n	1(N29A)--	1(N29~a)
o0903053	n	1(N30C)--	1(N30~c)
o0901946	s	ŠE~a--	ŠE~a
o0902939	n	8(N14)--	8(N14)
o0902859	n	2(N01)--	2(N01)
o0903314	n	4(N39A)--	4(N39~a)
o0903039	n	1(N29A)--	1(N29~a)
o0903051	n	1(N30A)--	1(N30~a)
o0901946	s	ŠE~a--	ŠE~a
o0903153	n	1(N46)--	1(N46)
o0903118	n	4(N41)--	4(N41)
o0903337	n	1(N26B)--	1(N26~b)
o0903338	n	1(N28B)--	1(N28~b)
o0903053	n	1(N30C)--	1(N30~c)
o0902972	n	1(N19)--	1(N19)
o0902887	n	4(N04)--	4(N04)
o0901187	s	LAGAB~b--	LAGAB~b
o0902102	s	TE--	TE
o0901711	s	SANGA~a--	SANGA~a
o0900729	s	GAL~a--	GAL~a
o0901711	s	SANGA~a--	SANGA~a
o0902188	c	|U₄×4(N01)|--	|U₄×4(N01)|
o0900912	s	GU₇--	GU₇
o0902830	s	ZI~a--	ZI~a
o0902227	s	UB--	UB
o0901941	s	ŠAM₂--	ŠAM₂
o0901145	s	KU₆~a--	KU₆~a
o0901115	s	KISAL~b1--	KISAL~b1
o0903064	n	5(N34)--	5(N34)
o0902930	n	2(N14)--	2(N14)
o0903368	s	X--	X
o0903210	n	1(N57)--	1(N57)
o0903064	n	5(N34)--	5(N34)
o0902862	n	5(N01)--	5(N01)
o0903280	n	1(N58)--	1(N58)
o0903178	n	5(N50)--	5(N50)
o0902933	n	4(N14)--	4(N14)
o0902861	n	4(N01)--	4(N01)
o0903063	n	4(N34)--	4(N34)
o0903059	n	1(N34)--	1(N34)
o0902930	n	2(N14)--	2(N14)
o0902859	n	2(N01)--	2(N01)
o0902862	n	5(N01)--	5(N01)
o0900516	s	EN~a--	EN~a
o0903368	s	X--	X
o0900111	s	ASAR--	ASAR
o0902872	n	3(N02)--	3(N02)
o0902929	n	1(N14)--	1(N14)
o0903368	s	X--	X
o0902596	s	ZATU703--	ZATU703
o0902874	n	5(N02)--	5(N02)
o0902930	n	2(N14)--	2(N14)
o0902863	n	6(N01)--	6(N01)
o0901090	s	KI--	KI
o0902872	n	3(N02)--	3(N02)
o0900115	s	BA--	BA
o0902869	n	1(N02)--	1(N02)
o0902858	n	1(N01)--	1(N01)
o0903368	s	X--	X
o0902929	n	1(N14)--	1(N14)
o0902858	n	1(N01)--	1(N01)
o0903368	s	X--	X
o0902869	n	1(N02)--	1(N02)
o0900115	s	BA--	BA
o0902858	n	1(N01)--	1(N01)
o0900493	s	E₂~a--	E₂~a
o0901158	s	KUR~a--	KUR~a
o0902873	n	4(N02)--	4(N02)
o0901325	s	MAH~a--	MAH~a
o0902865	n	8(N01)--	8(N01)
o0901887	s	SUKKAL--	SUKKAL
o0902871	n	2(N02)--	2(N02)
o0902930	n	2(N14)--	2(N14)
o0902323	s	UR₄~a--	UR₄~a
o0902862	n	5(N01)--	5(N01)
o0901671	s	RU--	RU
o0902873	n	4(N02)--	4(N02)
o0900729	s	GAL~a--	GAL~a
o0903368	s	X--	X
o0900516	s	EN~a--	EN~a
o0902930	n	2(N14)--	2(N14)
o0902862	n	5(N01)--	5(N01)
o0902711	s	ZATU759--	ZATU759
o0901678	s	SAG--	SAG
o0902859	n	2(N01)--	2(N01)
o0903368	s	X--	X
o0901725	s	SI--	SI
o0902871	n	2(N02)--	2(N02)
o0902859	n	2(N01)--	2(N01)
o0900493	s	E₂~a--	E₂~a
o0901585	s	NU@g--	NU@g
o0902929	n	1(N14)--	1(N14)
o0902863	n	6(N01)--	6(N01)
o0902596	s	ZATU703--	ZATU703
o0900115	s	BA--	BA
o0900516	s	EN~a--	EN~a
o0902861	n	4(N01)--	4(N01)
o0901711	s	SANGA~a--	SANGA~a
o0900089	s	AN--	AN
o0900516	s	EN~a--	EN~a
o0901671	s	RU--	RU
o0902872	n	3(N02)--	3(N02)
o0901483	s	NE~a--	NE~a
o0902860	n	3(N01)--	3(N01)
o0900516	s	EN~a--	EN~a
o0902865	n	8(N01)--	8(N01)
o0901887	s	SUKKAL--	SUKKAL
o0902339	s	URU~a1--	URU~a1
o0900875	s	GIŠ--	GIŠ
o0901659	s	RAD~a--	RAD~a
o0902859	n	2(N01)--	2(N01)
o0900516	s	EN~a--	EN~a
o0902033	s	ŠU--	ŠU
o0900546	s	EŠDA--	EŠDA
o0902875	n	6(N02)--	6(N02)
o0902872	n	3(N02)--	3(N02)
o0901483	s	NE~a--	NE~a
o0901129	s	KIŠ--	KIŠ
o0900729	s	GAL~a--	GAL~a
o0903062	n	3(N34)--	3(N34)
o0902930	n	2(N14)--	2(N14)
o0901407	s	MUN~a1--	MUN~a1
o0900115	s	BA--	BA
o0902878	n	9(N02)--	9(N02)
o0900115	s	BA--	BA
o0902959	n	5(N15)--	5(N15)
o0902869	n	1(N02)--	1(N02)
o0902875	n	6(N02)--	6(N02)
o0901483	s	NE~a--	NE~a
o0903064	n	5(N34)--	5(N34)
o0902934	n	5(N14)--	5(N14)
o0902865	n	8(N01)--	8(N01)
o0901407	s	MUN~a1--	MUN~a1
o0902862	n	5(N01)--	5(N01)
o0902221	s	U₈--	U₈
o0902934	n	5(N14)--	5(N14)
o0902864	n	7(N01)--	7(N01)
o0902862	n	5(N01)--	5(N01)
o0902243	s	UDU~a--	UDU~a
o0902865	n	8(N01)--	8(N01)
o0902858	n	1(N01)--	1(N01)
o0902250	s	UDUNITA~a--	UDUNITA~a
o0902863	n	6(N01)--	6(N01)
o0901376	s	MAŠ--	MAŠ
o0902859	n	2(N01)--	2(N01)
o0902858	n	1(N01)--	1(N01)
o0901377	s	MAŠ₂--	MAŠ₂
o0900729	s	GAL~a--	GAL~a
o0901711	s	SANGA~a--	SANGA~a
o0901586	s	NU₁₁--	NU₁₁
o0900089	s	AN--	AN
o0902327	s	UR₅~a--	UR₅~a
o0903368	s	X--	X
o0902227	s	UB--	UB
o0900260	s	DI--	DI
o0901659	s	RAD~a--	RAD~a
o0902859	n	2(N01)--	2(N01)
o0902858	n	1(N01)--	1(N01)
o0902227	s	UB--	UB
o0901468	s	NAM₂--	NAM₂
o0901626	s	PA~a--	PA~a
o0901659	s	RAD~a--	RAD~a
o0902858	n	1(N01)--	1(N01)
o0900089	s	AN--	AN
o0902327	s	UR₅~a--	UR₅~a
o0901468	s	NAM₂--	NAM₂
o0901711	s	SANGA~a--	SANGA~a
o0900729	s	GAL~a--	GAL~a
o0902858	n	1(N01)--	1(N01)
o0901648	s	PIRIG~b1--	PIRIG~b1
o0900264	s	DILMUN--	DILMUN
o0902858	n	1(N01)--	1(N01)
o0900875	s	GIŠ--	GIŠ
o0900089	s	AN--	AN
o0902102	s	TE--	TE
o0902858	n	1(N01)--	1(N01)
o0901771	s	SIG₇--	SIG₇
o0901639	s	PAP~a--	PAP~a
o0901697	s	SAL--	SAL
o0902858	n	1(N01)--	1(N01)
o0901080	s	KAŠ~b--	KAŠ~b
o0901481	s	NAR--	NAR
o0900229	s	DAR~b--	DAR~b
o0900493	s	E₂~a--	E₂~a
o0903236	c	|3(N57).AZ|--	|3(N57).AZ|
o0901671	s	RU--	RU
o0901145	s	KU₆~a--	KU₆~a
o0900331	s	DUG~a--	DUG~a
o0901184	s	LA₂--	LA₂
o0901879	s	SUG₅--	SUG₅
o0901671	s	RU--	RU
o0901771	s	SIG₇--	SIG₇
o0903368	s	X--	X
o0901483	s	NE~a--	NE~a
o0900516	s	EN~a--	EN~a
o0903368	s	X--	X
o0900279	s	DU--	DU
o0901426	s	MUŠEN--	MUŠEN
o0900111	s	ASAR--	ASAR
o0900175	s	BU~a--	BU~a
o0901697	s	SAL--	SAL
o0901639	s	PAP~a--	PAP~a
o0900175	s	BU~a--	BU~a
o0901468	s	NAM₂--	NAM₂
o0900115	s	BA--	BA
o0900516	s	EN~a--	EN~a
o0902102	s	TE--	TE
o0901659	s	RAD~a--	RAD~a
o0902858	n	1(N01)--	1(N01)
o0903368	s	X--	X
o0902858	n	1(N01)--	1(N01)
o0903368	s	X--	X
o0902858	n	1(N01)--	1(N01)
o0903368	s	X--	X
o0902858	n	1(N01)--	1(N01)
o0903368	s	X--	X
o0900041	s	AB₂--	AB₂
o0902858	n	1(N01)--	1(N01)
o0903368	s	X--	X
o0900041	s	AB₂--	AB₂
o0902858	n	1(N01)--	1(N01)
o0903368	s	X--	X
o0900041	s	AB₂--	AB₂
o0902858	n	1(N01)--	1(N01)
o0900041	s	AB₂--	AB₂
o0902858	n	1(N01)--	1(N01)
o0902858	n	1(N01)--	1(N01)
o0902858	n	1(N01)--	1(N01)
o0903368	s	X--	X
o0902858	n	1(N01)--	1(N01)
o0903368	s	X--	X
o0902858	n	1(N01)--	1(N01)
o0903368	s	X--	X
o0902858	n	1(N01)--	1(N01)
o0903368	s	X--	X
o0902858	n	1(N01)--	1(N01)
o0901483	s	NE~a--	NE~a
o0900908	s	GU₄--	GU₄
o0902858	n	1(N01)--	1(N01)
o0902161	s	U₄--	U₄
o0900908	s	GU₄--	GU₄
o0902858	n	1(N01)--	1(N01)
o0900836	s	GI₆--	GI₆
o0900908	s	GU₄--	GU₄
o0902858	n	1(N01)--	1(N01)
o0902033	s	ŠU--	ŠU
o0900908	s	GU₄--	GU₄
o0902858	n	1(N01)--	1(N01)
o0902033	s	ŠU--	ŠU
o0900154	s	BAR--	BAR
o0900908	s	GU₄--	GU₄
o0902858	n	1(N01)--	1(N01)
o0903368	s	X--	X
o0900908	s	GU₄--	GU₄
o0902858	n	1(N01)--	1(N01)
o0902858	n	1(N01)--	1(N01)
o0903368	s	X--	X
o0903368	s	X--	X
o0902858	n	1(N01)--	1(N01)
o0903368	s	X--	X
o0903368	s	X--	X
o0902858	n	1(N01)--	1(N01)
o0903368	s	X--	X
o0903368	s	X--	X
o0902858	n	1(N01)--	1(N01)
o0903368	s	X--	X
o0903368	s	X--	X
o0902858	n	1(N01)--	1(N01)
o0903368	s	X--	X
o0903234	n	3(N57)--	3(N57)
o0902423	s	ZAG~a--	ZAG~a
o0902858	n	1(N01)--	1(N01)
o0901771	s	SIG₇--	SIG₇
o0900309	s	DU₈~c@g--	DU₈~c@g
o0900912	s	GU₇--	GU₇
o0902858	n	1(N01)--	1(N01)
o0900836	s	GI₆--	GI₆
o0900309	s	DU₈~c@g--	DU₈~c@g
o0901771	s	SIG₇--	SIG₇
o0900912	s	GU₇--	GU₇
o0902858	n	1(N01)--	1(N01)
o0900264	s	DILMUN--	DILMUN
o0900912	s	GU₇--	GU₇
o0902858	n	1(N01)--	1(N01)
o0903368	s	X--	X
o0902858	n	1(N01)--	1(N01)
o0902858	n	1(N01)--	1(N01)
o0902858	n	1(N01)--	1(N01)
o0902858	n	1(N01)--	1(N01)
o0903368	s	X--	X
o0902858	n	1(N01)--	1(N01)
o0903368	s	X--	X
o0903059	n	1(N34)--	1(N34)
o0902286	s	UMBIN~a--	UMBIN~a
o0902862	n	5(N01)--	5(N01)
o0900158	s	BARA₂~a--	BARA₂~a
o0902929	n	1(N14)--	1(N14)
o0902862	n	5(N01)--	5(N01)
o0900885	s	GIŠ@t--	GIŠ@t
o0901376	s	MAŠ--	MAŠ
o0903059	n	1(N34)--	1(N34)
o0903368	s	X--	X
o0902862	n	5(N01)--	5(N01)
o0900158	s	BARA₂~a--	BARA₂~a
o0902929	n	1(N14)--	1(N14)
o0902862	n	5(N01)--	5(N01)
o0900885	s	GIŠ@t--	GIŠ@t
o0901376	s	MAŠ--	MAŠ
o0903059	n	1(N34)--	1(N34)
o0903368	s	X--	X
o0901711	s	SANGA~a--	SANGA~a
o0902862	n	5(N01)--	5(N01)
o0900158	s	BARA₂~a--	BARA₂~a
o0902929	n	1(N14)--	1(N14)
o0902862	n	5(N01)--	5(N01)
o0900885	s	GIŠ@t--	GIŠ@t
o0901376	s	MAŠ--	MAŠ
o0903059	n	1(N34)--	1(N34)
o0900175	s	BU~a--	BU~a
o0900279	s	DU--	DU
o0901639	s	PAP~a--	PAP~a
o0902862	n	5(N01)--	5(N01)
o0900158	s	BARA₂~a--	BARA₂~a
o0902929	n	1(N14)--	1(N14)
o0902862	n	5(N01)--	5(N01)
o0900885	s	GIŠ@t--	GIŠ@t
o0901376	s	MAŠ--	MAŠ
o0902858	n	1(N01)--	1(N01)
o0903368	s	X--	X
o0902858	n	1(N01)--	1(N01)
o0900064	s	AL--	AL
o0902858	n	1(N01)--	1(N01)
o0901063	s	KALAM~b--	KALAM~b
o0902858	n	1(N01)--	1(N01)
o0901639	s	PAP~a--	PAP~a
o0900175	s	BU~a--	BU~a
o0901468	s	NAM₂--	NAM₂
o0902858	n	1(N01)--	1(N01)
o0901639	s	PAP~a--	PAP~a
o0901697	s	SAL--	SAL
o0902858	n	1(N01)--	1(N01)
o0903368	s	X--	X
o0901675	s	SA~c--	SA~c
o0902858	n	1(N01)--	1(N01)
o0901311	s	LUGAL--	LUGAL
o0902858	n	1(N01)--	1(N01)
o0900217	s	DA~a--	DA~a
o0902858	n	1(N01)--	1(N01)
o0901639	s	PAP~a--	PAP~a
o0902858	n	1(N01)--	1(N01)
o0900485	s	DUR₂--	DUR₂
o0901000	s	IM~a--	IM~a
o0901931	s	ŠAGAN--	ŠAGAN
o0902858	n	1(N01)--	1(N01)
o0900516	s	EN~a--	EN~a
o0902858	n	1(N01)--	1(N01)
o0901611	c	|NUN~a+NAM₂|--	|NUN~a+NAM₂|
o0902858	n	1(N01)--	1(N01)
o0900516	s	EN~a--	EN~a
o0902033	s	ŠU--	ŠU
o0900616	s	GA₂~a1--	GA₂~a1
o0902858	n	1(N01)--	1(N01)
o0903236	c	|3(N57).AZ|--	|3(N57).AZ|
o0902858	n	1(N01)--	1(N01)
o0901711	s	SANGA~a--	SANGA~a
o0903222	n	2(N57)--	2(N57)
o0902858	n	1(N01)--	1(N01)
o0901929	s	ŠAB~b--	ŠAB~b
o0902858	n	1(N01)--	1(N01)
o0901285	s	LAM~b--	LAM~b
o0902060	s	ŠUBUR--	ŠUBUR
o0902858	n	1(N01)--	1(N01)
o0900089	s	AN--	AN
o0901107	s	KIN₂~d--	KIN₂~d
o0902858	n	1(N01)--	1(N01)
o0900000	s	A--	A
o0903368	s	X--	X
o0902858	n	1(N01)--	1(N01)
o0900064	s	AL--	AL
o0901725	s	SI--	SI
o0902930	n	2(N14)--	2(N14)
o0903016	n	1(N24)--	1(N24)
o0900779	s	GAR--	GAR
o0900012	s	AB~a--	AB~a
o0902929	n	1(N14)--	1(N14)
o0902858	n	1(N01)--	1(N01)
o0900331	s	DUG~a--	DUG~a
o0901159	s	KUR~b--	KUR~b
o0902872	n	3(N02)--	3(N02)
o0903016	n	1(N24)--	1(N24)
o0903311	n	1(N39A)--	1(N39~a)
o0903016	n	1(N24)--	1(N24)
o0903312	n	2(N39A)--	2(N39~a)
o0903312	n	2(N39A)--	2(N39~a)
o0903016	n	1(N24)--	1(N24)
o0901946	s	ŠE~a--	ŠE~a
o0900779	s	GAR--	GAR
o0903312	n	2(N39A)--	2(N39~a)
o0903311	n	1(N39A)--	1(N39~a)
o0900296	s	DU₈~c--	DU₈~c
o0903311	n	1(N39A)--	1(N39~a)
o0902865	n	8(N01)--	8(N01)
o0902932	n	3(N14)--	3(N14)
o0902860	n	3(N01)--	3(N01)
o0903368	s	X--	X
o0903368	s	X--	X
o0902930	n	2(N14)--	2(N14)
o0902865	n	8(N01)--	8(N01)
o0902339	s	URU~a1--	URU~a1
o0902862	n	5(N01)--	5(N01)
o0902094	s	TAK₄~a--	TAK₄~a
o0901090	s	KI--	KI
o0900154	s	BAR--	BAR
o0902930	n	2(N14)--	2(N14)
o0902859	n	2(N01)--	2(N01)
o0900912	s	GU₇--	GU₇
o0902862	n	5(N01)--	5(N01)
o0902860	n	3(N01)--	3(N01)
o0902929	n	1(N14)--	1(N14)
o0902858	n	1(N01)--	1(N01)
o0901524	s	NIN--	NIN
o0902860	n	3(N01)--	3(N01)
o0900860	s	GIR₃~c--	GIR₃~c
o0902929	n	1(N14)--	1(N14)
o0902858	n	1(N01)--	1(N01)
o0900115	s	BA--	BA
o0901090	s	KI--	KI
o0902862	n	5(N01)--	5(N01)
o0901517	s	NIM~b1--	NIM~b1
o0902859	n	2(N01)--	2(N01)
o0901380	s	ME~a--	ME~a
o0902506	s	ZATU659--	ZATU659
o0900729	s	GAL~a--	GAL~a
o0902859	n	2(N01)--	2(N01)
o0901771	s	SIG₇--	SIG₇
o0902859	n	2(N01)--	2(N01)
o0901725	s	SI--	SI
o0900493	s	E₂~a--	E₂~a
o0900912	s	GU₇--	GU₇
o0902859	n	2(N01)--	2(N01)
o0901671	s	RU--	RU
o0900000	s	A--	A
o0901695	s	SAG@n--	SAG@n
o0902858	n	1(N01)--	1(N01)
o0900115	s	BA--	BA
o0900089	s	AN--	AN
o0902858	n	1(N01)--	1(N01)
o0900115	s	BA--	BA
o0902860	n	3(N01)--	3(N01)
o0903257	n	4(N57)--	4(N57)
o0900064	s	AL--	AL
o0902858	n	1(N01)--	1(N01)
o0900064	s	AL--	AL
o0902136	s	TUN₃~a--	TUN₃~a
o0902884	n	1(N04)--	1(N04)
o0900806	s	GI--	GI
o0903368	s	X--	X
o0903153	n	1(N46)--	1(N46)
o0902972	n	1(N19)--	1(N19)
o0900115	s	BA--	BA
o0902862	n	5(N01)--	5(N01)
o0901678	s	SAG--	SAG
o0901697	s	SAL--	SAL
o0900077	s	AMA~a--	AMA~a
o0902859	n	2(N01)--	2(N01)
o0901697	s	SAL--	SAL
o0901115	s	KISAL~b1--	KISAL~b1
o0901145	s	KU₆~a--	KU₆~a
o0902859	n	2(N01)--	2(N01)
o0902146	s	TUR₃~a--	TUR₃~a
o0901697	s	SAL--	SAL
o0901142	s	KU₃~a--	KU₃~a
o0900516	s	EN~a--	EN~a
o0900616	s	GA₂~a1--	GA₂~a1
o0901380	s	ME~a--	ME~a
o0900279	s	DU--	DU
o0902862	n	5(N01)--	5(N01)
o0901158	s	KUR~a--	KUR~a
o0902293	s	UNUG~a--	UNUG~a
o0903028	n	1(N28)--	1(N28)
o0902858	n	1(N01)--	1(N01)
o0903368	s	X--	X
o0900047	s	ABGAL--	ABGAL
o0902859	n	2(N01)--	2(N01)
o0900493	s	E₂~a--	E₂~a
o0900729	s	GAL~a--	GAL~a
o0902858	n	1(N01)--	1(N01)
o0900729	s	GAL~a--	GAL~a
o0901931	s	ŠAGAN--	ŠAGAN
o0900331	s	DUG~a--	DUG~a
o0902858	n	1(N01)--	1(N01)
o0900729	s	GAL~a--	GAL~a
o0901931	s	ŠAGAN--	ŠAGAN
o0902161	s	U₄--	U₄
o0901981	s	ŠEN~c@t--	ŠEN~c@t
o0902859	n	2(N01)--	2(N01)
o0900729	s	GAL~a--	GAL~a
o0901931	s	ŠAGAN--	ŠAGAN
o0902858	n	1(N01)--	1(N01)
o0901516	s	NIM~a--	NIM~a
o0903368	s	X--	X
o0902858	n	1(N01)--	1(N01)
o0900516	s	EN~a--	EN~a
o0900100	s	APIN~a--	APIN~a
o0903368	s	X--	X
o0900331	s	DUG~a--	DUG~a
o0901946	s	ŠE~a--	ŠE~a
o0903059	n	1(N34)--	1(N34)
o0902932	n	3(N14)--	3(N14)
o0901145	s	KU₆~a--	KU₆~a
o0901115	s	KISAL~b1--	KISAL~b1
o0903059	n	1(N34)--	1(N34)
o0902932	n	3(N14)--	3(N14)
o0900089	s	AN--	AN
o0902309	s	UR₂--	UR₂
o0901918	s	ŠA₃~a1--	ŠA₃~a1
o0903059	n	1(N34)--	1(N34)
o0902930	n	2(N14)--	2(N14)
o0901671	s	RU--	RU
o0903059	n	1(N34)--	1(N34)
o0902929	n	1(N14)--	1(N14)
o0902932	n	3(N14)--	3(N14)
o0900516	s	EN~a--	EN~a
o0901711	s	SANGA~a--	SANGA~a
o0902033	s	ŠU--	ŠU
o0900279	s	DU--	DU
o0900616	s	GA₂~a1--	GA₂~a1
o0902932	n	3(N14)--	3(N14)
o0902033	s	ŠU--	ŠU
o0902830	s	ZI~a--	ZI~a
o0903059	n	1(N34)--	1(N34)
o0902932	n	3(N14)--	3(N14)
o0902864	n	7(N01)--	7(N01)
o0902243	s	UDU~a--	UDU~a
o0903059	n	1(N34)--	1(N34)
o0902860	n	3(N01)--	3(N01)
o0902227	s	UB--	UB
o0903368	s	X--	X
o0902932	n	3(N14)--	3(N14)
o0901929	s	ŠAB~b--	ŠAB~b
o0903063	n	4(N34)--	4(N34)
o0902859	n	2(N01)--	2(N01)
o0903210	n	1(N57)--	1(N57)
o0903061	n	2(N34)--	2(N34)
o0902863	n	6(N01)--	6(N01)
o0903280	n	1(N58)--	1(N58)
o0903062	n	3(N34)--	3(N34)
o0902934	n	5(N14)--	5(N14)
o0902861	n	4(N01)--	4(N01)
o0903210	n	1(N57)--	1(N57)
o0903061	n	2(N34)--	2(N34)
o0902861	n	4(N01)--	4(N01)
o0903280	n	1(N58)--	1(N58)
o0903062	n	3(N34)--	3(N34)
o0902934	n	5(N14)--	5(N14)
o0902865	n	8(N01)--	8(N01)
o0903210	n	1(N57)--	1(N57)
o0903061	n	2(N34)--	2(N34)
o0902862	n	5(N01)--	5(N01)
o0903280	n	1(N58)--	1(N58)
o0903174	n	1(N50)--	1(N50)
o0902936	n	6(N14)--	6(N14)
o0903005	n	1(N22)--	1(N22)
o0902860	n	3(N01)--	3(N01)
o0902919	n	5(N08)--	5(N08)
o0900778	s	GAN₂--	GAN₂
o0902929	n	1(N14)--	1(N14)
o0902862	n	5(N01)--	5(N01)
o0901946	s	ŠE~a--	ŠE~a
o0901468	s	NAM₂--	NAM₂
o0902858	n	1(N01)--	1(N01)
o0903016	n	1(N24)--	1(N24)
o0901946	s	ŠE~a--	ŠE~a
o0900976	s	HI@g~a--	HI@g~a
o0902896	n	3(N05)--	3(N05)
o0903347	n	4(N42A)--	4(N42~a)
o0900976	s	HI@g~a--	HI@g~a
o0901946	s	ŠE~a--	ŠE~a
o0903368	s	X--	X
o0903312	n	2(N39A)--	2(N39~a)
o0901946	s	ŠE~a--	ŠE~a
o0902895	n	2(N05)--	2(N05)
o0903345	n	2(N42A)--	2(N42~a)
o0901946	s	ŠE~a--	ŠE~a
o0903368	s	X--	X
o0903345	n	2(N42A)--	2(N42~a)
o0901946	s	ŠE~a--	ŠE~a
o0900115	s	BA--	BA
o0901501	s	NI~a--	NI~a
o0903313	n	3(N39A)--	3(N39~a)
o0903016	n	1(N24)--	1(N24)
o0900976	s	HI@g~a--	HI@g~a
o0903346	n	3(N42A)--	3(N42~a)
o0900976	s	HI@g~a--	HI@g~a
o0903345	n	2(N42A)--	2(N42~a)
o0900976	s	HI@g~a--	HI@g~a
o0902858	n	1(N01)--	1(N01)
o0901946	s	ŠE~a--	ŠE~a
o0901725	s	SI--	SI
o0901115	s	KISAL~b1--	KISAL~b1
o0900929	s	GUKKAL~a--	GUKKAL~a
o0902847	n	6(LAGAB~a)--	6(LAGAB~a)
o0902131	s	TUM~d--	TUM~d
o0901946	s	ŠE~a--	ŠE~a
o0901187	s	LAGAB~b--	LAGAB~b
o0902845	n	4(LAGAB~a)--	4(LAGAB~a)
o0902293	s	UNUG~a--	UNUG~a
o0901946	s	ŠE~a--	ŠE~a
o0901910	s	ŠA--	ŠA
o0902094	s	TAK₄~a--	TAK₄~a
o0900000	s	A--	A
o0902841	n	2(LAGAB~a)--	2(LAGAB~a)
o0901697	s	SAL--	SAL
o0900077	s	AMA~a--	AMA~a
o0902843	n	3(LAGAB~a)--	3(LAGAB~a)
o0902841	n	2(LAGAB~a)--	2(LAGAB~a)
o0900906	s	GU--	GU~a
o0901639	s	PAP~a--	PAP~a
o0903065	n	6(N34)--	6(N34)
o0902934	n	5(N14)--	5(N14)
o0901881	s	SUHUR--	SUHUR
o0901739	s	SI₄~a--	SI₄~a
o0903063	n	4(N34)--	4(N34)
o0900657	c	|GA₂~a1×KU₆~a|--	|GA₂~a1×KU₆~a|
o0901145	s	KU₆~a--	KU₆~a
o0901115	s	KISAL~b1--	KISAL~b1
o0900115	s	BA--	BA
o0902064	s	ŠUR₂~b--	ŠUR₂~b
o0900175	s	BU~a--	BU~a
o0902930	n	2(N14)--	2(N14)
o0900729	s	GAL~a--	GAL~a
o0903234	n	3(N57)--	3(N57)
o0902700	s	ZATU752--	ZATU752
o0902004	s	ŠITA~a1--	ŠITA~a1
o0902933	n	4(N14)--	4(N14)
o0902221	s	U₈--	U₈
o0902930	n	2(N14)--	2(N14)
o0902250	s	UDUNITA~a--	UDUNITA~a
o0903346	n	3(N42A)--	3(N42~a)
o0900960	s	HI--	HI
o0901078	s	KAŠ~a--	KAŠ~a
o0903311	n	1(N39A)--	1(N39~a)
o0903016	n	1(N24)--	1(N24)
o0900960	s	HI--	HI
o0903368	s	X--	X
o0903368	s	X--	X
o0902797	s	ZATU832--	ZATU832
o0903039	n	1(N29A)--	1(N29~a)
o0901078	s	KAŠ~a--	KAŠ~a
o0903016	n	1(N24)--	1(N24)
o0903312	n	2(N39A)--	2(N39~a)
o0903039	n	1(N29A)--	1(N29~a)
o0903312	n	2(N39A)--	2(N39~a)
o0903311	n	1(N39A)--	1(N39~a)
o0900920	s	GUG₂--	GUG₂
o0903312	n	2(N39A)--	2(N39~a)
o0900779	s	GAR--	GAR
o0903345	n	2(N42A)--	2(N42~a)
o0902739	s	ZATU773~a--	ZATU773~a
o0902858	n	1(N01)--	1(N01)
o0902227	s	UB--	UB
o0901553	c	|NINDA₂×KAŠ~b|--	|NINDA₂×KAŠ~b|
o0903313	n	3(N39A)--	3(N39~a)
o0900106	s	ARARMA₂~a--	ARARMA₂~a
o0903344	n	1(N42A)--	1(N42~a)
o0901078	s	KAŠ~a--	KAŠ~a
o0903023	n	1(N26)--	1(N26)
o0903312	n	2(N39A)--	2(N39~a)
o0903016	n	1(N24)--	1(N24)
o0903312	n	2(N39A)--	2(N39~a)
o0903016	n	1(N24)--	1(N24)
o0901380	s	ME~a--	ME~a
o0902557	s	ZATU686~a--	ZATU686~a
o0903312	n	2(N39A)--	2(N39~a)
o0903016	n	1(N24)--	1(N24)
o0903311	n	1(N39A)--	1(N39~a)
o0903313	n	3(N39A)--	3(N39~a)
o0902929	n	1(N14)--	1(N14)
o0902859	n	2(N01)--	2(N01)
o0902558	s	ZATU686~b--	ZATU686~b
o0901697	s	SAL--	SAL
o0901129	s	KIŠ--	KIŠ
o0902858	n	1(N01)--	1(N01)
o0901129	s	KIŠ--	KIŠ
o0901158	s	KUR~a--	KUR~a
o0901129	s	KIŠ--	KIŠ
o0902859	n	2(N01)--	2(N01)
o0901129	s	KIŠ--	KIŠ
o0902208	c	|U₄×3(N57)|--	|U₄×3(N57)|
o0901158	s	KUR~a--	KUR~a
o0902929	n	1(N14)--	1(N14)
o0901129	s	KIŠ--	KIŠ
o0902207	c	|U₄×2(N57)|--	|U₄×2(N57)|
o0901158	s	KUR~a--	KUR~a
o0901426	s	MUŠEN--	MUŠEN
o0901145	s	KU₆~a--	KU₆~a
o0901659	s	RAD~a--	RAD~a
o0902859	n	2(N01)--	2(N01)
o0901697	s	SAL--	SAL
o0901129	s	KIŠ--	KIŠ
o0900729	s	GAL~a--	GAL~a
o0902859	n	2(N01)--	2(N01)
o0901158	s	KUR~a--	KUR~a
o0901129	s	KIŠ--	KIŠ
o0901725	s	SI--	SI
o0902858	n	1(N01)--	1(N01)
o0900082	s	AMAR--	AMAR
o0901129	s	KIŠ--	KIŠ
o0903137	n	2(N45)--	2(N45)
o0902934	n	5(N14)--	5(N14)
o0901946	s	ŠE~a--	ŠE~a
o0903082	n	1(N36)--	1(N36)
o0902976	n	5(N19)--	5(N19)
o0902888	n	5(N04)--	5(N04)
o0900839	s	GIBIL--	GIBIL
o0902161	s	U₄--	U₄
o0901648	s	PIRIG~b1--	PIRIG~b1
o0903368	s	X--	X
o0901452	s	NAGA~a--	NAGA~a
o0900100	s	APIN~a--	APIN~a
o0901460	s	NAGAR~a--	NAGAR~a
o0902830	s	ZI~a--	ZI~a
o0901711	s	SANGA~a--	SANGA~a
o0902939	n	8(N14)--	8(N14)
o0903312	n	2(N39A)--	2(N39~a)
o0903115	n	1(N41)--	1(N41)
o0901946	s	ŠE~a--	ŠE~a
o0901671	s	RU--	RU
o0902932	n	3(N14)--	3(N14)
o0902859	n	2(N01)--	2(N01)
o0902243	s	UDU~a--	UDU~a
o0900516	s	EN~a--	EN~a
o0903368	s	X--	X
o0902860	n	3(N01)--	3(N01)
o0902221	s	U₈--	U₈
o0902862	n	5(N01)--	5(N01)
o0902250	s	UDUNITA~a--	UDUNITA~a
o0902859	n	2(N01)--	2(N01)
o0902235	s	UD₅~a--	UD₅~a
o0902859	n	2(N01)--	2(N01)
o0901376	s	MAŠ--	MAŠ
o0901158	s	KUR~a--	KUR~a
o0902859	n	2(N01)--	2(N01)
o0902235	s	UD₅~a--	UD₅~a
o0902929	n	1(N14)--	1(N14)
o0902861	n	4(N01)--	4(N01)
o0901377	s	MAŠ₂--	MAŠ₂
o0902863	n	6(N01)--	6(N01)
o0903368	s	X--	X
o0902863	n	6(N01)--	6(N01)
o0901111	s	KIR₁₁--	KIR₁₁
o0902865	n	8(N01)--	8(N01)
o0901158	s	KUR~a--	KUR~a
o0901861	s	SILA₄~b--	SILA₄~b
o0902929	n	1(N14)--	1(N14)
o0902859	n	2(N01)--	2(N01)
o0902400	s	UTUA~a--	UTUA~a
o0901142	s	KU₃~a--	KU₃~a
o0901711	s	SANGA~a--	SANGA~a
o0902858	n	1(N01)--	1(N01)
o0901111	s	KIR₁₁--	KIR₁₁
o0902858	n	1(N01)--	1(N01)
o0901158	s	KUR~a--	KUR~a
o0901861	s	SILA₄~b--	SILA₄~b
o0902862	n	5(N01)--	5(N01)
o0901934	s	ŠAH₂~a--	ŠAH₂~a
o0902859	n	2(N01)--	2(N01)
o0902221	s	U₈--	U₈
o0902860	n	3(N01)--	3(N01)
o0902250	s	UDUNITA~a--	UDUNITA~a
o0902243	s	UDU~a--	UDU~a
o0902060	s	ŠUBUR--	ŠUBUR
o0903234	n	3(N57)--	3(N57)
o0902400	s	UTUA~a--	UTUA~a
o0903264	n	5(N57)--	5(N57)
o0901111	s	KIR₁₁--	KIR₁₁
o0903210	n	1(N57)--	1(N57)
o0901158	s	KUR~a--	KUR~a
o0901861	s	SILA₄~b--	SILA₄~b
o0902858	n	1(N01)--	1(N01)
o0900226	s	DANNA--	DANNA
o0900217	s	DA~a--	DA~a
o0900729	s	GAL~a--	GAL~a
o0902858	n	1(N01)--	1(N01)
o0900226	s	DANNA--	DANNA
o0900217	s	DA~a--	DA~a
o0902142	s	TUR--	TUR
o0902858	n	1(N01)--	1(N01)
o0901122	s	KISIM~a--	KISIM~a
o0902575	s	ZATU694~c--	ZATU694~c
o0902858	n	1(N01)--	1(N01)
o0901524	s	NIN--	NIN
o0901090	s	KI--	KI
o0902178	c	|U₄×1(N01)|--	|U₄×1(N01)|
o0902858	n	1(N01)--	1(N01)
o0901524	s	NIN--	NIN
o0901090	s	KI--	KI
o0902161	s	U₄--	U₄
o0902861	n	4(N01)--	4(N01)
o0903314	n	4(N39A)--	4(N39~a)
o0902033	s	ŠU--	ŠU
o0901380	s	ME~a--	ME~a
o0901639	s	PAP~a--	PAP~a
o0903368	s	X--	X
o0902932	n	3(N14)--	3(N14)
o0902862	n	5(N01)--	5(N01)
o0900331	s	DUG~a--	DUG~a
o0900516	s	EN~a--	EN~a
o0903368	s	X--	X
o0901639	s	PAP~a--	PAP~a
o0903234	n	3(N57)--	3(N57)
o0900082	s	AMAR--	AMAR
o0902858	n	1(N01)--	1(N01)
o0902206	c	|U₄×1(N57)|--	|U₄×1(N57)|
o0902142	s	TUR--	TUR
o0900493	s	E₂~a--	E₂~a
o0900493	s	E₂~a--	E₂~a
o0900175	s	BU~a--	BU~a
o0902858	n	1(N01)--	1(N01)
o0901697	s	SAL--	SAL
o0900089	s	AN--	AN
o0902830	s	ZI~a--	ZI~a
o0902859	n	2(N01)--	2(N01)
o0903368	s	X--	X
o0903368	s	X--	X
o0901966	s	ŠEG₉--	ŠEG₉
o0902739	s	ZATU773~a--	ZATU773~a
o0902858	n	1(N01)--	1(N01)
o0902206	c	|U₄×1(N57)|--	|U₄×1(N57)|
o0902142	s	TUR--	TUR
o0903368	s	X--	X
o0901444	s	NA₂~b1--	NA₂~b1
o0902858	n	1(N01)--	1(N01)
o0901697	s	SAL--	SAL
o0901584	s	NU--	NU
o0901757	s	SIG₂~b--	SIG₂~b
o0902859	n	2(N01)--	2(N01)
o0902290	s	UMUN₂--	UMUN₂
o0903368	s	X--	X
o0903210	n	1(N57)--	1(N57)
o0901426	s	MUŠEN--	MUŠEN
o0901517	s	NIM~b1--	NIM~b1
o0903368	s	X--	X
o0902858	n	1(N01)--	1(N01)
o0902206	c	|U₄×1(N57)|--	|U₄×1(N57)|
o0902142	s	TUR--	TUR
o0903234	n	3(N57)--	3(N57)
o0901614	s	NUNUZ~a1--	NUNUZ~a1
o0902858	n	1(N01)--	1(N01)
o0901697	s	SAL--	SAL
o0900269	s	DIM~a--	DIM~a
o0902339	s	URU~a1--	URU~a1
o0902339	s	URU~a1--	URU~a1
o0903368	s	X--	X
o0901090	s	KI--	KI
o0902858	n	1(N01)--	1(N01)
o0902206	c	|U₄×1(N57)|--	|U₄×1(N57)|
o0902142	s	TUR--	TUR
o0900516	s	EN~a--	EN~a
o0903368	s	X--	X
o0900175	s	BU~a--	BU~a
o0900806	s	GI--	GI
o0901129	s	KIŠ--	KIŠ
o0902700	s	ZATU752--	ZATU752
o0900778	s	GAN₂--	GAN₂
o0902858	n	1(N01)--	1(N01)
o0901678	s	SAG--	SAG
o0900949	s	GURUŠ~a--	GURUŠ~a
o0902384	s	UŠ~a--	UŠ~a
o0901678	s	SAG--	SAG
o0902375	s	URUDU~a--	URUDU~a
o0902858	n	1(N01)--	1(N01)
o0902384	s	UŠ~a--	UŠ~a
o0900217	s	DA~a--	DA~a
o0902587	s	ZATU697~a--	ZATU697~a
o0902858	n	1(N01)--	1(N01)
o0903640	c	|ZATU651×EN~a|--	|ZATU651×EN~a|
o0900552	s	EZEN~b--	EZEN~b
o0900279	s	DU--	DU
o0903061	n	2(N34)--	2(N34)
o0903210	n	1(N57)--	1(N57)
o0903062	n	3(N34)--	3(N34)
o0903280	n	1(N58)--	1(N58)
o0903062	n	3(N34)--	3(N34)
o0902932	n	3(N14)--	3(N14)
o0903210	n	1(N57)--	1(N57)
o0903059	n	1(N34)--	1(N34)
o0902933	n	4(N14)--	4(N14)
o0903280	n	1(N58)--	1(N58)
o0903210	n	1(N57)--	1(N57)
o0903061	n	2(N34)--	2(N34)
o0902863	n	6(N01)--	6(N01)
o0903280	n	1(N58)--	1(N58)
o0903062	n	3(N34)--	3(N34)
o0902863	n	6(N01)--	6(N01)
o0903210	n	1(N57)--	1(N57)
o0903061	n	2(N34)--	2(N34)
o0902932	n	3(N14)--	3(N14)
o0902865	n	8(N01)--	8(N01)
o0903280	n	1(N58)--	1(N58)
o0903368	s	X--	X
o0903210	n	1(N57)--	1(N57)
o0902932	n	3(N14)--	3(N14)
o0903280	n	1(N58)--	1(N58)
o0902934	n	5(N14)--	5(N14)
o0903210	n	1(N57)--	1(N57)
o0902929	n	1(N14)--	1(N14)
o0902862	n	5(N01)--	5(N01)
o0903280	n	1(N58)--	1(N58)
o0900729	s	GAL~a--	GAL~a
o0902227	s	UB--	UB
o0900493	s	E₂~a--	E₂~a
o0902033	s	ŠU--	ŠU
o0900983	s	IB~a--	IB~a
o0902929	n	1(N14)--	1(N14)
o0902862	n	5(N01)--	5(N01)
o0903280	n	1(N58)--	1(N58)
o0902929	n	1(N14)--	1(N14)
o0902860	n	3(N01)--	3(N01)
o0900778	s	GAN₂--	GAN₂
o0902936	n	6(N14)--	6(N14)
o0902860	n	3(N01)--	3(N01)
o0901946	s	ŠE~a--	ŠE~a
o0902930	n	2(N14)--	2(N14)
o0901946	s	ŠE~a--	ŠE~a
o0902858	n	1(N01)--	1(N01)
o0902929	n	1(N14)--	1(N14)
o0903368	s	X--	X
o0900786	s	GARA₂~a--	GARA₂~a
o0900983	s	IB~a--	IB~a
o0900912	s	GU₇--	GU₇
o0901052	s	KAK~a--	KAK~a
o0901517	s	NIM~b1--	NIM~b1
o0901052	s	KAK~a--	KAK~a
o0901517	s	NIM~b1--	NIM~b1
o0901711	s	SANGA~a--	SANGA~a
o0900729	s	GAL~a--	GAL~a
o0901711	s	SANGA~a--	SANGA~a
o0902859	n	2(N01)--	2(N01)
o0903016	n	1(N24)--	1(N24)
o0903344	n	1(N42A)--	1(N42~a)
o0902930	n	2(N14)--	2(N14)
o0902309	s	UR₂--	UR₂
o0903059	n	1(N34)--	1(N34)
o0902933	n	4(N14)--	4(N14)
o0902858	n	1(N01)--	1(N01)
o0900115	s	BA--	BA
o0902004	s	ŠITA~a1--	ŠITA~a1
o0902929	n	1(N14)--	1(N14)
o0903059	n	1(N34)--	1(N34)
o0902934	n	5(N14)--	5(N14)
o0902858	n	1(N01)--	1(N01)
o0901946	s	ŠE~a--	ŠE~a
o0900154	s	BAR--	BAR
o0901946	s	ŠE~a--	ŠE~a
o0903368	s	X--	X
o0901468	s	NAM₂--	NAM₂
o0902976	n	5(N19)--	5(N19)
o0903562	n	1(N30CA)--	1(N30C~a)
o0902973	n	2(N19)--	2(N19)
o0902884	n	1(N04)--	1(N04)
o0902975	n	4(N19)--	4(N19)
o0902888	n	5(N04)--	5(N04)
o0901101	s	KID~e--	KID~e
o0900154	s	BAR--	BAR
o0902136	s	TUN₃~a--	TUN₃~a
o0902865	n	8(N01)--	8(N01)
o0900779	s	GAR--	GAR
o0902207	c	|U₄×2(N57)|--	|U₄×2(N57)|
o0900012	s	AB~a--	AB~a
o0903028	n	1(N28)--	1(N28)
o0902206	c	|U₄×1(N57)|--	|U₄×1(N57)|
o0901946	s	ŠE~a--	ŠE~a
o0903312	n	2(N39A)--	2(N39~a)
o0903016	n	1(N24)--	1(N24)
o0902171	c	|U₄.1(N14)|--	|U₄.1(N14)|
o0901946	s	ŠE~a--	ŠE~a
o0902858	n	1(N01)--	1(N01)
o0901946	s	ŠE~a--	ŠE~a
o0902933	n	4(N14)--	4(N14)
o0903368	s	X--	X
o0902929	n	1(N14)--	1(N14)
o0902178	c	|U₄×1(N01)|--	|U₄×1(N01)|
o0901245	c	|LAGAB~a×ŠITA~a1|--	|LAGAB~a×ŠITA~a1|
o0901639	s	PAP~a--	PAP~a
o0903016	n	1(N24)--	1(N24)
o0902206	c	|U₄×1(N57)|--	|U₄×1(N57)|
o0902884	n	1(N04)--	1(N04)
o0902858	n	1(N01)--	1(N01)
o0903115	n	1(N41)--	1(N41)
o0903311	n	1(N39A)--	1(N39~a)
o0902198	c	|U₄×(1(N14).2(N01))|--	|U₄×(1(N14).2(N01))|
o0902858	n	1(N01)--	1(N01)
o0903368	s	X--	X
o0902178	c	|U₄×1(N01)|--	|U₄×1(N01)|
o0900920	s	GUG₂--	GUG₂
o0903116	n	2(N41)--	2(N41)
o0903043	n	2(N29AB)--	2(N29A~b)
o0902198	c	|U₄×(1(N14).2(N01))|--	|U₄×(1(N14).2(N01))|
o0902862	n	5(N01)--	5(N01)
o0902178	c	|U₄×1(N01)|--	|U₄×1(N01)|
o0903368	s	X--	X
o0903312	n	2(N39A)--	2(N39~a)
o0903016	n	1(N24)--	1(N24)
o0902178	c	|U₄×1(N01)|--	|U₄×1(N01)|
o0903028	n	1(N28)--	1(N28)
o0901946	s	ŠE~a--	ŠE~a
o0900207	s	BULUG₃--	BULUG₃
o0902929	n	1(N14)--	1(N14)
o0902858	n	1(N01)--	1(N01)
o0903311	n	1(N39A)--	1(N39~a)
o0902198	c	|U₄×(1(N14).2(N01))|--	|U₄×(1(N14).2(N01))|
o0903368	s	X--	X
o0903028	n	1(N28)--	1(N28)
o0902206	c	|U₄×1(N57)|--	|U₄×1(N57)|
o0901946	s	ŠE~a--	ŠE~a
o0902859	n	2(N01)--	2(N01)
o0903016	n	1(N24)--	1(N24)
o0902178	c	|U₄×1(N01)|--	|U₄×1(N01)|
o0902933	n	4(N14)--	4(N14)
o0902858	n	1(N01)--	1(N01)
o0903311	n	1(N39A)--	1(N39~a)
o0902198	c	|U₄×(1(N14).2(N01))|--	|U₄×(1(N14).2(N01))|
o0901946	s	ŠE~a--	ŠE~a
o0902859	n	2(N01)--	2(N01)
o0901946	s	ŠE~a--	ŠE~a
o0902100	s	TAR~a--	TAR~a
o0903310	n	1(N30E)--	1(N30~e)
o0903115	n	1(N41)--	1(N41)
o0902178	c	|U₄×1(N01)|--	|U₄×1(N01)|
o0902885	n	2(N04)--	2(N04)
o0903118	n	4(N41)--	4(N41)
o0903037	n	2(N29A)--	2(N29~a)
o0902198	c	|U₄×(1(N14).2(N01))|--	|U₄×(1(N14).2(N01))|
o0903115	n	1(N41)--	1(N41)
o0903311	n	1(N39A)--	1(N39~a)
o0903336	n	1(N24B)--	1(N24~b)
o0903339	n	1(N29AB)--	1(N29A~b)
o0903051	n	1(N30A)--	1(N30~a)
o0902934	n	5(N14)--	5(N14)
o0902884	n	1(N04)--	1(N04)
o0903016	n	1(N24)--	1(N24)
o0903023	n	1(N26)--	1(N26)
o0903056	n	1(N31)--	1(N31)
o0901946	s	ŠE~a--	ŠE~a
o0902198	c	|U₄×(1(N14).2(N01))|--	|U₄×(1(N14).2(N01))|
o0901080	s	KAŠ~b--	KAŠ~b
o0900217	s	DA~a--	DA~a
o0900089	s	AN--	AN
o0900012	s	AB~a--	AB~a
o0900822	c	|GI&GI|--	|GI&GI|
o0900154	s	BAR--	BAR
o0900177	s	BU~b--	BU~b
o0902933	n	4(N14)--	4(N14)
o0900115	s	BA--	BA
o0902709	s	ZATU757--	ZATU757
o0901407	s	MUN~a1--	MUN~a1
o0902930	n	2(N14)--	2(N14)
o0902861	n	4(N01)--	4(N01)
o0901946	s	ŠE~a--	ŠE~a
o0900541	s	ERIM~a--	ERIM~a
o0901678	s	SAG--	SAG
o0902929	n	1(N14)--	1(N14)
o0901946	s	ŠE~a--	ŠE~a
o0902929	n	1(N14)--	1(N14)
o0902859	n	2(N01)--	2(N01)
o0901946	s	ŠE~a--	ŠE~a
o0902929	n	1(N14)--	1(N14)
o0901946	s	ŠE~a--	ŠE~a
o0902094	s	TAK₄~a--	TAK₄~a
o0902859	n	2(N01)--	2(N01)
o0901946	s	ŠE~a--	ŠE~a
o0901946	s	ŠE~a--	ŠE~a
o0901145	s	KU₆~a--	KU₆~a
o0900012	s	AB~a--	AB~a
o0901080	s	KAŠ~b--	KAŠ~b
o0902930	n	2(N14)--	2(N14)
o0901946	s	ŠE~a--	ŠE~a
o0900541	s	ERIM~a--	ERIM~a
o0902940	n	9(N14)--	9(N14)
o0902858	n	1(N01)--	1(N01)
o0901145	s	KU₆~a--	KU₆~a
o0900012	s	AB~a--	AB~a
o0901080	s	KAŠ~b--	KAŠ~b
o0901946	s	ŠE~a--	ŠE~a
o0901090	s	KI--	KI
o0901678	s	SAG--	SAG
o0903059	n	1(N34)--	1(N34)
o0901711	s	SANGA~a--	SANGA~a
o0901129	s	KIŠ--	KIŠ
o0902860	n	3(N01)--	3(N01)
o0900516	s	EN~a--	EN~a
o0902116	s	TUG₂~a--	TUG₂~a
o0902858	n	1(N01)--	1(N01)
o0901129	s	KIŠ--	KIŠ
o0902060	s	ŠUBUR--	ŠUBUR
o0901711	s	SANGA~a--	SANGA~a
o0902929	n	1(N14)--	1(N14)
o0900516	s	EN~a--	EN~a
o0900082	s	AMAR--	AMAR
o0902860	n	3(N01)--	3(N01)
o0900089	s	AN--	AN
o0903633	c	|ŠU₂.EN~a|--	|ŠU₂.EN~a|
o0902929	n	1(N14)--	1(N14)
o0902859	n	2(N01)--	2(N01)
o0901044	s	KAB--	KAB
o0901468	s	NAM₂--	NAM₂
o0902865	n	8(N01)--	8(N01)
o0901044	s	KAB--	KAB
o0901468	s	NAM₂--	NAM₂
o0901955	c	|ŠE~a.NAM₂|--	|ŠE~a.NAM₂|
o0902863	n	6(N01)--	6(N01)
o0901361	s	MAR~a--	MAR~a
o0902861	n	4(N01)--	4(N01)
o0900778	s	GAN₂--	GAN₂
o0902858	n	1(N01)--	1(N01)
o0902596	s	ZATU703--	ZATU703
o0900729	s	GAL~a--	GAL~a
o0901711	s	SANGA~a--	SANGA~a
o0901711	s	SANGA~a--	SANGA~a
o0903059	n	1(N34)--	1(N34)
o0901473	s	NAMEŠDA--	NAMEŠDA
o0901671	s	RU--	RU
o0902932	n	3(N14)--	3(N14)
o0901452	s	NAGA~a--	NAGA~a
o0902930	n	2(N14)--	2(N14)
o0902860	n	3(N01)--	3(N01)
o0902227	s	UB--	UB
o0903059	n	1(N34)--	1(N34)
o0901711	s	SANGA~a--	SANGA~a
o0901129	s	KIŠ--	KIŠ
o0900115	s	BA--	BA
o0902929	n	1(N14)--	1(N14)
o0900115	s	BA--	BA
o0903059	n	1(N34)--	1(N34)
o0902929	n	1(N14)--	1(N14)
o0902865	n	8(N01)--	8(N01)
o0902227	s	UB--	UB
o0902033	s	ŠU--	ŠU
o0902934	n	5(N14)--	5(N14)
o0901129	s	KIŠ--	KIŠ
o0902864	n	7(N01)--	7(N01)
o0901609	c	|NUN~b+EN~a|--	|EN~a+NUN~b|
o0903368	s	X--	X
o0901711	s	SANGA~a--	SANGA~a
o0903064	n	5(N34)--	5(N34)
o0902933	n	4(N14)--	4(N14)
o0902863	n	6(N01)--	6(N01)
o0900115	s	BA--	BA
o0903061	n	2(N34)--	2(N34)
o0902929	n	1(N14)--	1(N14)
o0902862	n	5(N01)--	5(N01)
o0902033	s	ŠU--	ŠU
o0902929	n	1(N14)--	1(N14)
o0903067	n	8(N34)--	8(N34)
o0902929	n	1(N14)--	1(N14)
o0902858	n	1(N01)--	1(N01)
o0900115	s	BA--	BA
o0901129	s	KIŠ--	KIŠ
o0902858	n	1(N01)--	1(N01)
o0901129	s	KIŠ--	KIŠ
o0901697	s	SAL--	SAL
o0900541	s	ERIM~a--	ERIM~a
o0900113	s	AZ--	AZ
o0902858	n	1(N01)--	1(N01)
o0901129	s	KIŠ--	KIŠ
o0901158	s	KUR~a--	KUR~a
o0902858	n	1(N01)--	1(N01)
o0901129	s	KIŠ--	KIŠ
o0901697	s	SAL--	SAL
o0900485	s	DUR₂--	DUR₂
o0903282	c	|1(N58).BAD|--	|1(N58).BAD~a|
o0902858	n	1(N01)--	1(N01)
o0901129	s	KIŠ--	KIŠ
o0901158	s	KUR~a--	KUR~a
o0902858	n	1(N01)--	1(N01)
o0903368	s	X--	X
o0901697	s	SAL--	SAL
o0903368	s	X--	X
o0902575	s	ZATU694~c--	ZATU694~c
o0902858	n	1(N01)--	1(N01)
o0901158	s	KUR~a--	KUR~a
o0902859	n	2(N01)--	2(N01)
o0901697	s	SAL--	SAL
o0901129	s	KIŠ--	KIŠ
o0901671	s	RU--	RU
o0902858	n	1(N01)--	1(N01)
o0901158	s	KUR~a--	KUR~a
o0902858	n	1(N01)--	1(N01)
o0900730	s	GAL~b--	GAL~b
o0902858	n	1(N01)--	1(N01)
o0901158	s	KUR~a--	KUR~a
o0900516	s	EN~a--	EN~a
o0901648	s	PIRIG~b1--	PIRIG~b1
o0902858	n	1(N01)--	1(N01)
o0901158	s	KUR~a--	KUR~a
o0901626	s	PA~a--	PA~a
o0901313	s	MA--	MA
o0900883	c	|(GIŠ×ŠU₂)~a|--	|GIŠ×ŠU₂~a|
o0900000	s	A--	A
o0902858	n	1(N01)--	1(N01)
o0901158	s	KUR~a--	KUR~a
o0901062	s	KALAM~a--	KALAM~a
o0901626	s	PA~a--	PA~a
o0902858	n	1(N01)--	1(N01)
o0901158	s	KUR~a--	KUR~a
o0901744	s	SI₄~f--	SI₄~f
o0902094	s	TAK₄~a--	TAK₄~a
o0902858	n	1(N01)--	1(N01)
o0901697	s	SAL--	SAL
o0901129	s	KIŠ--	KIŠ
o0902862	n	5(N01)--	5(N01)
o0901697	s	SAL--	SAL
o0902929	n	1(N14)--	1(N14)
o0901158	s	KUR~a--	KUR~a
o0902929	n	1(N14)--	1(N14)
o0902862	n	5(N01)--	5(N01)
o0901711	s	SANGA~a--	SANGA~a
o0902060	s	ŠUBUR--	ŠUBUR
o0903368	s	X--	X
o0901662	s	RAD~a@g--	RAD~a@g
o0901129	s	KIŠ--	KIŠ
o0901158	s	KUR~a--	KUR~a
o0901697	s	SAL--	SAL
o0902858	n	1(N01)--	1(N01)
o0903368	s	X--	X
o0903368	s	X--	X
o0902858	n	1(N01)--	1(N01)
o0903368	s	X--	X
o0900983	s	IB~a--	IB~a
o0902858	n	1(N01)--	1(N01)
o0903368	s	X--	X
o0903368	s	X--	X
o0902858	n	1(N01)--	1(N01)
o0903368	s	X--	X
o0903368	s	X--	X
o0902858	n	1(N01)--	1(N01)
o0901426	s	MUŠEN--	MUŠEN
o0900000	s	A--	A
o0902858	n	1(N01)--	1(N01)
o0900545	s	ERIN--	ERIN
o0902858	n	1(N01)--	1(N01)
o0903368	s	X--	X
o0902861	n	4(N01)--	4(N01)
o0903368	s	X--	X
o0903368	s	X--	X
o0902858	n	1(N01)--	1(N01)
o0903368	s	X--	X
o0903368	s	X--	X
o0902859	n	2(N01)--	2(N01)
o0903368	s	X--	X
o0903210	n	1(N57)--	1(N57)
o0901639	s	PAP~a--	PAP~a
o0902859	n	2(N01)--	2(N01)
o0903368	s	X--	X
o0900000	s	A--	A
o0902859	n	2(N01)--	2(N01)
o0900207	s	BULUG₃--	BULUG₃
o0903368	s	X--	X
o0902860	n	3(N01)--	3(N01)
o0903368	s	X--	X
o0900516	s	EN~a--	EN~a
o0902859	n	2(N01)--	2(N01)
o0901361	s	MAR~a--	MAR~a
o0902860	n	3(N01)--	3(N01)
o0902858	n	1(N01)--	1(N01)
o0901739	s	SI₄~a--	SI₄~a
o0902859	n	2(N01)--	2(N01)
o0903368	s	X--	X
o0902861	n	4(N01)--	4(N01)
o0903368	s	X--	X
o0902859	n	2(N01)--	2(N01)
o0901931	s	ŠAGAN--	ŠAGAN
o0900778	s	GAN₂--	GAN₂
o0902859	n	2(N01)--	2(N01)
o0902317	s	UR₃~b1--	UR₃~b1
o0901639	s	PAP~a--	PAP~a
o0902858	n	1(N01)--	1(N01)
o0903368	s	X--	X
o0903368	s	X--	X
o0902858	n	1(N01)--	1(N01)
o0900175	s	BU~a--	BU~a
o0903368	s	X--	X
o0902859	n	2(N01)--	2(N01)
o0900625	c	|GA₂~b×DUB~a|--	|GA₂~b×DUB~a|
o0902860	n	3(N01)--	3(N01)
o0902858	n	1(N01)--	1(N01)
o0903368	s	X--	X
o0903368	s	X--	X
o0902933	n	4(N14)--	4(N14)
o0902866	n	9(N01)--	9(N01)
o0902860	n	3(N01)--	3(N01)
o0902934	n	5(N14)--	5(N14)
o0902859	n	2(N01)--	2(N01)
o0901129	s	KIŠ--	KIŠ
o0900287	s	DU₆~b--	DU₆~b
o0901910	s	ŠA--	ŠA
o0901524	s	NIN--	NIN
o0902858	n	1(N01)--	1(N01)
o0902243	s	UDU~a--	UDU~a
o0902974	n	3(N19)--	3(N19)
o0901678	s	SAG--	SAG
o0903368	s	X--	X
o0901927	s	ŠAB~a--	ŠAB~a
o0900516	s	EN~a--	EN~a
o0900100	s	APIN~a--	APIN~a
o0900729	s	GAL~a--	GAL~a
o0902406	s	UTUL~a--	UTUL~a
o0902860	n	3(N01)--	3(N01)
o0902074	s	TA~a--	TA~a
o0900516	s	EN~a--	EN~a
o0902033	s	ŠU--	ŠU
o0900729	s	GAL~a--	GAL~a
o0902406	s	UTUL~a--	UTUL~a
o0903311	n	1(N39A)--	1(N39~a)
o0903016	n	1(N24)--	1(N24)
o0901931	s	ŠAGAN--	ŠAGAN
o0900516	s	EN~a--	EN~a
o0902033	s	ŠU--	ŠU
o0900729	s	GAL~a--	GAL~a
o0902406	s	UTUL~a--	UTUL~a
o0903016	n	1(N24)--	1(N24)
o0901468	s	NAM₂--	NAM₂
o0901626	s	PA~a--	PA~a
o0901659	s	RAD~a--	RAD~a
o0902860	n	3(N01)--	3(N01)
o0900806	s	GI--	GI
o0903368	s	X--	X
o0902858	n	1(N01)--	1(N01)
o0903314	n	4(N39A)--	4(N39~a)
o0902074	s	TA~a--	TA~a
o0900729	s	GAL~a--	GAL~a
o0902406	s	UTUL~a--	UTUL~a
o0903311	n	1(N39A)--	1(N39~a)
o0903016	n	1(N24)--	1(N24)
o0900778	s	GAN₂--	GAN₂
o0901581	s	NIR~b--	NIR~b
o0901711	s	SANGA~a--	SANGA~a
o0903134	n	1(N45)--	1(N45)
o0902929	n	1(N14)--	1(N14)
o0902859	n	2(N01)--	2(N01)
o0901946	s	ŠE~a--	ŠE~a
o0902860	n	3(N01)--	3(N01)
o0902243	s	UDU~a--	UDU~a
o0903196	n	1(N52)--	1(N52)
o0903001	n	3(N21)--	3(N21)
o0900516	s	EN~a--	EN~a
o0901626	s	PA~a--	PA~a
o0900516	s	EN~a--	EN~a
o0900279	s	DU--	DU
o0902227	s	UB--	UB
o0901142	s	KU₃~a--	KU₃~a
o0900000	s	A--	A
o0900516	s	EN~a--	EN~a
o0901448	s	NAB--	NAB
o0900312	s	DUB~a--	DUB~a
o0903137	n	2(N45)--	2(N45)
o0902929	n	1(N14)--	1(N14)
o0900279	s	DU--	DU
o0901145	s	KU₆~a--	KU₆~a
o0903134	n	1(N45)--	1(N45)
o0901501	s	NI~a--	NI~a
o0901075	s	KASKAL--	KASKAL
o0902934	n	5(N14)--	5(N14)
o0902860	n	3(N01)--	3(N01)
o0901090	s	KI--	KI
o0903280	n	1(N58)--	1(N58)
o0901090	s	KI--	KI
o0902929	n	1(N14)--	1(N14)
o0902860	n	3(N01)--	3(N01)
o0900516	s	EN~a--	EN~a
o0902156	s	U₂~a--	U₂~a
o0902932	n	3(N14)--	3(N14)
o0902859	n	2(N01)--	2(N01)
o0901158	s	KUR~a--	KUR~a
o0900493	s	E₂~a--	E₂~a
o0902930	n	2(N14)--	2(N14)
o0902858	n	1(N01)--	1(N01)
o0903311	n	1(N39A)--	1(N39~a)
o0901380	s	ME~a--	ME~a
o0901746	s	SIG--	SIG
o0900175	s	BU~a--	BU~a
o0900806	s	GI--	GI
o0902932	n	3(N14)--	3(N14)
o0901158	s	KUR~a--	KUR~a
o0902327	s	UR₅~a--	UR₅~a
o0902939	n	8(N14)--	8(N14)
o0900778	s	GAN₂--	GAN₂
o0902361	c	|URU~a1×3(N57)|--	|URU~a1×3(N57)|
o0902933	n	4(N14)--	4(N14)
o0900960	s	HI--	HI
o0901751	s	SIG₂~a1--	SIG₂~a1
o0902859	n	2(N01)--	2(N01)
o0901158	s	KUR~a--	KUR~a
o0900493	s	E₂~a--	E₂~a
o0902940	n	9(N14)--	9(N14)
o0902862	n	5(N01)--	5(N01)
o0903313	n	3(N39A)--	3(N39~a)
o0902033	s	ŠU--	ŠU
o0902142	s	TUR--	TUR
o0902929	n	1(N14)--	1(N14)
o0900516	s	EN~a--	EN~a
o0900279	s	DU--	DU
o0901639	s	PAP~a--	PAP~a
o0902929	n	1(N14)--	1(N14)
o0903234	n	3(N57)--	3(N57)
o0900532	c	|EN₂.E₂~b|--	|EN₂.E₂~b|
o0902929	n	1(N14)--	1(N14)
o0900778	s	GAN₂--	GAN₂
o0902361	c	|URU~a1×3(N57)|--	|URU~a1×3(N57)|
o0902327	s	UR₅~a--	UR₅~a
o0902107	s	TI@t--	TI@t
o0901285	s	LAM~b--	LAM~b
o0903154	n	2(N46)--	2(N46)
o0901090	s	KI--	KI
o0902973	n	2(N19)--	2(N19)
o0903368	s	X--	X
o0902973	n	2(N19)--	2(N19)
o0902327	s	UR₅~a--	UR₅~a
o0902361	c	|URU~a1×3(N57)|--	|URU~a1×3(N57)|
o0900778	s	GAN₂--	GAN₂
o0903059	n	1(N34)--	1(N34)
o0903134	n	1(N45)--	1(N45)
o0902936	n	6(N14)--	6(N14)
o0902861	n	4(N01)--	4(N01)
o0900778	s	GAN₂--	GAN₂
o0902361	c	|URU~a1×3(N57)|--	|URU~a1×3(N57)|
o0901946	s	ŠE~a--	ŠE~a
o0903059	n	1(N34)--	1(N34)
o0903134	n	1(N45)--	1(N45)
o0902929	n	1(N14)--	1(N14)
o0903311	n	1(N39A)--	1(N39~a)
o0901678	s	SAG--	SAG
o0902936	n	6(N14)--	6(N14)
o0902860	n	3(N01)--	3(N01)
o0903314	n	4(N39A)--	4(N39~a)
o0900115	s	BA--	BA
o0901090	s	KI--	KI
o0903137	n	2(N45)--	2(N45)
o0902934	n	5(N14)--	5(N14)
o0902859	n	2(N01)--	2(N01)
o0903314	n	4(N39A)--	4(N39~a)
o0902107	s	TI@t--	TI@t
o0901285	s	LAM~b--	LAM~b
o0903134	n	1(N45)--	1(N45)
o0902938	n	7(N14)--	7(N14)
o0902858	n	1(N01)--	1(N01)
o0903313	n	3(N39A)--	3(N39~a)
o0901678	s	SAG--	SAG
o0902939	n	8(N14)--	8(N14)
o0902858	n	1(N01)--	1(N01)
o0903311	n	1(N39A)--	1(N39~a)
o0900115	s	BA--	BA
o0901090	s	KI--	KI
o0903154	n	2(N46)--	2(N46)
o0902973	n	2(N19)--	2(N19)
o0902885	n	2(N04)--	2(N04)
o0903153	n	1(N46)--	1(N46)
o0902974	n	3(N19)--	3(N19)
o0902888	n	5(N04)--	5(N04)
o0903115	n	1(N41)--	1(N41)
o0901678	s	SAG--	SAG
o0902979	n	8(N19)--	8(N19)
o0902885	n	2(N04)--	2(N04)
o0903118	n	4(N41)--	4(N41)
o0900115	s	BA--	BA
o0901090	s	KI--	KI
o0900822	c	|GI&GI|--	|GI&GI|
o0901090	s	KI--	KI
o0902865	n	8(N01)--	8(N01)
o0900075	s	AM~b--	AM~b
o0902860	n	3(N01)--	3(N01)
o0902596	s	ZATU703--	ZATU703
o0902859	n	2(N01)--	2(N01)
o0902094	s	TAK₄~a--	TAK₄~a
o0901671	s	RU--	RU
o0902859	n	2(N01)--	2(N01)
o0902206	c	|U₄×1(N57)|--	|U₄×1(N57)|
o0902861	n	4(N01)--	4(N01)
o0901639	s	PAP~a--	PAP~a
o0903234	n	3(N57)--	3(N57)
o0902859	n	2(N01)--	2(N01)
o0901138	s	KU~b2--	KU~b2
o0901961	s	ŠE~a@t--	ŠE~a@t
o0902860	n	3(N01)--	3(N01)
o0900983	s	IB~a--	IB~a
o0900056	s	ADAB--	ADAB
o0902859	n	2(N01)--	2(N01)
o0901887	s	SUKKAL--	SUKKAL
o0902859	n	2(N01)--	2(N01)
o0903368	s	X--	X
o0902859	n	2(N01)--	2(N01)
o0901626	s	PA~a--	PA~a
o0902866	n	9(N01)--	9(N01)
o0900875	s	GIŠ--	GIŠ
o0903368	s	X--	X
o0902861	n	4(N01)--	4(N01)
o0900960	s	HI--	HI
o0901711	s	SANGA~a--	SANGA~a
o0902858	n	1(N01)--	1(N01)
o0903234	n	3(N57)--	3(N57)
o0901639	s	PAP~a--	PAP~a
o0901361	s	MAR~a--	MAR~a
o0902859	n	2(N01)--	2(N01)
o0900546	s	EŠDA--	EŠDA
o0902094	s	TAK₄~a--	TAK₄~a
o0900000	s	A--	A
o0902859	n	2(N01)--	2(N01)
o0901091	s	KI@n--	KI@n
o0901473	s	NAMEŠDA--	NAMEŠDA
o0902859	n	2(N01)--	2(N01)
o0900545	s	ERIN--	ERIN
o0902858	n	1(N01)--	1(N01)
o0901639	s	PAP~a--	PAP~a
o0902858	n	1(N01)--	1(N01)
o0900516	s	EN~a--	EN~a
o0902858	n	1(N01)--	1(N01)
o0900012	s	AB~a--	AB~a
o0902858	n	1(N01)--	1(N01)
o0901744	s	SI₄~f--	SI₄~f
o0902934	n	5(N14)--	5(N14)
o0902861	n	4(N01)--	4(N01)
o0901129	s	KIŠ--	KIŠ
o0903234	n	3(N57)--	3(N57)
o0901711	s	SANGA~a--	SANGA~a
o0903368	s	X--	X
o0902033	s	ŠU--	ŠU
o0900301	c	|DU₈~c×AMAR|--	|DU₈~c×AMAR|
o0900960	s	HI--	HI
o0900053	s	AD~a--	AD~a
o0901697	s	SAL--	SAL
o0900154	s	BAR--	BAR
o0902103	s	TI--	TI~a
o0900205	s	BU₃--	BU₃~a
o0900724	s	GADA~a--	GADA~a
o0902559	s	ZATU686~c--	ZATU686~c
o0901639	s	PAP~a--	PAP~a
o0902116	s	TUG₂~a--	TUG₂~a
o0900215	s	BUR₂--	BUR₂
o0902411	s	UZ~a--	UZ~a
o0902575	s	ZATU694~c--	ZATU694~c
o0902116	s	TUG₂~a--	TUG₂~a
o0900215	s	BUR₂--	BUR₂
o0900516	s	EN~a--	EN~a
o0902161	s	U₄--	U₄
o0902103	s	TI--	TI~a
o0900901	s	GIŠIMMAR~b1--	GIŠIMMAR~b1
o0901697	s	SAL--	SAL
o0900100	s	APIN~a--	APIN~a
o0900724	s	GADA~a--	GADA~a
o0900089	s	AN--	AN
o0902158	s	U₂~b--	U₂~b
o0902136	s	TUN₃~a--	TUN₃~a
o0901639	s	PAP~a--	PAP~a
o0901648	s	PIRIG~b1--	PIRIG~b1
o0902863	n	6(N01)--	6(N01)
o0900189	c	|BU~a&BU~a|--	|BU~a&BU~a|
o0902859	n	2(N01)--	2(N01)
o0902136	s	TUN₃~a--	TUN₃~a
o0902858	n	1(N01)--	1(N01)
o0902083	s	TAG~a1--	TAG~a1
o0902858	n	1(N01)--	1(N01)
o0900901	s	GIŠIMMAR~b1--	GIŠIMMAR~b1
o0902859	n	2(N01)--	2(N01)
o0902243	s	UDU~a--	UDU~a
o0900855	s	GIR₂~a--	GIR₂~a
o0902861	n	4(N01)--	4(N01)
o0901145	s	KU₆~a--	KU₆~a
o0900855	s	GIR₂~a--	GIR₂~a
o0902859	n	2(N01)--	2(N01)
o0900906	s	GU--	GU~a
o0902596	s	ZATU703--	ZATU703
o0902860	n	3(N01)--	3(N01)
o0902094	s	TAK₄~a--	TAK₄~a
o0900800	s	GEŠTU~b--	GEŠTU~b
o0902930	n	2(N14)--	2(N14)
o0901584	s	NU--	NU
o0900845	s	GIR~a--	GIR~a
o0902858	n	1(N01)--	1(N01)
o0901999	s	ŠIR~a--	ŠIR~a
o0902932	n	3(N14)--	3(N14)
o0901881	s	SUHUR--	SUHUR
o0902858	n	1(N01)--	1(N01)
o0900378	c	|DUG~a×KU₆~a|--	|DUG~a×KU₆~a|
o0900494	s	E₂~b--	E₂~b
o0901138	s	KU~b2--	KU~b2
o0902302	s	UR~a--	UR~a
o0901648	s	PIRIG~b1--	PIRIG~b1
o0901639	s	PAP~a--	PAP~a
o0903059	n	1(N34)--	1(N34)
o0903134	n	1(N45)--	1(N45)
o0902930	n	2(N14)--	2(N14)
o0903311	n	1(N39A)--	1(N39~a)
o0903016	n	1(N24)--	1(N24)
o0901946	s	ŠE~a--	ŠE~a
o0902886	n	3(N04)--	3(N04)
o0902973	n	2(N19)--	2(N19)
o0902884	n	1(N04)--	1(N04)
o0901187	s	LAGAB~b--	LAGAB~b
o0902102	s	TE--	TE
o0901941	s	ŠAM₂--	ŠAM₂
o0900115	s	BA--	BA
o0902862	n	5(N01)--	5(N01)
o0900493	s	E₂~a--	E₂~a
o0900729	s	GAL~a--	GAL~a
o0902858	n	1(N01)--	1(N01)
o0900516	s	EN~a--	EN~a
o0902587	s	ZATU697~a--	ZATU697~a
o0902858	n	1(N01)--	1(N01)
o0901678	s	SAG--	SAG
o0902558	s	ZATU686~b--	ZATU686~b
o0902858	n	1(N01)--	1(N01)
o0900089	s	AN--	AN
o0900493	s	E₂~a--	E₂~a
o0903368	s	X--	X
o0900912	s	GU₇--	GU₇
o0901775	s	SILA₃~a--	SILA₃~a
o0901820	c	|SILA₃~a×MUD₃~b|--	|SILA₃~a+MUD₃~b|
o0902929	n	1(N14)--	1(N14)
o0902862	n	5(N01)--	5(N01)
o0901881	s	SUHUR--	SUHUR
o0902290	s	UMUN₂--	UMUN₂
o0900729	s	GAL~a--	GAL~a
o0902142	s	TUR--	TUR
o0901626	s	PA~a--	PA~a
o0901393	s	MUD--	MUD
o0900983	s	IB~a--	IB~a
o0901697	s	SAL--	SAL
o0901639	s	PAP~a--	PAP~a
o0903368	s	X--	X
o0902142	s	TUR--	TUR
o0902866	n	9(N01)--	9(N01)
o0901426	s	MUŠEN--	MUŠEN
o0902060	s	ŠUBUR--	ŠUBUR
o0900960	s	HI--	HI
o0902060	s	ŠUBUR--	ŠUBUR
o0902822	s	ZATU854--	ZATU854
o0902033	s	ŠU--	ŠU
o0902142	s	TUR--	TUR
o0903221	c	|1(N57).ŠUBUR|--	|1(N57).ŠUBUR|
o0902033	s	ŠU--	ŠU
o0901626	s	PA~a--	PA~a
o0903059	n	1(N34)--	1(N34)
o0902933	n	4(N14)--	4(N14)
o0902860	n	3(N01)--	3(N01)
o0901881	s	SUHUR--	SUHUR
o0902860	n	3(N01)--	3(N01)
o0900729	s	GAL~a--	GAL~a
o0901881	s	SUHUR--	SUHUR
o0902930	n	2(N14)--	2(N14)
o0902860	n	3(N01)--	3(N01)
o0900279	s	DU--	DU
o0901711	s	SANGA~a--	SANGA~a
o0903062	n	3(N34)--	3(N34)
o0902932	n	3(N14)--	3(N14)
o0902863	n	6(N01)--	6(N01)
o0903368	s	X--	X
o0901380	s	ME~a--	ME~a
o0901881	s	SUHUR--	SUHUR
o0902930	n	2(N14)--	2(N14)
o0902863	n	6(N01)--	6(N01)
o0901881	s	SUHUR--	SUHUR
o0902930	n	2(N14)--	2(N14)
o0902863	n	6(N01)--	6(N01)
o0901713	s	SANGA~b--	SANGA~b
o0902858	n	1(N01)--	1(N01)
o0901524	s	NIN--	NIN
o0901678	s	SAG--	SAG
o0902858	n	1(N01)--	1(N01)
o0902161	s	U₄--	U₄
o0900779	s	GAR--	GAR
o0903368	s	X--	X
o0902858	n	1(N01)--	1(N01)
o0902858	n	1(N01)--	1(N01)
o0902161	s	U₄--	U₄
o0900779	s	GAR--	GAR
o0900089	s	AN--	AN
o0900493	s	E₂~a--	E₂~a
o0902858	n	1(N01)--	1(N01)
o0900296	s	DU₈~c--	DU₈~c
o0900296	s	DU₈~c--	DU₈~c
o0900115	s	BA--	BA
o0903368	s	X--	X
