177	A	A	o0900000	𒚐
178	A₂	A₂	o0900010	𒚗
178	AB~a	AB~a	o0900012	𒚘
179	AB~b	AB~b	o0900014	𒚣
179	AB~a+AŠ₂	|AB~a×AŠ₂|	o0900020	𒚚
179	AB~a+ZATU659	|AB~a×ZATU659|	o0900038	𒚟
179	AB~a@g	AB~a@g	o0900040	𒚡
179	AB₂	AB₂~v1	o0900042	𒚩
180	AB₂+2(N14)	|AB₂~v2×2(N14)|	o0900044	𒚪
180	ABGAL	ABGAL~v1	o0900048	𒚬
181	ABRIG	ABRIG	o0900049	𒚭
181	ABZU	|AB×ZU|	o0900051	𒚮
181	AD~a	AD~a	o0900053	𒚯
181	AD~b	AD~b	o0900054	𒚰
181	ADAB	ADAB~v1	o0900057	𒚲
181	ADDA	ADDA	o0900058	𒚳
182	AGAR₂	AGAR₂	o0900060	𒚵
182	AK~a	AK~a	o0900062	𒚶
182	AL	AL	o0900064	𒚸
183	ALAN~b	ALAN~b	o0900067	𒚺
183	ALIM~a	ALIM	o0900072	𒚾
183	AM~b	AM~b	o0900075	𒛀
183	AMA~a	AMA~a	o0900077	𒛁
183	AMA~b	AMA~b	o0900079	𒛄
183	AMAR	AMAR~v1	o0900083	𒛉
184	AN	AN~v1	o0900090	𒛌
186	ANŠE~b	ANŠE~b	o0900094	𒛏
186	APIN~a	APIN~a	o0900100	𒛒
187	APIN~b	APIN~b	o0900101	𒛔
187	APIN~c	APIN~c	o0900102	𒛕
187	ARARMA₂~a	ARARMA₂~a	o0900106	𒛖
187	ASAR	ASAR	o0900111	𒛚
187	BA	BA	o0900115	𒛞
188	BAD	BAD	o0900116	𒛟
188	BAD+BAD	|BAD&BAD|	o0900117	𒛠
188	BAD₃~a	BAD₃~a	o0900119	𒛡
188	BAHAR₂~a	BAHAR₂~a	o0900124	𒛤
188	BAHAR₂~b	BAHAR₂~b	o0900126	𒛦
189	BALA~a	BALA~a	o0900130	𒛩
189	BALAG	BALAG~v1	o0900134	𒛭
189	BAN~b	BAN~b	o0900139	𒛱
189	BANŠUR~b1	BANŠUR~b1	o0900142	𒛴
189	BANŠUR~b2	BANŠUR~b2	o0900143	𒛵
189	BANŠUR~c	BANŠUR~c	o0900144	𒛶
189	BAPPIR~b	BAPPIR~b	o0900149	𒛸
189	BAPPIR~d	BAPPIR~d	o0900151	𒛺
190	BAR	BAR	o0900154	𒛽
190	BARA₂~a	BARA₂~a	o0900158	𒛾
190	BARA₃	BARA₃	o0900162	𒜂
190	BIR~a	BIR~a	o0900165	𒜃
190	BIR~c	BIR~c	o0900167	𒜅
190	BIR₃~c	BIR₃~c	o0900173	𒜊
190	BU~a	BU~a	o0900175	𒜋
192	BU~b	BU~b	o0900177	𒜖
191	BU~a+BU~a+NA₂~a	|(BU~a&BU~a).NA₂~a|	o0900191	𒜐
192	BU~a+DU₆	|BU~a+DU₆~a|	o0900199	𒜌
192	BU₃~a	BU₃	o0900205	𒜘
192	BULUG₃	BULUG₃	o0900207	𒜚
192	BUR~a	BUR~a	o0900211	𒜛
192	BUR₂	BUR₂	o0900215	𒜟
192	DA~a	DA~a	o0900217	𒜠
193	DA~b	DA~b	o0900218	𒜢
193	DAM	DAM	o0900225	𒜦
193	DAR~a	DAR~a	o0900228	𒜨
193	DAR~c	DAR~c	o0900230	𒜫
193	DARA₃~c	DARA₃~c	o0900237	𒜯
193	DARA₃~d	DARA₃~d	o0900239	𒜳
193	DARA₃~d+KAR₂	|DARA₃~d1×KAR₂~b|	o0900242	𒜵
193	DARA₄~a1	DARA₄~a1	o0900249	𒜸
194	DARA₄~a3	DARA₄~a3	o0900251	𒜺
194	DARA₄~b	DARA₄~b	o0900252	𒜻
194	DARA₄~c1	DARA₄~c1	o0900254	𒜼
194	DI	DI	o0900260	𒝁
195	DI@t	DI@t	o0900261	𒝂
195	DIB	DIB~v1	o0900263	𒝄
195	DILMUN	DILMUN~v1	o0900265	𒝆
195	DIM~c	DIM~c	o0900271	𒝊
195	DIN	DIN	o0900276	𒝋
195	DU	DU	o0900279	𒝍
196	DU₆~a	DU₆~a2	o0900286	𒝑
196	DU₆~b	DU₆~b	o0900287	𒝓
196	DU₆~c	DU₆~c	o0900288	𒝔
196	DU₇	DU₇	o0900291	𒝕
196	DU₈~c+UDU~a	|DU₈~c×UDU~a|	o0900305	𒝛
197	DU₈~c@g	DU₈~c@g	o0900309	𒝝
197	DUB~a	DUB~a	o0900312	𒝟
197	DUB~b	DUB~b	o0900313	𒝠
197	DUB+DIŠ~c	|(DUB@n~a×1(N58))~b|	o0900326	𒝪
197	DUB₂	DUB₂	o0900329	𒝬
197	DUG~a	DUG~a	o0900331	𒝭
197	DUG~b	DUG~b	o0900334	𒝷
205	DUG~c	DUG~c~v1	o0900336	𒞼
198	DUG~b+AB₂	|DUG~b~v1×AB₂|	o0900340	𒞮
198	DUG~b+ANŠE~b	|DUG~b×ANŠE~b|	o0900342	𒝸
198	DUG~b+ANŠE~d	|DUG~b×ANŠE~d|	o0900343	𒝹
198	DUG~b+BALA~a	|DUG~b×BALA~a|	o0900347	𒝺
199	DUG~b+BIR₃~c	|DUG~b×BIR₃~c|	o0900349	𒝻
199	DUG~b+DIN	|DUG~b×DIN|	o0900351	𒝼
199	DUG~b+GA~a	|DUG~b×GA~a~v4|	o0900358	𒝿
199	DUG~b+GA~b	|DUG~b×GA~b|	o0900359	𒞀
199	DUG~b+GEŠTU~a	|DUG~b×GEŠTU~a~v2|	o0900361	𒞁
199	DUG~b+GEŠTU~b	|DUG~b×GEŠTU~b|	o0900363	𒞂
199	DUG~b+GI₆	|DUG~b×GI₆|	o0900365	𒞃
199	DUG~b+GIŠ	|DUG~b×GIŠ|	o0900367	𒞄
200	DUG~b+HI	|DUG~b×HI|	o0900370	𒞅
200	DUG~b+KASKAL	|DUG~b×KASKAL|	o0900376	𒞆
200	DUG~b+KU₆~a	|DUG~b×KU₆~a|	o0900379	𒞇
200	DUG~b+KUR~a	|DUG~b×KUR~a|	o0900381	𒞈
200	DUG~b+KUR~b	|DUG~b×KUR~b|	o0900382	𒞊
200	DUG~b+KUR~a+?	|DUG~b×(KUR~a.X)|	o0900384	𒞉
200	DUG~b+LAM+KUR~a	|DUG~b×KUR@g~a|	o0900386	𒞋
200	DUG~b+LAM~a	|DUG~b×LAM~a|	o0900389	𒞌
201	DUG~b+MAŠ	|DUG~b×MAŠ|	o0900391	𒞍
198	DUG+AŠ~a	|DUG~a×1(N57)|	o0900394	𒝳
198	DUG+AŠ~b	|DUG~b×1(N57)|	o0900395	𒞪
198	DUG+AŠ~c	|DUG~c~v2×1(N57)|	o0900398	𒞾
198	DUG~b+1(N57)+KU₃~a	|DUG~b×(1(N57).KU₃~a)|	o0900401	𒞫
201	DUG~b+NAGA~a	|DUG~b×NAGA~a|	o0900408	𒞎
201	DUG~b+NAM₂	|DUG~b×NAM₂|	o0900410	𒞏
201	DUG~b+SA~a	|DUG~b×SA~a|	o0900414	𒞑
201	DUG~b+SA~a+GI	|DUG~b×(SA~a.GI)|	o0900416	𒞑
201	DUG~b+SI₄~a	|DUG~b×SI₄~a|	o0900418	𒞒
201	DUG~b+SI₄~a+?	|DUG~b×(SI₄~a.X)|	o0900420	𒞓
201	DUG~b+SIG₂~a1	|DUG~b×SIG₂~a1|	o0900422	𒞔
202	DUG~b+SIG₂~a2	|DUG~b×SIG₂~a2|	o0900423	𒞕
202	DUG~b+SIG₇	|DUG~b×SIG₇|	o0900425	𒞖
202	DUG~b+SUHUR	|DUG~b×SUHUR|	o0900427	𒞗
202	DUG~b+ŠAH₂~a	|DUG~b×ŠAH₂~a|	o0900431	𒞘
202	DUG~b+ŠE~a	|DUG~b×ŠE~a|	o0900433	𒞙
202	DUG~b+ŠE~a+NAM₂	|DUG~b×(ŠE~a.NAM₂)|	o0900437	𒞚
203	DUG~b+TAK₄~a	|DUG~b×TAK₄~a|	o0900439	𒞛
203	DUG~b+TAK₄~a+SA~a	|DUG~b×(TAK₄~a.SA~a)|	o0900441	𒞜
203	DUG~b+TAK₄~a+SAL	|DUG~b×(TAK₄~a.SAL)|	o0900443	𒞝
203	DUG~b+TI~a	|DUG~b×TI|	o0900445	𒞞
203	DUG~b+U₂~a	|DUG~b×U₂~a|	o0900449	𒞟
203	DUG~b+U₂~b	|DUG~b×U₂~b|	o0900450	𒞠
203	DUG~b+UH₃~a	|DUG~b×UH₃~a|	o0900456	𒞡
203	DUG~b+UH₃~a@t	|DUG~b×UH₃~a@t|	o0900458	𒞢
204	DUG~b+?	|DUG~b×X|	o0900461	𒞣
203	DUG~b+ZATU764	|DUG~b×ZATU764|	o0900466	𒞥
203	DUG~b+ZATU779	|DUG~b×ZATU779|	o0900468	𒞦
204	DUG~b+ZATU780	|DUG~b×ZATU780|	o0900470	𒞧
204	DUG~b+ZATU781	|DUG~b×ZATU781|	o0900472	𒞨
204	DUG~b+ZATU789+SA~a	|DUG~b×(ZATU789.SA~a)|	o0900474	𒞩
206	DUR₂	DUR₂	o0900485	𒟅
206	E₂~a	E₂~a	o0900493	𒟊
207	E₂~b	E₂~b	o0900494	𒟎
207	E₂~b+AŠ~c	|E₂~b×1(N58@t)|	o0900504	𒟐
207	EDIN	EDIN	o0900511	𒟕
208	EN~a	EN~a	o0900513	𒟖
210	EN~b	EN~b	o0900517	𒟚
210	ENDIB	ENDIB	o0900533	𒟦
210	ENGIZ	ENGIZ	o0900534	𒟧
210	ENKUM	ENKUM~v1	o0900536	𒟩
210	ENLIL	ENLIL	o0900537	𒟪
210	ERIM~a	ERIM~a	o0900541	𒟫
210	ERIM~b	ERIM~b2	o0900543	𒟭
210	ERIM₂	ERIM₂	o0900544	𒟮
211	ERIN	ERIN	o0900545	𒟯
211	EŠDA	EŠDA	o0900546	𒟰
211	EZEN~a	EZEN~a	o0900550	𒟳
212	EZEN~b	EZEN~b	o0900552	𒠃
211	EZEN~a+SU~a	|EZEN~a×SU~a|	o0900581	𒟽
212	EZINU~a	EZINU~a	o0900594	𒠆
212	EZINU~d	EZINU~d	o0900597	𒠉
212	GA~a	GA~a	o0900599	𒠊
213	GA~b	GA~b	o0900604	𒠑
213	GA~c	GA~c	o0900605	𒠒
213	GA~c+1(N14)	|GA~c×1(N14)|	o0900612	𒠔
213	GA₂~a1	GA₂~a1	o0900616	𒠕
215	GA₂~a3	GA₂~a3	o0900618	𒠾
215	GA₂~b	GA₂~b	o0900620	𒡁
213	GA₂~a1+A	|GA₂~a1×A|	o0900623	𒠖
215	GA₂~b+DUB~a	|GA₂~b×DUB~a|	o0900625	𒡂
214	GA₂~a1+GIŠ@t	|GA₂~a1×GIŠ@t|	o0900641	𒠜
214	GA₂~a1+HAL	|GA₂~a1×HAL|	o0900648	𒠝
214	GA₂~a1+HI	|GA₂~a1×HI|	o0900650	𒠞
214	GA₂~a1+KU₃~a	|GA₂~a1×KU₃~a|	o0900654	𒠠
214	GA₂~a1+KU₆~a	|GA₂~a1×KU₆~a|	o0900657	𒠡
214	GA₂~a1+MAŠ	|GA₂~a1×MAŠ|	o0900664	𒠤
214	GA₂~a1+PAP~a	|GA₂~a1×PAP~a|	o0900687	𒠨
214	GA₂~a1+SUHUR	|GA₂~a1×SUHUR|	o0900691	𒠪
214	GA₂~a1+TI~a	|GA₂~a1×TI|	o0900705	𒠰
214	GA₂~a1+U₄	|GA₂~a1×U₄|	o0900707	𒠱
214	GA₂~a1+?	|GA₂~a1×X|	o0900709	𒠲
215	GAʾAR~a1	GAʾAR~a1	o0900719	𒡇
215	GAʾAR~b1	GAʾAR~b1	o0900721	𒡉
216	GADA~a	GADA~a	o0900724	𒡋
216	GAL~a	GAL~a	o0900729	𒡎
223	GAL~b	GAL~b	o0900730	𒡏
223	GALGA~a	GALGA~a	o0900732	𒡐
224	GAN~a	GAN~a	o0900736	𒡒
224	GAN~b	GAN~b	o0900738	𒡔
224	GAN~c	GAN~c	o0900742	𒡘
224	GAN₂	GAN₂	o0900778	𒡧
225	GAR	GAR	o0900779	𒡨
225	GAR@g~b	GAR@g~b	o0900782	𒡪
225	GAR@g~c	GAR@g~c	o0900783	𒡫
225	GARA₂~a	GARA₂~a	o0900786	𒡭
226	GAZI	GAZI	o0900788	𒡯
226	GEŠTIN~a	GEŠTIN~a	o0900790	𒡰
226	GEŠTU~a	GEŠTU~a	o0900797	𒡱
226	GEŠTU~b	GEŠTU~b	o0900800	𒡴
226	GI	GI~v1	o0900807	𒢄
228	GI+ŠE₃	|GI×ŠE₃~v1|	o0900820	𒡼
227	GI+GI	|GI&GI|	o0900822	𒡿
228	GI₄~a	GI₄~a	o0900829	𒢉
228	GI₆	GI₆~v1	o0900837	𒢏
228	GIBIL₆	GIBIL₆	o0900841	𒢒
228	GIR~a	GIR~a	o0900845	𒢓
228	GIR~b	GIR~b	o0900846	𒢕
229	GIR~c	GIR~c	o0900848	𒢘
229	GIR~b+GIR~b	|GIR~b~v1.GIR~b~v1|	o0900851	𒢗
229	GIR₂~a	GIR₂~a	o0900855	𒢚
229	GIR₃~a	GIR₃~a	o0900858	𒢜
230	GIR₃~c	GIR₃~c	o0900860	𒢟
230	GIR₃~c+ŠE₃	|GIR₃~c×ŠE₃~v1|	o0900866	𒢡
230	GIR₃@g~a	GIR₃@g~a	o0900869	𒢢
230	GIŠ	GIŠ	o0900875	𒢧
233	GIŠ+DIN+DIN~c	|(GIŠ×(DIN.DIN))~a|	o0900879	𒢩
233	GIŠ+ŠU₂~a	|GIŠ×ŠU₂~a|	o0900883	𒢬
234	GIŠ+ŠU₂~b	|GIŠ×ŠU₂~b|	o0900884	𒢭
234	GIŠ@t	GIŠ@t	o0900885	𒢮
234	GIŠ₃~b	GIŠ₃~b	o0900890	𒢱
234	GIŠ₃~a+GIŠ₃~a	|GIŠ₃~a&GIŠ₃~a|	o0900892	𒢰
234	GIŠGAL	GIŠGAL~v1	o0900894	𒢳
234	GIŠIMMAR~a2	GIŠIMMAR~a2	o0900897	𒢵
234	GIŠIMMAR~b1	GIŠIMMAR~b1	o0900899	𒢷
235	GU~a	GU	o0900906	𒢼
235	GU₂	GU₂	o0900907	𒢽
235	GU₄	GU₄~v1	o0900909	𒣁
236	GUB₃~a	GUB₃~a	o0900916	𒣄
236	GUB₃~b	GUB₃~b	o0900917	𒣅
236	GUG₂~a	GUG₂~v1	o0900921	𒣊
236	GUKKAL~c	GUKKAL~c	o0900931	𒣐
236	GUL	GUL	o0900935	𒣒
236	GUM~b	GUM~b	o0900938	𒣔
236	GUM@n~b	GUM~b@n	o0900941	𒣕
237	GUN₃~b	GUN₃~b	o0900945	𒣙
237	GUR	GUR	o0900946	𒣚
237	GURUŠ~a	GURUŠ~a	o0900948	𒣛
237	GURUŠ~a+2(N14)	|GURUŠ~a×2(N14)|	o0900952	𒣜
237	GURUŠDA~a	GURUŠDA	o0900955	𒣡
237	HAL	HAL	o0900956	𒣢
237	HALUB	HALUB	o0900957	𒣣
237	HAŠHUR	HAŠHUR	o0900958	𒣤
238	HAŠHUR+MA	|HAŠHUR×MA|	o0900959	𒣥
238	HI	HI~b	o0900961	𒣦
239	HI+SUHUR	|HI.SUHUR~v1|	o0900963	𒣨
238	HI+AŠ~b	|HI×1(N57)|	o0900968	𒣬
239	HI@g~b	HI@g~b	o0900977	𒣱
239	I	I	o0900981	𒣳
239	IB~a	IB~a	o0900983	𒣴
239	IB~b	IB~b	o0900984	𒣶
239	IDIGNA	IDIGNA~v1	o0900989	𒣸
240	ILDUM~b	ILDUM~b	o0900998	𒣽
240	IM~a	IM~a	o0901000	𒣾
240	IM~b	IM~b	o0901001	𒣿
240	IN~b	IN~b	o0901005	𒤀
241	IR~a	IR~a	o0901009	𒤃
241	IR~b	IR~b	o0901010	𒤅
241	IŠ~a	IŠ~a	o0901020	𒤋
241	IŠ~b	IŠ~b	o0901022	𒤍
242	KA~a	KA~a	o0901030	𒤔
242	KA~a+SAR~a	|KA~a×SAR~a|	o0901036	𒤕
242	KA₂+LAM	|KA₂~d×LAM~b~v2|	o0901043	𒤛
242	KAB	KAB	o0901044	𒤜
243	KAD₄~a	KAD₄~a	o0901047	𒤞
243	KAD₄~b	KAD₄~b	o0901048	𒤟
243	KAK~a	KAK~a	o0901052	𒤢
243	KAK~a+GA₂~a1	|KAK~a.GA₂~a1|	o0901055	𒤣
243	KAL~a	KAL~a	o0901057	𒤥
244	KAL~b1	KAL~b1	o0901058	𒤦
244	KAL~b2	KAL~b2	o0901060	𒤨
244	KAR	KAR	o0901071	𒤯
244	KAR₂~a	KAR₂~a	o0901073	𒤰
244	KAR₂~b	KAR₂~b	o0901074	𒤱
244	KASKAL	KASKAL	o0901075	𒤲
245	KAŠ~a	KAŠ~a	o0901078	𒤴
245	KAŠ~b	KAŠ~b	o0901080	𒤶
245	KAŠ~c	KAŠ~c	o0901082	𒤺
245	KI~a	KI	o0901090	𒤼
246	KIB	KIB	o0901094	𒤿
246	KID~a	KID~a	o0901097	𒥁
246	KID~b	KID~b	o0901098	𒥂
246	KIN	KIN	o0901102	𒥆
247	KIN₂~c	KIN₂~c	o0901106	𒥈
247	KIN₂~d	KIN₂~d	o0901107	𒥉
247	KINGAL	KINGAL~v1	o0901110	𒥌
247	KISAL~a1	KISAL~a1	o0901113	𒥎
247	KISAL~b1	KISAL~b1	o0901115	𒥐
248	KISAL~b2	KISAL~b2	o0901116	𒥑
248	KISAL~b3	KISAL~b3	o0901117	𒥓
248	KISIM~a	KISIM~a	o0901122	𒥔
248	KISIM~b	KISIM~b	o0901123	𒥕
248	KIŠ	KIŠ~v1	o0901129	𒥛
248	KIŠIK~a	KIŠIK~a	o0901131	𒥜
249	KITI	KITI~v1	o0901134	𒥟
249	KU~a	KU~a	o0901136	𒥠
249	KU~b2	KU~b2	o0901138	𒥢
249	KU₃~a	KU₃~a	o0901142	𒥣
249	KU₃~c	KU₃~c	o0901143	𒥤
249	KU₆~a	KU₆~a	o0901145	𒥥
251	KU₆~a+KU₆~a	|KU₆~a+KU₆~a|	o0901153	𒥨
251	KUR~a	KUR~a	o0901158	𒥬
251	KUR~c	KUR~c	o0901160	𒥱
254	LAM+KUR~a	KUR@g~a	o0901169	𒥴
251	KUŠU₂~b	KUŠU₂~b	o0901173	𒥷
251	KUŠU₂~c	KUŠU₂~c	o0901174	𒥸
251	KUŠU₂~d	KUŠU₂~d	o0901175	𒥹
251	KUŠU₂~e	KUŠU₂~e	o0901176	𒥺
251	KUŠU₂~f	KUŠU₂~f	o0901177	𒥻
252	LA~b	LA~b	o0901179	𒥼
252	LA₂	LA₂	o0901184	𒥿
252	LAGAB~a	LAGAB~a	o0901186	𒦀
252	LAGAB~b	LAGAB~b	o0901187	𒦗
252	LAGAB~a+ME~a	|LAGAB~a×ME~a|	o0901219	𒦉
252	LAGAB~a+ŠA	|LAGAB~a×ŠA|	o0901243	𒦏
252	LAGAB~a+ŠITA~a1	|LAGAB~a×ŠITA~a1|	o0901245	𒦐
252	LAGAB~a+TI~a	|LAGAB~a×TI|	o0901248	𒦑
252	LAGAB~a+?	|LAGAB~a×X|	o0901255	𒦔
252	LAGAB~a+ZATU753	|LAGAB~a×ZATU753|	o0901258	𒦕
253	LAGAB~b+LAGAB~b	|LAGAB~b&LAGAB~b|	o0901260	𒦟
253	LAGAR~a	LAGAR~a	o0901262	𒦠
253	LAGAR~b2	LAGAR~b2	o0901264	𒦣
253	LAGAR~c	LAGAR~c	o0901265	𒦤
253	LAHTAN₂	LAHTAN₂	o0901268	𒦥
253	LAL₂~a	LAL₂~a	o0901270	𒦦
253	LAM~a	LAM~a	o0901283	𒦬
254	LAM~b	LAM~b	o0901284	𒦭
254	LI	LI~v1	o0901302	𒦴
254	LIŠ	LIŠ	o0901303	𒦵
254	LU₂	LU₂~v1	o0901305	𒦸
254	LUM	LUM	o0901312	𒦼
254	MA	MA~v1	o0901314	𒧀
255	MAH~a	MAH~a	o0901325	𒧅
255	MAR~a	MAR~a	o0901361	𒧘
255	MAR~b	MAR~b	o0901363	𒧛
255	MAR~b+?	|MAR~b×X|	o0901371	𒧞
255	MAR~a@g	MAR@g~a	o0901373	𒧞
255	MAR~a@t	MAR~a@t	o0901375	𒧙
255	MAŠ	MAŠ	o0901376	𒧟
255	MAŠ₂	MAŠ₂	o0901377	𒧠
256	ME~a	ME~a	o0901380	𒧢
257	ME~b	ME~b	o0901381	𒧣
257	MEN~a	MEN~a	o0901384	𒧥
257	MES~a	MES~v1	o0901388	𒧩
257	MIR~a	MIR~a	o0901390	𒧪
257	MIR~b	MIR~b	o0901391	𒧫
258	MU	MU	o0901392	𒧬
258	MUD	MUD~v1	o0901394	𒧮
258	MUD₃~a	MUD₃~a	o0901396	𒧯
258	MUD₃~c	MUD₃~c	o0901398	𒧲
258	MUD₃@g	MUD₃~a@g	o0901401	𒧰
258	MUL	MUL	o0901404	𒧴
258	MUN~a2	MUN~a2	o0901408	𒧶
258	MUN~a4	MUN~a4	o0901410	𒧸
259	MUN~b	MUN~b	o0901411	𒧹
259	MUNŠUB~b	MUNŠUB~b	o0901414	𒧻
259	MUNU₃	MUNU₃	o0901415	𒧼
259	MUŠ	MUŠ	o0901417	𒧾
259	MUŠ₃~a	MUŠ₃~a~v2	o0901421	𒨃
259	MUŠEN	MUŠEN	o0901426	𒨅
260	NA~a	NA~a	o0901437	𒨋
260	NA~b	NA~b	o0901438	𒨌
261	NA~c	NA~c	o0901439	𒨍
261	NA₂~a	NA₂~a	o0901442	𒨏
261	NAGA~a	NAGA~a	o0901452	𒨖
261	NAGA~b	NAGA~b	o0901453	𒨘
261	NAGAR~a	NAGAR~a	o0901457	𒨙
262	NAGAR~b	NAGAR~b	o0901461	𒨝
263	NAM~d	NAM~d	o0901467	𒨢
263	NAM₂	NAM₂~v2	o0903431	𒨣
265	NAM₂@g	NAM₂@g	o0901470	𒨥
265	NAMEŠDA	NAMEŠDA~v1	o0901473	𒨨
266	NANŠE~b	NANŠE~b	o0901480	𒨭
266	NAR	NAR	o0901481	𒨮
266	NE~a	NE~a	o0901483	𒨯
266	NE~d	NE~d	o0901488	𒨴
267	NERGAL~x	NERGAL~v	o0901491	𒨵
270	NESAG₂~a	NESAG₂~a	o0901493	𒨶
271	NESAG₂~b	NESAG₂~b	o0901496	𒨷
267	NI~a	NI~a	o0901501	𒨺
267	NI~b	NI~b	o0901502	𒨾
268	NI~b+4(N57)	|NI~b×4(N57)|	o0901508	𒩀
268	NI~b+?	|NI~b×X|	o0901510	𒨿
268	NI₂	NI₂	o0901513	𒩁
268	NIGIN	NIGIN	o0901514	𒩂
269	NIM~a	NIM~a	o0901516	𒩃
269	NIM~b1	NIM~b1	o0901517	𒩄
269	NIM~b2	NIM~b2	o0901518	𒩅
269	NIMGIR	NIMGIR~v1	o0901522	𒩈
269	NIN	NIN	o0901524	𒩉
269	NINDA₂	NINDA₂~v1	o0901526	𒩧
270	NINDA₂+AN+?	|NINDA₂×(AN.X)|	o0901537	𒩎
270	NINDA₂+GIŠ	|NINDA₂×GIŠ|	o0901544	𒩓
270	NINDA₂+1(N1)	|NINDA₂×1(N01)|	o0901557	𒩣
270	NINDA₂+2(N1)	|NINDA₂×2(N01)|	o0901558	𒩤
270	NINKUM	NINKUM	o0901577	𒩨
270	NINLIL	NINLIL	o0901578	𒩩
270	NIR~a	NIR~a	o0901580	𒩪
270	NIR~b	NIR~b	o0901581	𒩬
271	NU	NU	o0901584	𒩭
271	NU@g	NU@g	o0901585	𒩮
271	NU₁₁	NU₁₁	o0901586	𒩯
272	NU₁₁+NU₁₁	|NU₁₁&NU₁₁|	o0901587	𒩰
272	NUN~a	NUN~a	o0901592	𒩴
273	NUN~b	NUN~b	o0901593	𒩺
209	EN~a+NUN~a	|NUN~a+EN~a~v2|	o0901606	𒩶
273	NUNUZ~a1	NUNUZ~a1	o0901614	𒪂
273	NUNUZ~b1	NUNUZ~b1	o0901616	𒪅
273	NUNUZ~c1	NUNUZ~c~v1	o0901619	𒪈
274	PA~a	PA~a	o0901625	𒪋
274	PAD~a	PAD~a	o0901636	𒪏
274	PAD~b	PAD~b	o0901637	𒪐
274	PAP~a	PAP~a	o0901639	𒪑
275	PAP~b	PAP~b	o0901640	𒪓
275	PIRIG~a1	PIRIG~a1	o0901645	𒪕
275	PIRIG~b1	PIRIG~b1	o0901648	𒪘
275	PU₂	PU₂	o0901656	𒪛
276	RAD~a	RAD~a	o0901659	𒪝
276	RAD~b	RAD~b	o0901660	𒪠
276	RAD@g	RAD~a@g	o0901662	𒪞
276	RI₈~a	RI₈~a	o0901668	𒪡
276	RI₈~b	RI₈~b	o0901669	𒪢
277	RU	RU~v1	o0901671	𒪥
277	SA~a	SA~a	o0901674	𒪦
277	SAG	SAG~v1	o0901678	𒪮
278	SAG@n	SAG@n	o0901695	𒪬
278	SAGŠU	SAGŠU	o0901696	𒪴
278	SAL	SAL	o0901697	𒪵
278	SANGA~a	SANGA~a	o0901709	𒪺
280	SANGA~b	SANGA~b	o0901712	𒪽
280	SAR~a	SAR~a	o0901718	𒫀
280	SAR~b	SAR~b	o0901719	𒫂
280	SAR~c	SAR~c	o0901720	𒫃
292	ŠE~a+SAR~a	|SAR~a×ŠE~a|	o0901723	𒫁
280	SI	SI~v1	o0901725	𒫇
281	SI+ŠE₃	|SI×ŠE₃~v1|	o0901734	𒫆
281	SI₄~a	SI₄~a	o0901739	𒫈
281	SIG	SIG~b	o0901747	𒫏
281	SIG₂~a1	SIG₂~a1	o0901751	𒫑
282	SIG₂~a2	SIG₂~a2	o0901752	𒫒
282	SIG₂~a3	SIG₂~a3	o0901753	𒫓
282	SIG₂~b	SIG₂~b	o0901757	𒫗
282	SIG₂~c1	SIG₂~c1	o0901758	𒫚
282	SIG₂~c2	SIG₂~c2	o0901759	𒫛
282	SIG₂~d1	SIG₂~d1	o0901760	𒫜
283	SIG₄	SIG₄	o0901770	𒫢
283	SIG₇	SIG₇~v1	o0901772	𒫤
283	SILA₃~a	SILA₃~a	o0901775	𒫥
284	SILA₃~b	SILA₃~b	o0901776	𒬊
283	SILA₃~a+A	|SILA₃~a×A|	o0901781	𒫦
226	GARA₂~a+SILA₃~a	|SILA₃~a×GARA₂~a|	o0901792	𒫪
283	SILA₃~a+GEŠTU~a	|SILA₃~a×GEŠTU~a~v2|	o0901794	𒫫
283	SILA₃~a+HI~a	|SILA₃~a×HI|	o0901802	𒫯
283	SILA₃~a+NAGA~a	|SILA₃~a×NAGA~a|	o0901826	𒫹
284	SILA₃~b+NI~b	|SILA₃~b×NI~b|	o0901831	𒬍
283	SILA₃~a+NUN~b	|SILA₃~a×NUN~b|	o0901834	𒫻
283	SILA₃~a+ŠU	|SILA₃~a×ŠU|	o0901845	𒬁
283	SILA₃~a+ZATU629	|SILA₃~a×ZATU629~v1|	o0901852	𒬄
284	SILA₃~a+ZATU646~b	|SILA₃~a×ZATU646|	o0901854	𒬅
284	SILA₃~c+ZATU687	|SILA₃~c×ZATU687|	o0901858	𒬑
284	SILA₄~a	SILA₄~a	o0901860	𒬓
284	SILA₄~b	SILA₄~b	o0901861	𒬔
284	SILA₄~d	SILA₄~d	o0901864	𒬖
284	SIMUG	SIMUG~v1	o0901867	𒬙
284	SIPA	SIPA	o0901868	𒬚
285	SU~a	SU~a	o0901870	𒬛
285	SU~a+1(N58)	|SU~a×1(N58)|	o0901875	𒬜
285	SU₃	SU₃	o0901876	𒬟
285	SUG	SUG	o0901878	𒬠
286	SUG₅	SUG₅	o0901879	𒬡
286	SUH₃	SUH₃	o0901880	𒬢
286	SUHUR	SUHUR~b	o0901882	𒬣
287	SUHUR@g	SUHUR@g	o0901883	𒬤
287	SUKKAL	SUKKAL	o0901887	𒬦
288	SUKUD~a	SUKUD	o0901888	𒬧
288	SUKUD+SUKUD~a	|(SUKUD+SUKUD)~a|	o0901890	𒬨
288	SUKUD+SUKUD~b	|(SUKUD+SUKUD)~b|	o0901891	𒬩
288	SUKUD@g~b	SUKUD@g~b	o0901896	𒬬
288	SUM~a	SUM~a	o0901902	𒬰
288	SUM~b	SUM~b	o0901904	𒬳
288	SUMAŠ	SUMAŠ	o0901907	𒬴
288	SUR	SUR	o0901908	𒬵
289	SUSA	SUSA	o0901909	𒬶
289	ŠA	ŠA~v1	o0901911	𒬻
289	ŠA+HI@g~a	|(ŠA×HI@g~a)~a|	o0901914	𒬸
289	ŠA@g	ŠA@g	o0901916	𒬺
289	ŠA₃~a1	ŠA₃~a1	o0901918	𒬽
290	ŠA₃~a2	ŠA₃~a2	o0901919	𒬾
290	ŠAB~a	ŠAB~a	o0901926	𒭂
290	ŠAGAN	ŠAGAN~v1	o0901931	𒭇
291	ŠAGINA	ŠAGINA	o0901932	𒭈
291	ŠAH₂~a	ŠAH₂~a	o0901934	𒭉
291	ŠAKIR~a	ŠAKIR~a	o0901938	𒭌
291	ŠAKIR~b	ŠAKIR~b	o0901939	𒭍
291	ŠAKIR~c	ŠAKIR~c	o0901940	𒭎
291	ŠAM₂	ŠAM₂	o0901941	𒭏
292	ŠE~a	ŠE~a	o0901946	𒭒
293	ŠE~b	ŠE~b	o0901947	𒭘
292	ŠE~a+KIN₂~c	|ŠE~a.KIN₂~c|	o0901953	𒭓
292	ŠE~a+NAM₂	|ŠE~a.NAM₂|	o0901955	𒭔
292	ŠE~a+ŠE~a	|ŠE~a&ŠE~a|	o0901959	𒭖
292	ŠE~a@t	ŠE~a@t	o0901961	𒭗
293	ŠE₃	ŠE₃~v1	o0901963	𒭜
293	ŠE₃@t	ŠE₃@t~v1	o0901965	𒭝
293	ŠEG₉	ŠEG₉	o0901966	𒭞
293	ŠELU	ŠELU	o0901967	𒭟
293	ŠEN~a	ŠEN~a	o0901969	𒭠
293	ŠEN~b	ŠEN~b	o0901971	𒭢
293	ŠEN~c	ŠEN~c	o0901973	𒭤
294	ŠENNUR~a	ŠENNUR~a	o0901983	𒭫
294	ŠIDIM	ŠIDIM	o0901990	𒭰
294	ŠIM~a	ŠIM~a	o0901993	𒭲
294	ŠIR~a	ŠIR~a	o0901998	𒭶
294	ŠITA~a1	ŠITA~a1	o0902004	𒭻
295	ŠITA~a3	ŠITA~a3	o0902006	𒮃
295	ŠITA~b1	ŠITA~b1	o0902007	𒮄
295	ŠITA~b3	ŠITA~b3	o0902009	𒮈
295	ŠITA~a1+KAK	|ŠITA~a1×KAK~a|	o0902014	𒭼
295	ŠITA~a1+ŠU	|ŠITA~a1×ŠU|	o0902020	𒭽
295	ŠU	ŠU	o0902033	𒮍
296	ŠU@g	ŠU@g	o0902036	𒮐
296	ŠU₂	ŠU₂~a	o0902039	𒮑
296	ŠU₂+EN~a	|ŠU₂~a.EN~a~v1|	o0902046	𒮓
296	ŠU₁₂	ŠU₁₂	o0902059	𒮝
297	ŠUBUR	ŠUBUR	o0902060	𒮞
298	ŠUM	ŠUM	o0902061	𒮟
298	ŠURUPPAK~a	ŠURUPPAK~a	o0902068	𒮢
298	TA~c	TA~c	o0902076	𒮨
298	TAG~a1	TAG~a1	o0902083	𒮬
298	TAG~a2	TAG~a2	o0902084	𒮮
298	TAG~a4	TAG~a4	o0902086	𒮰
299	TAG~b	TAG~b	o0902087	𒮱
299	TAK₄~a	TAK₄~a	o0902094	𒮴
299	TAR~a	TAR~a	o0902100	𒮸
300	TE	TE	o0902102	𒮹
300	TI~a	TI~v1	o0902104	𒮾
300	TI~a@g	TI@g	o0902105	𒮻
300	TIDNUM	TIDNUM	o0902108	𒮿
300	TILLA₂	TILLA₂	o0902109	𒯀
301	TU~a	TU~a	o0902111	𒯁
301	TU~b	TU~b	o0902112	𒯂
301	TUG₂~a	TUG₂~a	o0902116	𒯄
301	TUG₂~a@g	TUG₂~a@g	o0902123	𒯆
301	TUM~a	TUM~a	o0902128	𒯋
302	TUM~b	TUM~b	o0902129	𒯍
302	TUN₃~a	TUN₃~a	o0902136	𒯐
302	TUN₃~b	TUN₃~b	o0902137	𒯑
302	TUR	TUR~v1	o0902140	𒯕
303	TUR₃~a	TUR₃~a	o0902146	𒯘
303	TUR₃~b	TUR₃~b	o0902147	𒯚
303	U₂~a	U₂~a	o0902156	𒯜
303	U₂~b	U₂~b	o0902157	𒯝
304	U₄	U₄	o0902161	𒯡
305	U₄+ŠU₂	|U₄.ŠU₂~b|	o0902177	𒯢
305	U₄+2(N57)	|U₄×2(N57)|	o0902207	𒰌
305	U₈	U₈~v2	o0902222	𒰙
305	UB	UB	o0902227	𒰛
305	UBI~c	UBI~c	o0902230	𒰝
306	UD₅~a	UD₅~a~v1	o0902235	𒰡
306	UD₅~a@g	UD₅~a@g	o0902241	𒰠
306	UDU~a	UDU~a	o0902243	𒰥
306	UDU~c	UDU~c	o0902245	𒰩
306	UDUNITA~a	UDUNITA~a	o0902250	𒰪
306	UH₃~a	UH₃~a	o0902256	𒰮
306	UH₃~a@t	UH₃~a@t	o0902259	𒰯
306	UKKIN~a	UKKIN~a	o0902261	𒰱
307	UKKIN~b	UKKIN~b	o0902263	𒰳
307	UMUN₂	UMUN₂~v1	o0902291	𒱃
308	UNUG~a	UNUG~a	o0902293	𒱄
308	UNUG@s	UNUG~a@s	o0902300	𒱅
308	UR~a	UR~a	o0902302	𒱊
308	UR₂	UR₂	o0902309	𒱏
308	UR₂+1(N57)	|UR₂×1(N57)|	o0902310	𒱑
308	UR₂+TAR	|UR₂×TAR~c|	o0902311	𒱐
308	UR₃~a2	UR₃~a2	o0902315	𒱔
309	UR₃~b1	UR₃~b1	o0902317	𒱖
309	UR₃~b2	UR₃~b2	o0902318	𒱘
309	UR₄~a	UR₄~a	o0902323	𒱙
309	UR₄~b	UR₄~b	o0902324	𒱚
309	UR₅~b	UR₅~b	o0902328	𒱝
309	URI	URI	o0902329	𒱞
309	URI₃~a	URI₃~a	o0902332	𒱟
310	URI₅	URI₅	o0902337	𒱢
310	URU~a1	URU~a1	o0902339	𒱣
310	URUDU~a	URUDU~a	o0902373	𒱳
310	URUDU@g~c	URUDU@g~c	o0902381	𒱺
310	UŠ~a	UŠ~a	o0902384	𒱼
311	UŠ~b	UŠ~b	o0902385	𒱾
311	UŠ~b+UŠ~b	|UŠ~b&UŠ~b|	o0902393	𒲀
311	UŠUMGAL	UŠUMGAL	o0902394	𒲃
311	UŠUR₃~b1	UŠUR₃~b1	o0902397	𒲄
311	UŠUR₃~b2	UŠUR₃~b2	o0902398	𒲅
311	UTUA~b	UTUA~b	o0902401	𒲈
311	UTUL~a	UTUL~a	o0902406	𒲊
311	UTUL~b	UTUL~b	o0902407	𒲋
311	UZ~a	UZ~a	o0902411	𒲎
312	ZA~x	ZA~v	o0902416	𒲐
312	ZABALAM~a	ZABALAM~a	o0902418	𒲑
312	ZAG~a	ZAG~a	o0902422	𒲓
313	ZATU621~a	ZATU621~a	o0902433	𒲜
313	ZATU623	ZATU623~v1	o0902439	𒲢
313	ZATU630	ZATU630	o0902458	𒲲
313	ZATU632~a	ZATU632~a	o0902461	𒲴
313	ZATU633~a	ZATU633~a	o0902466	𒲸
313	ZATU633~b	ZATU633~b	o0902467	𒲹
313	ZATU636	ZATU636~v1	o0902471	𒲽
313	ZATU644~b	ZATU644~b	o0902480	𒳆
313	ZATU647	ZATU647~v1	o0902485	𒳉
314	ZATU648	ZATU648	o0902486	𒳊
314	ZATU651	ZATU651~v1	o0902491	𒳗
314	ZATU651+AN	|ZATU651×AN|	o0902493	𒳏
314	ZATU651@g	ZATU651@g	o0902505	𒳖
314	ZATU659	ZATU659	o0902506	𒳚
314	ZATU659+1(N58)	|ZATU659×1(N58@t)|	o0902509	𒳝
314	ZATU662	ZATU662~v1	o0902512	𒳠
315	ZATU662+1(N14)	|ZATU662~v1×1(N14)|	o0902516	𒳡
315	ZATU679	ZATU679	o0902540	𒳸
315	ZATU680~b	ZATU680~b	o0902544	𒳻
315	ZATU681	ZATU681	o0902548	𒳿
315	ZATU684	ZATU684	o0902554	𒴄
315	ZATU686~a	ZATU686~a	o0902557	𒴆
315	ZATU686~c	ZATU686~c	o0902559	𒴈
315	ZATU687	ZATU687	o0902560	𒴉
315	ZATU693	ZATU693~v1	o0902569	𒴒
315	ZATU694~c	ZATU694~c	o0902575	𒴖
316	ZATU697~a	ZATU697~a	o0902584	𒴜
316	ZATU707~a	ZATU707~a	o0902601	𒴫
316	ZATU714	ZATU714	o0902613	𒴶
316	ZATU718	ZATU718	o0902619	𒴻
316	ZATU725	ZATU725~v1	o0902627	𒵃
316	ZATU732	ZATU732	o0902637	𒵌
316	ZATU735~b	ZATU735~b	o0902642	𒵐
316	ZATU736~b	ZATU736~b	o0902648	𒵕
317	ZATU737	ZATU737~v1	o0902650	𒵤
215	GABURRA	|ZATU737×BUR~a|	o0902657	𒵙
317	ZATU737+DI	|ZATU737~v2×DI|	o0902659	𒵨
317	ZATU737+GAR	|ZATU737~v1×GAR|	o0902666	𒵦
317	ZATU737+NI~a@g	|ZATU737×NI~a@g|	o0902669	𒵞
317	ZATU737+SAL	|ZATU737~v3×SAL|	o0902671	𒵪
317	ZATU737+U₄	|ZATU737~v3×U₄|	o0902680	𒵫
318	ZATU737+?	|ZATU737~v2×X|	o0902683	𒵩
318	ZATU750	ZATU750~v1	o0902693	𒵲
318	ZATU751~a	ZATU751~a	o0902697	𒵵
318	ZATU751~b	ZATU751~b	o0902698	𒵶
318	ZATU752	ZATU752~v1	o0902700	𒵸
318	ZATU753	ZATU753	o0902701	𒵹
318	ZATU758	ZATU758	o0902710	𒶁
318	ZATU759+KU₆	|ZATU759×KU₆~a|	o0902714	𒶃
318	ZATU766	ZATU766	o0902732	𒶒
319	ZATU777	ZATU777~v1	o0902747	𒶠
319	ZATU786	ZATU786	o0902757	𒶪
319	ZATU806	ZATU806	o0902774	𒶺
312	ZI~a	ZI~a	o0902829	𒷫
313	ZUBI~a	ZUBI~a	o0902838	𒷯
319	1(N1)	1(N01)	o0902858	𒕐
320	2(N1)	2(N01)~v	o0903435	󰁟
320	3(N1)	3(N01)~v	o0903436	󰁠
321	4(N1)	4(N01)	o0902861	𒕓
321	5(N1)	5(N01)~v	o0903437	󰁡
321	6(N1)	6(N01)~v	o0903438	󰁢
322	8(N1)	8(N01)~v	o0903440	󰁤
322	9(N1)	9(N01)~v	o0903441	󰁥
322	1(N2)	1(N02)	o0902869	𒖾
322	1(N4)	1(N04)	o0902884	𒘆
322	1(N6)	1(N06)	o0902899	𒗑
322	1(N8)	1(N08~b)	o0902910	󰃵
322	2(N8)	2(N08~b)	o0902913	󰃶
322	1(N14)	1(N14)	o0902929	𒕢
324	2(N14)	2(N14~t)	o0902931	𒕣
324	3(N14)	3(N14)	o0902932	𒕤
324	4(N14)	4(N14)	o0902933	𒕥
324	5(N14)	5(N14)~v1	o0902935	𒕦
324	6(N14)	6(N14)~v1	o0902937	𒕧
324	1(N16)	1(N16)	o0902960	󰃻
324	1(N17)	1(N17)	o0902961	󰃼
324	1(N28)	1(N28B)	o0903029	𒘀
325	1(N29~a)	1(N29~a)	o0903032	𒘥
325	1(N31)	1(N31)	o0903056	𒖳
325	1(N34)	1(N34)	o0903059	𒕫
325	2(N34)	2(N34)~v	o0903505	󰂥
325	3(N34)	3(N34)~v	o0903506	󰂦
325	1(N45)	1(N45~a)	o0903135	𒗽
326	1(N57)	1(N57)	o0903210	󰄐
291	ŠAH₂~a+1(N57)	|1(N57).ŠAH₂~a|	o0903219	𒷵
298	ŠUBUR+1(N57)	|1(N57).ŠUBUR~v1|	o0903221	𒷷
326	2(N57)	2(N57)	o0903222	󰄑
298	ŠUBUR+2(N57)	|2(N57).ŠUBUR|	o0903231	𒷻
326	3(N57)	3(N57)	o0903234	󰄒
275	PIRIG~b1+3(N57)	|3(N57).PIRIG~b1|	o0903248	𒸂
298	ŠUBUR+3(N57)	|3(N57).ŠUBUR|	o0903252	𒸃
327	4(N57)	4(N57)	o0903257	󰄓
327	5(N57)	5(N57)	o0903264	󰄔
327	7(N57)	7(N57)	o0903273	󰄖
268	NI~b+8(N57)	|8(N57).NI~b|	o0903277	𒸌
327	1(N58)	1(N58)	o0903280	󰄚
188	BAD+DIŠ~b	|1(N58)~a.BAD~a|	o0903282	𒸏
309	UR₃~b1+3(N58)	|3(N58).UR₃~b1|	o0903287	𒸐
327	4(N58)	4(N58)	o0903288	󰄝
327	9(N58)	9(N58)	o0903291	󰄠
327	10(N58)	10(N58)	o0903292	󰄡
327	12(N58)	12(N58)	o0903293	󰄢
