A	PROTO-CUNEIFORM SIGN A
|A×AB₂|	PROTO-CUNEIFORM SIGN A TIMES AB2
|A×AN|	PROTO-CUNEIFORM SIGN A TIMES AN
|A×EN~a|	PROTO-CUNEIFORM SIGN A TIMES EN-A
|A×ŠUBUR|	PROTO-CUNEIFORM SIGN A TIMES SHUBUR
|A×ZATU672|	PROTO-CUNEIFORM SIGN A TIMES ZATU672
|A×1(N14)|	PROTO-CUNEIFORM SIGN A TIMES ONE-N14
A@g	PROTO-CUNEIFORM SIGN A GUNU
A@t	PROTO-CUNEIFORM SIGN A TENU
A₂	PROTO-CUNEIFORM SIGN A2
AB~a	PROTO-CUNEIFORM SIGN AB-A
|AB~a×A@t|	PROTO-CUNEIFORM SIGN AB-A TIMES A TENU
|AB~a×AŠ₂|	PROTO-CUNEIFORM SIGN AB-A TIMES ASH2
|AB~a×KU₆~a|	PROTO-CUNEIFORM SIGN AB-A TIMES KU6-A
|AB~a×SUKKAL|	PROTO-CUNEIFORM SIGN AB-A TIMES SUKKAL
|AB~a×(ŠE~a&ŠE~a)|	PROTO-CUNEIFORM SIGN AB-A TIMES SHE-A OVER SHE-A
|AB~a×X|	PROTO-CUNEIFORM SIGN AB-A TIMES X
|AB~a×ZATU659|	PROTO-CUNEIFORM SIGN AB-A TIMES ZATU659
|AB~a×1(N01)|	PROTO-CUNEIFORM SIGN AB-A TIMES ONE-N1
|AB~a×1(N04)|	PROTO-CUNEIFORM SIGN AB-A TIMES ONE-N4
AB~a@g	PROTO-CUNEIFORM SIGN AB-A GUNU
AB~b	PROTO-CUNEIFORM SIGN AB-B
|AB~b×A|	PROTO-CUNEIFORM SIGN AB-B TIMES A
|AB~b×KU₆~a|	PROTO-CUNEIFORM SIGN AB-B TIMES KU6-A
|AB~b×ŠA₃~a1|	PROTO-CUNEIFORM SIGN AB-B TIMES SHA3-A1
AB₂	PROTO-CUNEIFORM SIGN AB2
|AB₂×2(N14)|	PROTO-CUNEIFORM SIGN AB2 TIMES TWO-N14
AB₂@g	PROTO-CUNEIFORM SIGN AB2 GUNU
ABGAL	PROTO-CUNEIFORM SIGN ABGAL
ABRIG	PROTO-CUNEIFORM SIGN ABRIG
ABZU	PROTO-CUNEIFORM SIGN ABZU
AD~a	PROTO-CUNEIFORM SIGN AD-A
AD~b	PROTO-CUNEIFORM SIGN AD-B
AD~c	PROTO-CUNEIFORM SIGN AD-C
ADAB	PROTO-CUNEIFORM SIGN ADAB
ADDA	PROTO-CUNEIFORM SIGN ADDA
ADDA@t	PROTO-CUNEIFORM SIGN ADDA TENU
AGAR₂	PROTO-CUNEIFORM SIGN AGAR2
AK~a	PROTO-CUNEIFORM SIGN AK-A
AK~b	PROTO-CUNEIFORM SIGN AK-B
AL	PROTO-CUNEIFORM SIGN AL
ALAN~a	PROTO-CUNEIFORM SIGN ALAN-A
ALAN~b	PROTO-CUNEIFORM SIGN ALAN-B
ALAN~c	PROTO-CUNEIFORM SIGN ALAN-C
ALAN~d	PROTO-CUNEIFORM SIGN ALAN-D
ALAN~e	PROTO-CUNEIFORM SIGN ALAN-E
ALAN~f	PROTO-CUNEIFORM SIGN ALAN-F
ALIM	PROTO-CUNEIFORM SIGN ALIM
AM~a	PROTO-CUNEIFORM SIGN AM-A
AM~b	PROTO-CUNEIFORM SIGN AM-B
AMA~a	PROTO-CUNEIFORM SIGN AMA-A
|AMA~a×E₂~a|	PROTO-CUNEIFORM SIGN AMA-A TIMES E2-A
AMA~b	PROTO-CUNEIFORM SIGN AMA-B
AMAR	PROTO-CUNEIFORM SIGN AMAR
|AMAR.1(N02)|	PROTO-CUNEIFORM SIGN AMAR BESIDE ONE-N2
|AMAR×TAR~c|	PROTO-CUNEIFORM SIGN AMAR TIMES TAR-C
|AMAR&AMAR|	PROTO-CUNEIFORM SIGN AMAR OVER AMAR
AMAR@g	PROTO-CUNEIFORM SIGN AMAR GUNU
AN	PROTO-CUNEIFORM SIGN AN
ANŠE~a	PROTO-CUNEIFORM SIGN ANSHE-A
ANŠE~b	PROTO-CUNEIFORM SIGN ANSHE-B
ANŠE~c	PROTO-CUNEIFORM SIGN ANSHE-C
ANŠE~e	PROTO-CUNEIFORM SIGN ANSHE-E
ANŠE~f	PROTO-CUNEIFORM SIGN ANSHE-F
ANZU₂	PROTO-CUNEIFORM SIGN ANZU2
APIN~a	PROTO-CUNEIFORM SIGN APIN-A
|APIN~a.APIN~a|	PROTO-CUNEIFORM SIGN APIN-A BESIDE APIN-A
APIN~b	PROTO-CUNEIFORM SIGN APIN-B
APIN~c	PROTO-CUNEIFORM SIGN APIN-C
ARARMA₂~a	PROTO-CUNEIFORM SIGN ARARMA2-A
ARARMA₂~b	PROTO-CUNEIFORM SIGN ARARMA2-B
ARATTA	PROTO-CUNEIFORM SIGN ARATTA
ASAL₂	PROTO-CUNEIFORM SIGN ASAL2
ASAR	PROTO-CUNEIFORM SIGN ASAR
AŠ₂	PROTO-CUNEIFORM SIGN ASH2
AZ	PROTO-CUNEIFORM SIGN AZ
AZU	PROTO-CUNEIFORM SIGN AZU
BA	PROTO-CUNEIFORM SIGN BA
BAD	PROTO-CUNEIFORM SIGN BAD
|BAD&BAD|	PROTO-CUNEIFORM SIGN BAD OVER BAD
BAD₃~a	PROTO-CUNEIFORM SIGN BAD3-A
BAD₃~b1	PROTO-CUNEIFORM SIGN BAD3-B1
BAD₃~b2	PROTO-CUNEIFORM SIGN BAD3-B2
BAHAR₂~a	PROTO-CUNEIFORM SIGN BAHAR2-A
BAHAR₂~b	PROTO-CUNEIFORM SIGN BAHAR2-B
BAHAR₂~c	PROTO-CUNEIFORM SIGN BAHAR2-C
BALA~a	PROTO-CUNEIFORM SIGN BALA-A
BALA~b	PROTO-CUNEIFORM SIGN BALA-B
BALAG	PROTO-CUNEIFORM SIGN BALAG
BAN~a	PROTO-CUNEIFORM SIGN BAN-A
BAN~b	PROTO-CUNEIFORM SIGN BAN-B
BANŠUR~a	PROTO-CUNEIFORM SIGN BANSHUR-A
BANŠUR~a@t	PROTO-CUNEIFORM SIGN BANSHUR-A TENU
BANŠUR~b1	PROTO-CUNEIFORM SIGN BANSHUR-B1
BANŠUR~b2	PROTO-CUNEIFORM SIGN BANSHUR-B2
BANŠUR~c	PROTO-CUNEIFORM SIGN BANSHUR-C
BAPPIR~a	PROTO-CUNEIFORM SIGN BAPPIR-A
BAPPIR~b	PROTO-CUNEIFORM SIGN BAPPIR-B
BAPPIR~c	PROTO-CUNEIFORM SIGN BAPPIR-C
BAPPIR~d	PROTO-CUNEIFORM SIGN BAPPIR-D
BAPPIR~e	PROTO-CUNEIFORM SIGN BAPPIR-E
BAPPIR~f	PROTO-CUNEIFORM SIGN BAPPIR-F
BAR	PROTO-CUNEIFORM SIGN BAR
|BAR×URI₃~a|	PROTO-CUNEIFORM SIGN BAR TIMES URI3-A
|BAR×UŠ~a|	PROTO-CUNEIFORM SIGN BAR TIMES USH-A
BARA₂~a	PROTO-CUNEIFORM SIGN BARA2-A
BARA₂~b	PROTO-CUNEIFORM SIGN BARA2-B
BARA₃	PROTO-CUNEIFORM SIGN BARA3
BAU405	PROTO-CUNEIFORM SIGN BAU405
BIR~a	PROTO-CUNEIFORM SIGN BIR-A
BIR~b	PROTO-CUNEIFORM SIGN BIR-B
BIR~c	PROTO-CUNEIFORM SIGN BIR-C
BIR₃~a	PROTO-CUNEIFORM SIGN BIR3-A
BIR₃~b	PROTO-CUNEIFORM SIGN BIR3-B
BIR₃~c	PROTO-CUNEIFORM SIGN BIR3-C
BU~a	PROTO-CUNEIFORM SIGN BU-A
|((BU~a.DU₆~a)&(BU~a.DU₆~a))×UDU~a|	PROTO-CUNEIFORM SIGN BU-A PLUS DU6-A OVER BU-A PLUS DU6-A TIMES UDU-A
|BU~a+DU₆~a|	PROTO-CUNEIFORM SIGN BU-A JOINING DU6-A
|BU~a+KI|	PROTO-CUNEIFORM SIGN BU-A JOINING KI
|BU~a+TU~b|	PROTO-CUNEIFORM SIGN BU-A JOINING TU-B
|BU~a×A|	PROTO-CUNEIFORM SIGN BU-A TIMES A
|BU~a×GIŠ@t|	PROTO-CUNEIFORM SIGN BU-A TIMES GISH TENU
|BU~a×1(N58)|	PROTO-CUNEIFORM SIGN BU-A TIMES ONE-N58
|(BU~a&BU~a).NA₂~a|	PROTO-CUNEIFORM SIGN BU-A OVER BU-A BESIDE NA2-A
|(BU~a&BU~a).NA₂~b|	PROTO-CUNEIFORM SIGN BU-A OVER BU-A BESIDE NA2-B
|(BU~a&BU~a).X|	PROTO-CUNEIFORM SIGN BU-A OVER BU-A BESIDE X
|(BU~a%BU~a).NA₂~a@n|	PROTO-CUNEIFORM SIGN BU-A CROSSING BU-A BESIDE NA2-A NUTILLU
BU~b	PROTO-CUNEIFORM SIGN BU-B
|BU~b.NA₂~a|	PROTO-CUNEIFORM SIGN BU-B BESIDE NA2-A
BU₃	PROTO-CUNEIFORM SIGN BU3
BULUG	PROTO-CUNEIFORM SIGN BULUG
BULUG₃	PROTO-CUNEIFORM SIGN BULUG3
|BULUG₃.DU₆~a|	PROTO-CUNEIFORM SIGN BULUG3 BESIDE DU6-A
BUR~a	PROTO-CUNEIFORM SIGN BUR-A
BUR~b	PROTO-CUNEIFORM SIGN BUR-B
BUR~c	PROTO-CUNEIFORM SIGN BUR-C
BUR~d	PROTO-CUNEIFORM SIGN BUR-D
BUR₂	PROTO-CUNEIFORM SIGN BUR2
DA~a	PROTO-CUNEIFORM SIGN DA-A
|DA~a.LIŠ|	PROTO-CUNEIFORM SIGN DA-A BESIDE LISH
DA~b	PROTO-CUNEIFORM SIGN DA-B
DA~c	PROTO-CUNEIFORM SIGN DA-C
DA~d	PROTO-CUNEIFORM SIGN DA-D
DAG	PROTO-CUNEIFORM SIGN DAG
DAH	PROTO-CUNEIFORM SIGN DAH
DAM	PROTO-CUNEIFORM SIGN DAM
DANNA	PROTO-CUNEIFORM SIGN DANNA
DAR~a	PROTO-CUNEIFORM SIGN DAR-A
|DAR~a×A|	PROTO-CUNEIFORM SIGN DAR-A TIMES A
DAR~b	PROTO-CUNEIFORM SIGN DAR-B
DAR~c	PROTO-CUNEIFORM SIGN DAR-C
DAR~d	PROTO-CUNEIFORM SIGN DAR-D
DARA₃~a	PROTO-CUNEIFORM SIGN DARA3-A
DARA₃~b	PROTO-CUNEIFORM SIGN DARA3-B
DARA₃~c	PROTO-CUNEIFORM SIGN DARA3-C
|DARA₃~c×KAR₂|	PROTO-CUNEIFORM SIGN DARA3-C TIMES KAR2
|DARA₃~c×(KAR₂.ŠE~a)|	PROTO-CUNEIFORM SIGN DARA3-C TIMES KAR2 PLUS SHE-A
DARA₃~d	PROTO-CUNEIFORM SIGN DARA3-D
|DARA₃~d×(KAR₂.ŠE~a)|	PROTO-CUNEIFORM SIGN DARA3-D TIMES KAR2 PLUS SHE-A
|DARA₃~d×KAR₂~b|	PROTO-CUNEIFORM SIGN DARA3-D TIMES KAR2-B
DARA₄~a1	PROTO-CUNEIFORM SIGN DARA4-A1
DARA₄~a2	PROTO-CUNEIFORM SIGN DARA4-A2
DARA₄~a3	PROTO-CUNEIFORM SIGN DARA4-A3
DARA₄~b	PROTO-CUNEIFORM SIGN DARA4-B
DARA₄~c	PROTO-CUNEIFORM SIGN DARA4-C
DARA₄~c1	PROTO-CUNEIFORM SIGN DARA4-C1
DARA₄~c2	PROTO-CUNEIFORM SIGN DARA4-C2
DARA₄~c3	PROTO-CUNEIFORM SIGN DARA4-C3
DARA₄~c4	PROTO-CUNEIFORM SIGN DARA4-C4
DARA₄~c5	PROTO-CUNEIFORM SIGN DARA4-C5
DARA₄~d	PROTO-CUNEIFORM SIGN DARA4-D
DI	PROTO-CUNEIFORM SIGN DI
DI@t	PROTO-CUNEIFORM SIGN DI TENU
DIB	PROTO-CUNEIFORM SIGN DIB
DILMUN	PROTO-CUNEIFORM SIGN DILMUN
DIM~a	PROTO-CUNEIFORM SIGN DIM-A
|DIM~a×GU|	PROTO-CUNEIFORM SIGN DIM-A TIMES GU
|DIM~a×X|	PROTO-CUNEIFORM SIGN DIM-A TIMES X
DIM~b	PROTO-CUNEIFORM SIGN DIM-B
DIM~c	PROTO-CUNEIFORM SIGN DIM-C
DIN	PROTO-CUNEIFORM SIGN DIN
|DIN×1(N58)|	PROTO-CUNEIFORM SIGN DIN TIMES ONE-N58
DIN@t	PROTO-CUNEIFORM SIGN DIN TENU
DU	PROTO-CUNEIFORM SIGN DU
|DU×1(N58@t)|	PROTO-CUNEIFORM SIGN DU TIMES ONE-N58 TENU
DU@g	PROTO-CUNEIFORM SIGN DU GUNU
DU₆~a	PROTO-CUNEIFORM SIGN DU6-A
|DU₆~a×1(N58)|	PROTO-CUNEIFORM SIGN DU6-A TIMES ONE-N58
DU₆~a@n	PROTO-CUNEIFORM SIGN DU6-A NUTILLU
DU₆~b	PROTO-CUNEIFORM SIGN DU6-B
DU₆~c	PROTO-CUNEIFORM SIGN DU6-C
DU₇	PROTO-CUNEIFORM SIGN DU7
DU₈~a	PROTO-CUNEIFORM SIGN DU8-A
DU₈~b	PROTO-CUNEIFORM SIGN DU8-B
DU₈~c	PROTO-CUNEIFORM SIGN DU8-C
|DU₈~c×AB₂|	PROTO-CUNEIFORM SIGN DU8-C TIMES AB2
|DU₈~c×AMAR|	PROTO-CUNEIFORM SIGN DU8-C TIMES AMAR
|DU₈~c×HI|	PROTO-CUNEIFORM SIGN DU8-C TIMES HI
|DU₈~c×UDU~a|	PROTO-CUNEIFORM SIGN DU8-C TIMES UDU-A
|DU₈~c×X|	PROTO-CUNEIFORM SIGN DU8-C TIMES X
DU₈~c@g	PROTO-CUNEIFORM SIGN DU8-C GUNU
DUB~a	PROTO-CUNEIFORM SIGN DUB-A
DUB~b	PROTO-CUNEIFORM SIGN DUB-B
DUB~b@r	PROTO-CUNEIFORM SIGN DUB-B REVERSED
DUB~c	PROTO-CUNEIFORM SIGN DUB-C
DUB~d	PROTO-CUNEIFORM SIGN DUB-D
DUB~e	PROTO-CUNEIFORM SIGN DUB-E
DUB~f	PROTO-CUNEIFORM SIGN DUB-F
DUB~h	PROTO-CUNEIFORM SIGN DUB-H
|(DUB@n~a×1(N58))~a|	PROTO-CUNEIFORM SIGN DUB NUTILLU-A TIMES ONE-N58 FORM A
|(DUB@n~a×1(N58))~b|	PROTO-CUNEIFORM SIGN DUB NUTILLU-A TIMES ONE-N58 FORM B
|DUB@n~b×1(N58)~a|	PROTO-CUNEIFORM SIGN DUB NUTILLU-B TIMES ONE-N58-A
DUB₂	PROTO-CUNEIFORM SIGN DUB2
DUG~a	PROTO-CUNEIFORM SIGN DUG-A
|DUG~a×HI|	PROTO-CUNEIFORM SIGN DUG-A TIMES HI
|DUG~a×KASKAL|	PROTO-CUNEIFORM SIGN DUG-A TIMES KASKAL
|DUG~a×KU₆~a|	PROTO-CUNEIFORM SIGN DUG-A TIMES KU6-A
|DUG~a×LAM~b|	PROTO-CUNEIFORM SIGN DUG-A TIMES LAM-B
|DUG~a×NAGA~a|	PROTO-CUNEIFORM SIGN DUG-A TIMES NAGA-A
|DUG~a×U₂~a|	PROTO-CUNEIFORM SIGN DUG-A TIMES U2-A
|DUG~a×U₂~b|	PROTO-CUNEIFORM SIGN DUG-A TIMES U2-B
|DUG~a×X|	PROTO-CUNEIFORM SIGN DUG-A TIMES X
|DUG~a×1(N57)|	PROTO-CUNEIFORM SIGN DUG-A TIMES ONE-N57
DUG~b	PROTO-CUNEIFORM SIGN DUG-B
|DUG~b×AB₂|	PROTO-CUNEIFORM SIGN DUG-B TIMES AB2
|DUG~b×ANŠE~b|	PROTO-CUNEIFORM SIGN DUG-B TIMES ANSHE-B
|DUG~b×ANŠE~d|	PROTO-CUNEIFORM SIGN DUG-B TIMES ANSHE-D
|DUG~b×BALA~a|	PROTO-CUNEIFORM SIGN DUG-B TIMES BALA-A
|DUG~b×BIR₃~c|	PROTO-CUNEIFORM SIGN DUG-B TIMES BIR3-C
|DUG~b×DIN|	PROTO-CUNEIFORM SIGN DUG-B TIMES DIN
|(DUG~b×DIN)@r|	PROTO-CUNEIFORM SIGN DUG-B TIMES DIN REVERSED
|DUG~b×E~a|	PROTO-CUNEIFORM SIGN DUG-B TIMES E-A
|DUG~b×GA~a|	PROTO-CUNEIFORM SIGN DUG-B TIMES GA-A
|DUG~b×GA~b|	PROTO-CUNEIFORM SIGN DUG-B TIMES GA-B
|DUG~b×GEŠTU~a|	PROTO-CUNEIFORM SIGN DUG-B TIMES GESHTU-A
|DUG~b×GEŠTU~b|	PROTO-CUNEIFORM SIGN DUG-B TIMES GESHTU-B
|DUG~b×GI₆|	PROTO-CUNEIFORM SIGN DUG-B TIMES GI6
|DUG~b×GIŠ|	PROTO-CUNEIFORM SIGN DUG-B TIMES GISH
|DUG~b×HI|	PROTO-CUNEIFORM SIGN DUG-B TIMES HI
|DUG~b×HI@g~a|	PROTO-CUNEIFORM SIGN DUG-B TIMES HI GUNU-A
|DUG~b×KASKAL|	PROTO-CUNEIFORM SIGN DUG-B TIMES KASKAL
|DUG~b×KU₆~a|	PROTO-CUNEIFORM SIGN DUG-B TIMES KU6-A
|DUG~b×KUR~a|	PROTO-CUNEIFORM SIGN DUG-B TIMES KUR-A
|DUG~b×(KUR~a.X)|	PROTO-CUNEIFORM SIGN DUG-B TIMES KUR-A PLUS X
|DUG~b×KUR~b|	PROTO-CUNEIFORM SIGN DUG-B TIMES KUR-B
|DUG~b×KUR@g~a|	PROTO-CUNEIFORM SIGN DUG-B TIMES KUR GUNU-A
|DUG~b×LAM~a|	PROTO-CUNEIFORM SIGN DUG-B TIMES LAM-A
|DUG~b×MAŠ|	PROTO-CUNEIFORM SIGN DUG-B TIMES MASH
|DUG~b×NAGA~a|	PROTO-CUNEIFORM SIGN DUG-B TIMES NAGA-A
|DUG~b×NAM₂|	PROTO-CUNEIFORM SIGN DUG-B TIMES NAM2
|DUG~b×(NI~a@g.ZATU779)|	PROTO-CUNEIFORM SIGN DUG-B TIMES NI-A GUNU PLUS ZATU779
|DUG~b×SA~a|	PROTO-CUNEIFORM SIGN DUG-B TIMES SA-A
|DUG~b×(SA~a.GI)|	PROTO-CUNEIFORM SIGN DUG-B TIMES SA-A PLUS GI
|DUG~b×SI₄~a|	PROTO-CUNEIFORM SIGN DUG-B TIMES SI4-A
|DUG~b×(SI₄~a.X)|	PROTO-CUNEIFORM SIGN DUG-B TIMES SI4-A PLUS X
|DUG~b×SIG₂~a1|	PROTO-CUNEIFORM SIGN DUG-B TIMES SIG2-A1
|DUG~b×SIG₂~a2|	PROTO-CUNEIFORM SIGN DUG-B TIMES SIG2-A2
|DUG~b×SIG₇|	PROTO-CUNEIFORM SIGN DUG-B TIMES SIG7
|DUG~b×SUHUR|	PROTO-CUNEIFORM SIGN DUG-B TIMES SUHUR
|DUG~b×SUKUD~d|	PROTO-CUNEIFORM SIGN DUG-B TIMES SUKUD-D
|DUG~b×ŠAH₂~a|	PROTO-CUNEIFORM SIGN DUG-B TIMES SHAH2-A
|DUG~b×ŠE~a|	PROTO-CUNEIFORM SIGN DUG-B TIMES SHE-A
|DUG~b×(ŠE~a.NAM₂)|	PROTO-CUNEIFORM SIGN DUG-B TIMES SHE-A PLUS NAM2
|DUG~b×TAK₄~a|	PROTO-CUNEIFORM SIGN DUG-B TIMES TAK4-A
|DUG~b×(TAK₄~a.SA~a)|	PROTO-CUNEIFORM SIGN DUG-B TIMES TAK4-A PLUS SA-A
|DUG~b×(TAK₄~a.SAL)|	PROTO-CUNEIFORM SIGN DUG-B TIMES TAK4-A PLUS SAL
|DUG~b×TI|	PROTO-CUNEIFORM SIGN DUG-B TIMES TI
|DUG~b×U₂~a|	PROTO-CUNEIFORM SIGN DUG-B TIMES U2-A
|DUG~b×U₂~b|	PROTO-CUNEIFORM SIGN DUG-B TIMES U2-B
|DUG~b×(UDU~a×TAR~b)|	PROTO-CUNEIFORM SIGN DUG-B TIMES UDU-A TIMES TAR-B
|DUG~b×UH₃~a|	PROTO-CUNEIFORM SIGN DUG-B TIMES UH3-A
|DUG~b×UH₃~a@t|	PROTO-CUNEIFORM SIGN DUG-B TIMES UH3-A TENU
|DUG~b×X|	PROTO-CUNEIFORM SIGN DUG-B TIMES X
|DUG~b×ZATU707~a|	PROTO-CUNEIFORM SIGN DUG-B TIMES ZATU707-A
|DUG~b×ZATU764|	PROTO-CUNEIFORM SIGN DUG-B TIMES ZATU764
|DUG~b×ZATU779|	PROTO-CUNEIFORM SIGN DUG-B TIMES ZATU779
|DUG~b×ZATU780|	PROTO-CUNEIFORM SIGN DUG-B TIMES ZATU780
|DUG~b×ZATU781|	PROTO-CUNEIFORM SIGN DUG-B TIMES ZATU781
|DUG~b×(ZATU789.SA~a)|	PROTO-CUNEIFORM SIGN DUG-B TIMES ZATU789 PLUS SA-A
|DUG~b×1(N57)|	PROTO-CUNEIFORM SIGN DUG-B TIMES ONE-N57
|DUG~b×(1(N57).KU₃~a)|	PROTO-CUNEIFORM SIGN DUG-B TIMES ONE-N57 PLUS KU3-A
|DUG~b×3(N57)|	PROTO-CUNEIFORM SIGN DUG-B TIMES THREE-N57
|DUG~b×1(N58)|	PROTO-CUNEIFORM SIGN DUG-B TIMES ONE-N58
|(DUG~b&DUG~b)×1(N58)|	PROTO-CUNEIFORM SIGN DUG-B OVER DUG-B TIMES ONE-N58
DUG~c	PROTO-CUNEIFORM SIGN DUG-C
|DUG~c×1(N57)|	PROTO-CUNEIFORM SIGN DUG-C TIMES ONE-N57
DUG~c@t	PROTO-CUNEIFORM SIGN DUG-C TENU
DUG~d	PROTO-CUNEIFORM SIGN DUG-D
DUG~e	PROTO-CUNEIFORM SIGN DUG-E
DUGUD	PROTO-CUNEIFORM SIGN DUGUD
DUR~a	PROTO-CUNEIFORM SIGN DUR-A
DUR~b	PROTO-CUNEIFORM SIGN DUR-B
DUR₂	PROTO-CUNEIFORM SIGN DUR2
E~a	PROTO-CUNEIFORM SIGN E-A
E~b	PROTO-CUNEIFORM SIGN E-B
E~c	PROTO-CUNEIFORM SIGN E-C
E~d	PROTO-CUNEIFORM SIGN E-D
E~e	PROTO-CUNEIFORM SIGN E-E
E₂~a	PROTO-CUNEIFORM SIGN E2-A
|E₂~a.LIŠ|	PROTO-CUNEIFORM SIGN E2-A BESIDE LISH
|E₂~a×3(N58)|	PROTO-CUNEIFORM SIGN E2-A TIMES THREE-N58
|E₂~a×1(N58@t)|	PROTO-CUNEIFORM SIGN E2-A TIMES ONE-N58 TENU
E₂~b	PROTO-CUNEIFORM SIGN E2-B
|E₂~b.LIŠ|	PROTO-CUNEIFORM SIGN E2-B BESIDE LISH
|E₂~b×1(N58@t)|	PROTO-CUNEIFORM SIGN E2-B TIMES ONE-N58 TENU
E₂~c	PROTO-CUNEIFORM SIGN E2-C
E₂~d	PROTO-CUNEIFORM SIGN E2-D
E₃~a	PROTO-CUNEIFORM SIGN E3-A
E₃~b	PROTO-CUNEIFORM SIGN E3-B
EDIN	PROTO-CUNEIFORM SIGN EDIN
EN~a	PROTO-CUNEIFORM SIGN EN-A
EN~b	PROTO-CUNEIFORM SIGN EN-B
EN~b@t	PROTO-CUNEIFORM SIGN EN-B TENU
EN~c	PROTO-CUNEIFORM SIGN EN-C
|EN~c&EN~c|	PROTO-CUNEIFORM SIGN EN-C OVER EN-C
EN~e	PROTO-CUNEIFORM SIGN EN-E
EN@g~a	PROTO-CUNEIFORM SIGN EN GUNU-A
EN@g~b	PROTO-CUNEIFORM SIGN EN GUNU-B
EN₂	PROTO-CUNEIFORM SIGN EN2
|EN₂.E₂~a|	PROTO-CUNEIFORM SIGN EN2 BESIDE E2-A
|EN₂.E₂~b|	PROTO-CUNEIFORM SIGN EN2 BESIDE E2-B
ENDIB	PROTO-CUNEIFORM SIGN ENDIB
ENGIZ	PROTO-CUNEIFORM SIGN ENGIZ
ENKUM	PROTO-CUNEIFORM SIGN ENKUM
ENLIL	PROTO-CUNEIFORM SIGN ENLIL
ENSI	PROTO-CUNEIFORM SIGN ENSI
ENSI₂	PROTO-CUNEIFORM SIGN ENSI2
ERIM~a	PROTO-CUNEIFORM SIGN ERIM-A
ERIM~b1	PROTO-CUNEIFORM SIGN ERIM-B1
ERIM~b2	PROTO-CUNEIFORM SIGN ERIM-B2
ERIM₂	PROTO-CUNEIFORM SIGN ERIM2
ERIN	PROTO-CUNEIFORM SIGN ERIN
EŠDA	PROTO-CUNEIFORM SIGN ESHDA
|EŠDA×TAR~a|	PROTO-CUNEIFORM SIGN ESHDA TIMES TAR-A
EŠGAR	PROTO-CUNEIFORM SIGN ESHGAR
EZEN~a	PROTO-CUNEIFORM SIGN EZEN-A
|EZEN~a×EN~a|	PROTO-CUNEIFORM SIGN EZEN-A TIMES EN-A
|EZEN~a×EN~b|	PROTO-CUNEIFORM SIGN EZEN-A TIMES EN-B
|EZEN~a×(HI×1(N57).AN)|	PROTO-CUNEIFORM SIGN EZEN-A TIMES HI TIMES ONE-N57 PLUS AN
|EZEN~a×KAB|	PROTO-CUNEIFORM SIGN EZEN-A TIMES KAB
|EZEN~a×KAŠ~b|	PROTO-CUNEIFORM SIGN EZEN-A TIMES KASH-B
|EZEN~a×KI|	PROTO-CUNEIFORM SIGN EZEN-A TIMES KI
|EZEN~a×LA~e|	PROTO-CUNEIFORM SIGN EZEN-A TIMES LA-E
|EZEN~a×NIM~b2|	PROTO-CUNEIFORM SIGN EZEN-A TIMES NIM-B2
|EZEN~a×NIMGIR|	PROTO-CUNEIFORM SIGN EZEN-A TIMES NIMGIR
|EZEN~a×RAD~a|	PROTO-CUNEIFORM SIGN EZEN-A TIMES RAD-A
|EZEN~a×SAG|	PROTO-CUNEIFORM SIGN EZEN-A TIMES SAG
|EZEN~a×SU~a|	PROTO-CUNEIFORM SIGN EZEN-A TIMES SU-A
|EZEN~a×(U₂~b.A)|	PROTO-CUNEIFORM SIGN EZEN-A TIMES U2-B PLUS A
|EZEN~a×U₄|	PROTO-CUNEIFORM SIGN EZEN-A TIMES U4
|EZEN~a×X|	PROTO-CUNEIFORM SIGN EZEN-A TIMES X
EZEN~b	PROTO-CUNEIFORM SIGN EZEN-B
|EZEN~b×6(N57)|	PROTO-CUNEIFORM SIGN EZEN-B TIMES SIX-N57
EZEN~b@t	PROTO-CUNEIFORM SIGN EZEN-B TENU
EZEN~c	PROTO-CUNEIFORM SIGN EZEN-C
EZINU~a	PROTO-CUNEIFORM SIGN EZINU-A
EZINU~b	PROTO-CUNEIFORM SIGN EZINU-B
EZINU~c	PROTO-CUNEIFORM SIGN EZINU-C
EZINU~d	PROTO-CUNEIFORM SIGN EZINU-D
GA~a	PROTO-CUNEIFORM SIGN GA-A
|GA~a.ZATU753|	PROTO-CUNEIFORM SIGN GA-A BESIDE ZATU753
|GA~a×X|	PROTO-CUNEIFORM SIGN GA-A TIMES X
GA~b	PROTO-CUNEIFORM SIGN GA-B
GA~c	PROTO-CUNEIFORM SIGN GA-C
|GA~c×KASKAL|	PROTO-CUNEIFORM SIGN GA-C TIMES KASKAL
|GA~c×1(N14)|	PROTO-CUNEIFORM SIGN GA-C TIMES ONE-N14
GA₂~a1	PROTO-CUNEIFORM SIGN GA2-A1
|GA₂~a1×A|	PROTO-CUNEIFORM SIGN GA2-A1 TIMES A
|GA₂~a1×E₂~a|	PROTO-CUNEIFORM SIGN GA2-A1 TIMES E2-A
|GA₂~a1×EN~a|	PROTO-CUNEIFORM SIGN GA2-A1 TIMES EN-A
|GA₂~a1×EN~b|	PROTO-CUNEIFORM SIGN GA2-A1 TIMES EN-B
|GA₂~a1×GEŠTU~a|	PROTO-CUNEIFORM SIGN GA2-A1 TIMES GESHTU-A
|GA₂~a1×GEŠTU~c3|	PROTO-CUNEIFORM SIGN GA2-A1 TIMES GESHTU-C3
|GA₂~a1×GEŠTU~c5|	PROTO-CUNEIFORM SIGN GA2-A1 TIMES GESHTU-C5
|GA₂~a1×GIR~a|	PROTO-CUNEIFORM SIGN GA2-A1 TIMES GIR-A
|GA₂~a1×(GIR~a.KU₆~a)|	PROTO-CUNEIFORM SIGN GA2-A1 TIMES GIR-A PLUS KU6-A
|GA₂~a1×GIŠ@t|	PROTO-CUNEIFORM SIGN GA2-A1 TIMES GISH TENU
|GA₂~a1×GU₄|	PROTO-CUNEIFORM SIGN GA2-A1 TIMES GU4
|GA₂~a1×HAL|	PROTO-CUNEIFORM SIGN GA2-A1 TIMES HAL
|GA₂~a1×HI|	PROTO-CUNEIFORM SIGN GA2-A1 TIMES HI
|GA₂~a1×(HI.SUHUR)|	PROTO-CUNEIFORM SIGN GA2-A1 TIMES HI PLUS SUHUR
|GA₂~a1×KU₃~a|	PROTO-CUNEIFORM SIGN GA2-A1 TIMES KU3-A
|GA₂~a1×KU₆~a|	PROTO-CUNEIFORM SIGN GA2-A1 TIMES KU6-A
|GA₂~a1×(KU₆~a.KU₆~a)|	PROTO-CUNEIFORM SIGN GA2-A1 TIMES KU6-A PLUS KU6-A
|GA₂~a1×LAGAB~b|	PROTO-CUNEIFORM SIGN GA2-A1 TIMES LAGAB-B
|GA₂~a1×MAŠ|	PROTO-CUNEIFORM SIGN GA2-A1 TIMES MASH
|GA₂~a1×NAGA~a|	PROTO-CUNEIFORM SIGN GA2-A1 TIMES NAGA-A
|GA₂~a1×NIM~b1|	PROTO-CUNEIFORM SIGN GA2-A1 TIMES NIM-B1
|GA₂~a1×NUN~a|	PROTO-CUNEIFORM SIGN GA2-A1 TIMES NUN-A
|GA₂~a1×PAD~b|	PROTO-CUNEIFORM SIGN GA2-A1 TIMES PAD-B
|GA₂~a1×PAP~a|	PROTO-CUNEIFORM SIGN GA2-A1 TIMES PAP-A
|GA₂~a1×SU~a|	PROTO-CUNEIFORM SIGN GA2-A1 TIMES SU-A
|GA₂~a1×SUHUR|	PROTO-CUNEIFORM SIGN GA2-A1 TIMES SUHUR
|GA₂~a1×SUKUD|	PROTO-CUNEIFORM SIGN GA2-A1 TIMES SUKUD
|GA₂~a1×((SUKUD+SUKUD)~a)|	PROTO-CUNEIFORM SIGN GA2-A1 TIMES SUKUD JOINING SUKUD FORM A
|GA₂~a1×((SUKUD+SUKUD)~b)|	PROTO-CUNEIFORM SIGN GA2-A1 TIMES SUKUD JOINING SUKUD FORM B
|GA₂~a1×SUMAŠ|	PROTO-CUNEIFORM SIGN GA2-A1 TIMES SUMASH
|GA₂~a1×ŠA|	PROTO-CUNEIFORM SIGN GA2-A1 TIMES SHA
|GA₂~a1×TI|	PROTO-CUNEIFORM SIGN GA2-A1 TIMES TI
|GA₂~a1×U₄|	PROTO-CUNEIFORM SIGN GA2-A1 TIMES U4
|GA₂~a1×X|	PROTO-CUNEIFORM SIGN GA2-A1 TIMES X
|GA₂~a1×1(N14)|	PROTO-CUNEIFORM SIGN GA2-A1 TIMES ONE-N14
|GA₂~a1×1(N57)|	PROTO-CUNEIFORM SIGN GA2-A1 TIMES ONE-N57
|GA₂~a1×3(N57)|	PROTO-CUNEIFORM SIGN GA2-A1 TIMES THREE-N57
GA₂~a2	PROTO-CUNEIFORM SIGN GA2-A2
|GA₂~a2×GU₄|	PROTO-CUNEIFORM SIGN GA2-A2 TIMES GU4
|GA₂~a2×NI~a|	PROTO-CUNEIFORM SIGN GA2-A2 TIMES NI-A
|GA₂~a2×NI~b|	PROTO-CUNEIFORM SIGN GA2-A2 TIMES NI-B
|GA₂~a2×SUHUR|	PROTO-CUNEIFORM SIGN GA2-A2 TIMES SUHUR
|GA₂~a2×ŠE₃|	PROTO-CUNEIFORM SIGN GA2-A2 TIMES SHE3
|GA₂~a2×(ŠE₃.GU₄)|	PROTO-CUNEIFORM SIGN GA2-A2 TIMES SHE3 PLUS GU4
|GA₂~a2×X|	PROTO-CUNEIFORM SIGN GA2-A2 TIMES X
|GA₂~a2×3(N57)|	PROTO-CUNEIFORM SIGN GA2-A2 TIMES THREE-N57
GA₂~a3	PROTO-CUNEIFORM SIGN GA2-A3
|GA₂~a3×X|	PROTO-CUNEIFORM SIGN GA2-A3 TIMES X
GA₂~a4	PROTO-CUNEIFORM SIGN GA2-A4
GA₂~b	PROTO-CUNEIFORM SIGN GA2-B
|GA₂~b×DUB~a|	PROTO-CUNEIFORM SIGN GA2-B TIMES DUB-A
|GA₂~b×DUB~b|	PROTO-CUNEIFORM SIGN GA2-B TIMES DUB-B
|GA₂~b×KU₃~a|	PROTO-CUNEIFORM SIGN GA2-B TIMES KU3-A
|GA₂~b×KU₆~a|	PROTO-CUNEIFORM SIGN GA2-B TIMES KU6-A
|GA₂~b×NUN~b|	PROTO-CUNEIFORM SIGN GA2-B TIMES NUN-B
|GA₂~b×ZATU659|	PROTO-CUNEIFORM SIGN GA2-B TIMES ZATU659
GA₂~c	PROTO-CUNEIFORM SIGN GA2-C
GAʾAR~a1	PROTO-CUNEIFORM SIGN GAAR-A1
GAʾAR~a2	PROTO-CUNEIFORM SIGN GAAR-A2
GAʾAR~b1	PROTO-CUNEIFORM SIGN GAAR-B1
GAʾAR~b2	PROTO-CUNEIFORM SIGN GAAR-B2
GADA~a	PROTO-CUNEIFORM SIGN GADA-A
GADA~b	PROTO-CUNEIFORM SIGN GADA-B
GADA~b@g	PROTO-CUNEIFORM SIGN GADA-B GUNU
GAL~a	PROTO-CUNEIFORM SIGN GAL-A
GAL~b	PROTO-CUNEIFORM SIGN GAL-B
GALGA~a	PROTO-CUNEIFORM SIGN GALGA-A
GALGA~b	PROTO-CUNEIFORM SIGN GALGA-B
GAN~a	PROTO-CUNEIFORM SIGN GAN-A
GAN~b	PROTO-CUNEIFORM SIGN GAN-B
GAN~c	PROTO-CUNEIFORM SIGN GAN-C
|GAN~c×DIN|	PROTO-CUNEIFORM SIGN GAN-C TIMES DIN
|GAN~c×HI|	PROTO-CUNEIFORM SIGN GAN-C TIMES HI
|GAN~c×(HI.DIN)|	PROTO-CUNEIFORM SIGN GAN-C TIMES HI PLUS DIN
|GAN~c×KAŠ~c|	PROTO-CUNEIFORM SIGN GAN-C TIMES KASH-C
|GAN~c×(KUR~a.A)|	PROTO-CUNEIFORM SIGN GAN-C TIMES KUR-A PLUS A
|GAN~c×LAGAB~b|	PROTO-CUNEIFORM SIGN GAN-C TIMES LAGAB-B
|GAN~c×NE~a|	PROTO-CUNEIFORM SIGN GAN-C TIMES NE-A
|GAN~c×SIG₇|	PROTO-CUNEIFORM SIGN GAN-C TIMES SIG7
|GAN~c×ŠE~a|	PROTO-CUNEIFORM SIGN GAN-C TIMES SHE-A
|GAN~c×ŠE₃@t|	PROTO-CUNEIFORM SIGN GAN-C TIMES SHE3 TENU
|GAN~c×X|	PROTO-CUNEIFORM SIGN GAN-C TIMES X
|GAN~c×ZATU777|	PROTO-CUNEIFORM SIGN GAN-C TIMES ZATU777
|GAN~c×(4(N57).GAR)|	PROTO-CUNEIFORM SIGN GAN-C TIMES FOUR-N57 PLUS GAR
GAN~d	PROTO-CUNEIFORM SIGN GAN-D
|GAN~d×GEŠTU~a|	PROTO-CUNEIFORM SIGN GAN-D TIMES GESHTU-A
|GAN~d×HI|	PROTO-CUNEIFORM SIGN GAN-D TIMES HI
GAN₂	PROTO-CUNEIFORM SIGN GAN2
GAR	PROTO-CUNEIFORM SIGN GAR
GAR@g~a	PROTO-CUNEIFORM SIGN GAR GUNU-A
GAR@g~b	PROTO-CUNEIFORM SIGN GAR GUNU-B
GAR@g~c	PROTO-CUNEIFORM SIGN GAR GUNU-C
GAR₃	PROTO-CUNEIFORM SIGN GAR3
GARA₂~a	PROTO-CUNEIFORM SIGN GARA2-A
GARA₂~b	PROTO-CUNEIFORM SIGN GARA2-B
GAZI	PROTO-CUNEIFORM SIGN GAZI
GEŠTIN~a	PROTO-CUNEIFORM SIGN GESHTIN-A
GEŠTIN~c	PROTO-CUNEIFORM SIGN GESHTIN-C
|GEŠTIN~c×X|	PROTO-CUNEIFORM SIGN GESHTIN-C TIMES X
GEŠTIN~d	PROTO-CUNEIFORM SIGN GESHTIN-D
GEŠTIN~e	PROTO-CUNEIFORM SIGN GESHTIN-E
GEŠTU~a	PROTO-CUNEIFORM SIGN GESHTU-A
|GEŠTU~a×ŠE~a@t|	PROTO-CUNEIFORM SIGN GESHTU-A TIMES SHE-A TENU
GEŠTU~b	PROTO-CUNEIFORM SIGN GESHTU-B
GEŠTU~c3	PROTO-CUNEIFORM SIGN GESHTU-C3
GEŠTU~c5	PROTO-CUNEIFORM SIGN GESHTU-C5
GI	PROTO-CUNEIFORM SIGN GI
|GI×A|	PROTO-CUNEIFORM SIGN GI TIMES A
|GI×GIŠ@t|	PROTO-CUNEIFORM SIGN GI TIMES GISH TENU
|GI×KU~b1|	PROTO-CUNEIFORM SIGN GI TIMES KU-B1
|GI×LAGAB~a|	PROTO-CUNEIFORM SIGN GI TIMES LAGAB-A
|GI×NAM₂|	PROTO-CUNEIFORM SIGN GI TIMES NAM2
|GI×SIG₂~d1|	PROTO-CUNEIFORM SIGN GI TIMES SIG2-D1
|GI×ŠE₃|	PROTO-CUNEIFORM SIGN GI TIMES SHE3
|GI×X|	PROTO-CUNEIFORM SIGN GI TIMES X
|GI×1(N14)|	PROTO-CUNEIFORM SIGN GI TIMES ONE-N14
|GI×1(N58@t)|	PROTO-CUNEIFORM SIGN GI TIMES ONE-N58 TENU
|GI&GI|	PROTO-CUNEIFORM SIGN GI OVER GI
|(GI&GI)×GIŠ@t|	PROTO-CUNEIFORM SIGN GI OVER GI TIMES GISH TENU
|(GI&GI)×ŠE₃|	PROTO-CUNEIFORM SIGN GI OVER GI TIMES SHE3
|(GI&GI)×X|	PROTO-CUNEIFORM SIGN GI OVER GI TIMES X
|GI&GI&GI|	PROTO-CUNEIFORM SIGN GI OVER GI OVER GI
GI@t	PROTO-CUNEIFORM SIGN GI TENU
GI₄~a	PROTO-CUNEIFORM SIGN GI4-A
|GI₄~a×A|	PROTO-CUNEIFORM SIGN GI4-A TIMES A
|GI₄~a&GI₄~a|	PROTO-CUNEIFORM SIGN GI4-A OVER GI4-A
GI₄~b	PROTO-CUNEIFORM SIGN GI4-B
|GI₄~b&GI₄~b|	PROTO-CUNEIFORM SIGN GI4-B OVER GI4-B
GI₆	PROTO-CUNEIFORM SIGN GI6
GIBIL	PROTO-CUNEIFORM SIGN GIBIL
GIBIL@t	PROTO-CUNEIFORM SIGN GIBIL TENU
GIBIL₆	PROTO-CUNEIFORM SIGN GIBIL6
GIG	PROTO-CUNEIFORM SIGN GIG
GIL	PROTO-CUNEIFORM SIGN GIL
GIR~a	PROTO-CUNEIFORM SIGN GIR-A
|GIR~a.KU₆~a|	PROTO-CUNEIFORM SIGN GIR-A BESIDE KU6-A
GIR~b	PROTO-CUNEIFORM SIGN GIR-B
|GIR~b.GIR~b|	PROTO-CUNEIFORM SIGN GIR-B BESIDE GIR-B
GIR~c	PROTO-CUNEIFORM SIGN GIR-C
GIR~d	PROTO-CUNEIFORM SIGN GIR-D
GIR₂~a	PROTO-CUNEIFORM SIGN GIR2-A
GIR₂~b	PROTO-CUNEIFORM SIGN GIR2-B
GIR₃~a	PROTO-CUNEIFORM SIGN GIR3-A
|GIR₃~a×ŠE~b|	PROTO-CUNEIFORM SIGN GIR3-A TIMES SHE-B
GIR₃~b	PROTO-CUNEIFORM SIGN GIR3-B
GIR₃~c	PROTO-CUNEIFORM SIGN GIR3-C
|GIR₃~c×KAR₂~b|	PROTO-CUNEIFORM SIGN GIR3-C TIMES KAR2-B
|GIR₃~c×ŠE₃|	PROTO-CUNEIFORM SIGN GIR3-C TIMES SHE3
GIR₃@g~a	PROTO-CUNEIFORM SIGN GIR3 GUNU-A
GIR₃@g~b	PROTO-CUNEIFORM SIGN GIR3 GUNU-B
GIR₃@g~c	PROTO-CUNEIFORM SIGN GIR3 GUNU-C
GIR₄	PROTO-CUNEIFORM SIGN GIR4
GISAL~a	PROTO-CUNEIFORM SIGN GISAL-A
GISAL~b	PROTO-CUNEIFORM SIGN GISAL-B
GIŠ	PROTO-CUNEIFORM SIGN GISH
|GIŠ.TE|	PROTO-CUNEIFORM SIGN GISH BESIDE TE
|(GIŠ×(DIN.DIN))~a|	PROTO-CUNEIFORM SIGN GISH TIMES DIN PLUS DIN FORM A
|(GIŠ×(DIN.DIN))~b|	PROTO-CUNEIFORM SIGN GISH TIMES DIN PLUS DIN FORM B
|(GIŠ×(DIN.DIN))~c|	PROTO-CUNEIFORM SIGN GISH TIMES DIN PLUS DIN FORM C
|(GIŠ×ŠU₂)~a|	PROTO-CUNEIFORM SIGN GISH TIMES SHU2 FORM A
|(GIŠ×ŠU₂)~b|	PROTO-CUNEIFORM SIGN GISH TIMES SHU2 FORM B
GIŠ~v	PROTO-CUNEIFORM SIGN GISH-V
GIŠ@t	PROTO-CUNEIFORM SIGN GISH TENU
|GIŠ@t.E₂~a|	PROTO-CUNEIFORM SIGN GISH TENU BESIDE E2-A
GIŠ₃~a	PROTO-CUNEIFORM SIGN GISH3-A
|GIŠ₃~a&GIŠ₃~a|	PROTO-CUNEIFORM SIGN GISH3-A OVER GISH3-A
GIŠ₃~b	PROTO-CUNEIFORM SIGN GISH3-B
GIŠGAL	PROTO-CUNEIFORM SIGN GISHGAL
GIŠIMMAR~a1	PROTO-CUNEIFORM SIGN GISHIMMAR-A1
GIŠIMMAR~a2	PROTO-CUNEIFORM SIGN GISHIMMAR-A2
GIŠIMMAR~a3	PROTO-CUNEIFORM SIGN GISHIMMAR-A3
GIŠIMMAR~b1	PROTO-CUNEIFORM SIGN GISHIMMAR-B1
GIŠIMMAR~b2	PROTO-CUNEIFORM SIGN GISHIMMAR-B2
GIŠIMMAR~b3	PROTO-CUNEIFORM SIGN GISHIMMAR-B3
GIZZAL~v	PROTO-CUNEIFORM SIGN GIZZAL-V
GU	PROTO-CUNEIFORM SIGN GU
GU₂	PROTO-CUNEIFORM SIGN GU2
GU₄	PROTO-CUNEIFORM SIGN GU4
|GU₄.ZATU755~b|	PROTO-CUNEIFORM SIGN GU4 BESIDE ZATU755-B
|GU₄×1(N58)|	PROTO-CUNEIFORM SIGN GU4 TIMES ONE-N58
GU₄@g	PROTO-CUNEIFORM SIGN GU4 GUNU
GU₇	PROTO-CUNEIFORM SIGN GU7
GUB₃~a	PROTO-CUNEIFORM SIGN GUB3-A
GUB₃~b	PROTO-CUNEIFORM SIGN GUB3-B
GUB₃~c	PROTO-CUNEIFORM SIGN GUB3-C
GUB₃~d	PROTO-CUNEIFORM SIGN GUB3-D
GUG₂	PROTO-CUNEIFORM SIGN GUG2
|GUG₂×SILA₃~a|	PROTO-CUNEIFORM SIGN GUG2 TIMES SILA3-A
|GUG₂×ŠITA~a1|	PROTO-CUNEIFORM SIGN GUG2 TIMES SHITA-A1
|GUG₂×TUR|	PROTO-CUNEIFORM SIGN GUG2 TIMES TUR
GUG₂@t	PROTO-CUNEIFORM SIGN GUG2 TENU
GUKKAL~a	PROTO-CUNEIFORM SIGN GUKKAL-A
|GUKKAL~a.HI@g~a|	PROTO-CUNEIFORM SIGN GUKKAL-A BESIDE HI GUNU-A
GUKKAL~b	PROTO-CUNEIFORM SIGN GUKKAL-B
GUKKAL~c	PROTO-CUNEIFORM SIGN GUKKAL-C
GUKKAL~d	PROTO-CUNEIFORM SIGN GUKKAL-D
GUL	PROTO-CUNEIFORM SIGN GUL
GUM~a	PROTO-CUNEIFORM SIGN GUM-A
GUM~b	PROTO-CUNEIFORM SIGN GUM-B
GUM~b@n	PROTO-CUNEIFORM SIGN GUM-B NUTILLU
GUN₃~a	PROTO-CUNEIFORM SIGN GUN3-A
GUN₃~b	PROTO-CUNEIFORM SIGN GUN3-B
GUR	PROTO-CUNEIFORM SIGN GUR
GURUŠ~a	PROTO-CUNEIFORM SIGN GURUSH-A
|GURUŠ~a×2(N14)|	PROTO-CUNEIFORM SIGN GURUSH-A TIMES TWO-N14
GURUŠ~b	PROTO-CUNEIFORM SIGN GURUSH-B
|GURUŠ~b×2(N14)|	PROTO-CUNEIFORM SIGN GURUSH-B TIMES TWO-N14
|GURUŠ~c×2(N14)|	PROTO-CUNEIFORM SIGN GURUSH-C TIMES TWO-N14
GURUŠDA	PROTO-CUNEIFORM SIGN GURUSHDA
HAL	PROTO-CUNEIFORM SIGN HAL
HALUB	PROTO-CUNEIFORM SIGN HALUB
HAŠHUR	PROTO-CUNEIFORM SIGN HASHHUR
|HAŠHUR×MA|	PROTO-CUNEIFORM SIGN HASHHUR TIMES MA
HI	PROTO-CUNEIFORM SIGN HI
|HI.SUHUR|	PROTO-CUNEIFORM SIGN HI BESIDE SUHUR
|HI×LAGAB~a|	PROTO-CUNEIFORM SIGN HI TIMES LAGAB-A
|HI×ŠE₃@t|	PROTO-CUNEIFORM SIGN HI TIMES SHE3 TENU
|HI×ZATU707~a|	PROTO-CUNEIFORM SIGN HI TIMES ZATU707-A
|HI×1(N01@f)|	PROTO-CUNEIFORM SIGN HI TIMES ONE-N1 FLAT
|HI×1(N57)|	PROTO-CUNEIFORM SIGN HI TIMES ONE-N57
|(HI×1(N57)).(HI×1(N57))|	PROTO-CUNEIFORM SIGN HI TIMES ONE-N57 BESIDE HI TIMES ONE-N57
|HI×1(N57@t)|	PROTO-CUNEIFORM SIGN HI TIMES ONE-N57 TENU
|HI×1(N58)|	PROTO-CUNEIFORM SIGN HI TIMES ONE-N58
HI~b	PROTO-CUNEIFORM SIGN HI-B
HI@g~a	PROTO-CUNEIFORM SIGN HI GUNU-A
HI@g~b	PROTO-CUNEIFORM SIGN HI GUNU-B
HI@g~c	PROTO-CUNEIFORM SIGN HI GUNU-C
HUB₂	PROTO-CUNEIFORM SIGN HUB2
I	PROTO-CUNEIFORM SIGN I
IB~a	PROTO-CUNEIFORM SIGN IB-A
IB~a@n	PROTO-CUNEIFORM SIGN IB-A NUTILLU
IB~b	PROTO-CUNEIFORM SIGN IB-B
IB~c	PROTO-CUNEIFORM SIGN IB-C
IDIGNA	PROTO-CUNEIFORM SIGN IDIGNA
IG~a	PROTO-CUNEIFORM SIGN IG-A
IG~b	PROTO-CUNEIFORM SIGN IG-B
IGI	PROTO-CUNEIFORM SIGN IGI
IL	PROTO-CUNEIFORM SIGN IL
ILDUM~a	PROTO-CUNEIFORM SIGN ILDUM-A
ILDUM~b	PROTO-CUNEIFORM SIGN ILDUM-B
IM~a	PROTO-CUNEIFORM SIGN IM-A
IM~a@g	PROTO-CUNEIFORM SIGN IM-A GUNU
IM~b	PROTO-CUNEIFORM SIGN IM-B
IN~b	PROTO-CUNEIFORM SIGN IN-B
IN~d	PROTO-CUNEIFORM SIGN IN-D
IR~a	PROTO-CUNEIFORM SIGN IR-A
|IR~a.GA₂~a1|	PROTO-CUNEIFORM SIGN IR-A BESIDE GA2-A1
IR~b	PROTO-CUNEIFORM SIGN IR-B
IR~c	PROTO-CUNEIFORM SIGN IR-C
IR~d	PROTO-CUNEIFORM SIGN IR-D
IR₁₁	PROTO-CUNEIFORM SIGN IR11
IRHAN	PROTO-CUNEIFORM SIGN IRHAN
IŠ~a	PROTO-CUNEIFORM SIGN ISH-A
IŠ~b	PROTO-CUNEIFORM SIGN ISH-B
IŠ~c	PROTO-CUNEIFORM SIGN ISH-C
KA~a	PROTO-CUNEIFORM SIGN KA-A
|KA~a.ŠE~a|	PROTO-CUNEIFORM SIGN KA-A BESIDE SHE-A
|KA~a×SAR~a|	PROTO-CUNEIFORM SIGN KA-A TIMES SAR-A
KA₂~a	PROTO-CUNEIFORM SIGN KA2-A
KA₂~b	PROTO-CUNEIFORM SIGN KA2-B
KA₂~c	PROTO-CUNEIFORM SIGN KA2-C
KA₂~d	PROTO-CUNEIFORM SIGN KA2-D
|KA₂~d×LAM~b|	PROTO-CUNEIFORM SIGN KA2-D TIMES LAM-B
KAB	PROTO-CUNEIFORM SIGN KAB
|KAB×1(N58)|	PROTO-CUNEIFORM SIGN KAB TIMES ONE-N58
KAD₄~a	PROTO-CUNEIFORM SIGN KAD4-A
KAD₄~b	PROTO-CUNEIFORM SIGN KAD4-B
KAD₄~c1	PROTO-CUNEIFORM SIGN KAD4-C1
KAD₄~c2	PROTO-CUNEIFORM SIGN KAD4-C2
KAK~a	PROTO-CUNEIFORM SIGN KAK-A
|KAK~a.GA₂~a1|	PROTO-CUNEIFORM SIGN KAK-A BESIDE GA2-A1
KAK~b	PROTO-CUNEIFORM SIGN KAK-B
KAL~a	PROTO-CUNEIFORM SIGN KAL-A
KAL~b1	PROTO-CUNEIFORM SIGN KAL-B1
KAL~b2	PROTO-CUNEIFORM SIGN KAL-B2
KALAM~a	PROTO-CUNEIFORM SIGN KALAM-A
KALAM~b	PROTO-CUNEIFORM SIGN KALAM-B
KALAM~c	PROTO-CUNEIFORM SIGN KALAM-C
KALAM~d	PROTO-CUNEIFORM SIGN KALAM-D
KALAM~e	PROTO-CUNEIFORM SIGN KALAM-E
KALAM~f	PROTO-CUNEIFORM SIGN KALAM-F
KALAM~g	PROTO-CUNEIFORM SIGN KALAM-G
KALAM~h	PROTO-CUNEIFORM SIGN KALAM-H
KALAM~h2	PROTO-CUNEIFORM SIGN KALAM-H2
KAR	PROTO-CUNEIFORM SIGN KAR
KAR₂~a	PROTO-CUNEIFORM SIGN KAR2-A
KAR₂~b	PROTO-CUNEIFORM SIGN KAR2-B
KASKAL	PROTO-CUNEIFORM SIGN KASKAL
KASKAL@g	PROTO-CUNEIFORM SIGN KASKAL GUNU
KAŠ~a	PROTO-CUNEIFORM SIGN KASH-A
KAŠ~b	PROTO-CUNEIFORM SIGN KASH-B
|KAŠ~b×ŠE~a@t|	PROTO-CUNEIFORM SIGN KASH-B TIMES SHE-A TENU
KAŠ~b@t	PROTO-CUNEIFORM SIGN KASH-B TENU
KAŠ~c	PROTO-CUNEIFORM SIGN KASH-C
KAŠ~d	PROTO-CUNEIFORM SIGN KASH-D
KEŠ₂	PROTO-CUNEIFORM SIGN KESH2
KI	PROTO-CUNEIFORM SIGN KI
KI@n	PROTO-CUNEIFORM SIGN KI NUTILLU
|KI@n×DUB~a|	PROTO-CUNEIFORM SIGN KI NUTILLU TIMES DUB-A
KIB	PROTO-CUNEIFORM SIGN KIB
KIB@g	PROTO-CUNEIFORM SIGN KIB GUNU
KID~a	PROTO-CUNEIFORM SIGN KID-A
KID~b	PROTO-CUNEIFORM SIGN KID-B
KID~c	PROTO-CUNEIFORM SIGN KID-C
KID~d	PROTO-CUNEIFORM SIGN KID-D
KID~e	PROTO-CUNEIFORM SIGN KID-E
KIN	PROTO-CUNEIFORM SIGN KIN
KIN₂~a	PROTO-CUNEIFORM SIGN KIN2-A
KIN₂~b	PROTO-CUNEIFORM SIGN KIN2-B
KIN₂~c	PROTO-CUNEIFORM SIGN KIN2-C
KIN₂~d	PROTO-CUNEIFORM SIGN KIN2-D
KIN₂~e	PROTO-CUNEIFORM SIGN KIN2-E
KINGAL	PROTO-CUNEIFORM SIGN KINGAL
KIR₁₁	PROTO-CUNEIFORM SIGN KIR11
KISAL~a1	PROTO-CUNEIFORM SIGN KISAL-A1
KISAL~a2	PROTO-CUNEIFORM SIGN KISAL-A2
KISAL~b1	PROTO-CUNEIFORM SIGN KISAL-B1
KISAL~b2	PROTO-CUNEIFORM SIGN KISAL-B2
KISAL~b2@t	PROTO-CUNEIFORM SIGN KISAL-B2 TENU
KISAL~b3	PROTO-CUNEIFORM SIGN KISAL-B3
KISIM~a	PROTO-CUNEIFORM SIGN KISIM-A
KISIM~b	PROTO-CUNEIFORM SIGN KISIM-B
KISIM~c	PROTO-CUNEIFORM SIGN KISIM-C
KIŠ	PROTO-CUNEIFORM SIGN KISH
KIŠIK~a	PROTO-CUNEIFORM SIGN KISHIK-A
KIŠIK~b	PROTO-CUNEIFORM SIGN KISHIK-B
KITI	PROTO-CUNEIFORM SIGN KITI
KU~a	PROTO-CUNEIFORM SIGN KU-A
KU~a@t	PROTO-CUNEIFORM SIGN KU-A TENU
KU~b1	PROTO-CUNEIFORM SIGN KU-B1
KU~b2	PROTO-CUNEIFORM SIGN KU-B2
KU₃~a	PROTO-CUNEIFORM SIGN KU3-A
KU₃~c	PROTO-CUNEIFORM SIGN KU3-C
KU₆~a	PROTO-CUNEIFORM SIGN KU6-A
|KU₆~a.1(N02)|	PROTO-CUNEIFORM SIGN KU6-A BESIDE ONE-N2
|KU₆~a+GIŠ|	PROTO-CUNEIFORM SIGN KU6-A JOINING GISH
|KU₆~a+KU₆~a|	PROTO-CUNEIFORM SIGN KU6-A JOINING KU6-A
KU₆~a@s	PROTO-CUNEIFORM SIGN KU6-A SHESHIG
KU₆~c	PROTO-CUNEIFORM SIGN KU6-C
KU₆~d	PROTO-CUNEIFORM SIGN KU6-D
KUN	PROTO-CUNEIFORM SIGN KUN
KUR~a	PROTO-CUNEIFORM SIGN KUR-A
|KUR~a.E₂~a|	PROTO-CUNEIFORM SIGN KUR-A BESIDE E2-A
|KUR~a.NUNUZ~a1|	PROTO-CUNEIFORM SIGN KUR-A BESIDE NUNUZ-A1
KUR~b	PROTO-CUNEIFORM SIGN KUR-B
|KUR~b.E₂~a|	PROTO-CUNEIFORM SIGN KUR-B BESIDE E2-A
KUR~c	PROTO-CUNEIFORM SIGN KUR-C
KUR~d	PROTO-CUNEIFORM SIGN KUR-D
KUR@g~a	PROTO-CUNEIFORM SIGN KUR GUNU-A
KUR@g~b	PROTO-CUNEIFORM SIGN KUR GUNU-B
KUŠU₂~a	PROTO-CUNEIFORM SIGN KUSHU2-A
KUŠU₂~b	PROTO-CUNEIFORM SIGN KUSHU2-B
KUŠU₂~c	PROTO-CUNEIFORM SIGN KUSHU2-C
KUŠU₂~d	PROTO-CUNEIFORM SIGN KUSHU2-D
KUŠU₂~e	PROTO-CUNEIFORM SIGN KUSHU2-E
KUŠU₂~f	PROTO-CUNEIFORM SIGN KUSHU2-F
LA~b	PROTO-CUNEIFORM SIGN LA-B
LA~c	PROTO-CUNEIFORM SIGN LA-C
LA~d	PROTO-CUNEIFORM SIGN LA-D
LA~e	PROTO-CUNEIFORM SIGN LA-E
LA₂	PROTO-CUNEIFORM SIGN LA2
LAGAB~a	PROTO-CUNEIFORM SIGN LAGAB-A
|LAGAB~a×BA|	PROTO-CUNEIFORM SIGN LAGAB-A TIMES BA
|LAGAB~a×BIR₃~b|	PROTO-CUNEIFORM SIGN LAGAB-A TIMES BIR3-B
|LAGAB~a×DU₆~a|	PROTO-CUNEIFORM SIGN LAGAB-A TIMES DU6-A
|LAGAB~a×KAK~a|	PROTO-CUNEIFORM SIGN LAGAB-A TIMES KAK-A
|LAGAB~a×KU₆~a|	PROTO-CUNEIFORM SIGN LAGAB-A TIMES KU6-A
|LAGAB~a×(KU₆~a+KU₆~a)|	PROTO-CUNEIFORM SIGN LAGAB-A TIMES KU6-A JOINING KU6-A
|LAGAB~a×KUŠU₂~a@t|	PROTO-CUNEIFORM SIGN LAGAB-A TIMES KUSHU2-A TENU
|LAGAB~a×LA₂~a|	PROTO-CUNEIFORM SIGN LAGAB-A TIMES LA2-A
|LAGAB~a×LAGAB~a|	PROTO-CUNEIFORM SIGN LAGAB-A TIMES LAGAB-A
|LAGAB~a×ME~a|	PROTO-CUNEIFORM SIGN LAGAB-A TIMES ME-A
|LAGAB~a×NI~a|	PROTO-CUNEIFORM SIGN LAGAB-A TIMES NI-A
|LAGAB~a×NUN~b|	PROTO-CUNEIFORM SIGN LAGAB-A TIMES NUN-B
|LAGAB~a×PA~a|	PROTO-CUNEIFORM SIGN LAGAB-A TIMES PA-A
|LAGAB~a×SI|	PROTO-CUNEIFORM SIGN LAGAB-A TIMES SI
|LAGAB~a×SIG₇|	PROTO-CUNEIFORM SIGN LAGAB-A TIMES SIG7
|LAGAB~a×SU~a|	PROTO-CUNEIFORM SIGN LAGAB-A TIMES SU-A
|LAGAB~a×ŠA|	PROTO-CUNEIFORM SIGN LAGAB-A TIMES SHA
|LAGAB~a×ŠITA~a1|	PROTO-CUNEIFORM SIGN LAGAB-A TIMES SHITA-A1
|LAGAB~a×TI|	PROTO-CUNEIFORM SIGN LAGAB-A TIMES TI
|LAGAB~a×U₄|	PROTO-CUNEIFORM SIGN LAGAB-A TIMES U4
|LAGAB~a×UB|	PROTO-CUNEIFORM SIGN LAGAB-A TIMES UB
|LAGAB~a×X|	PROTO-CUNEIFORM SIGN LAGAB-A TIMES X
|LAGAB~a×ZATU753|	PROTO-CUNEIFORM SIGN LAGAB-A TIMES ZATU753
|LAGAB~a×2(N14)|	PROTO-CUNEIFORM SIGN LAGAB-A TIMES TWO-N14
|LAGAB~a×1(N58)|	PROTO-CUNEIFORM SIGN LAGAB-A TIMES ONE-N58
LAGAB~b	PROTO-CUNEIFORM SIGN LAGAB-B
|LAGAB~b.TE|	PROTO-CUNEIFORM SIGN LAGAB-B BESIDE TE
|LAGAB~b×BANŠUR~a|	PROTO-CUNEIFORM SIGN LAGAB-B TIMES BANSHUR-A
|LAGAB~b×GAʾAR~a1|	PROTO-CUNEIFORM SIGN LAGAB-B TIMES GAAR-A1
|LAGAB~b×HI|	PROTO-CUNEIFORM SIGN LAGAB-B TIMES HI
|LAGAB~b×(HI×1(N04))|	PROTO-CUNEIFORM SIGN LAGAB-B TIMES HI TIMES ONE-N4
|LAGAB~b×KUR~e|	PROTO-CUNEIFORM SIGN LAGAB-B TIMES KUR-E
|LAGAB~b×PA~a|	PROTO-CUNEIFORM SIGN LAGAB-B TIMES PA-A
|LAGAB~b×SI|	PROTO-CUNEIFORM SIGN LAGAB-B TIMES SI
|LAGAB~b×SUH₃|	PROTO-CUNEIFORM SIGN LAGAB-B TIMES SUH3
|LAGAB~b×ŠITA~c|	PROTO-CUNEIFORM SIGN LAGAB-B TIMES SHITA-C
|LAGAB~b×U₄|	PROTO-CUNEIFORM SIGN LAGAB-B TIMES U4
|LAGAB~b×X|	PROTO-CUNEIFORM SIGN LAGAB-B TIMES X
|LAGAB~b×1(N01)|	PROTO-CUNEIFORM SIGN LAGAB-B TIMES ONE-N1
|LAGAB~b&LAGAB~b|	PROTO-CUNEIFORM SIGN LAGAB-B OVER LAGAB-B
LAGAR~a	PROTO-CUNEIFORM SIGN LAGAR-A
LAGAR~a@r	PROTO-CUNEIFORM SIGN LAGAR-A REVERSED
LAGAR~b1	PROTO-CUNEIFORM SIGN LAGAR-B1
LAGAR~b2	PROTO-CUNEIFORM SIGN LAGAR-B2
LAGAR~c	PROTO-CUNEIFORM SIGN LAGAR-C
LAHTAN₂	PROTO-CUNEIFORM SIGN LAHTAN2
LAK025	PROTO-CUNEIFORM SIGN LAK025
LAK050	PROTO-CUNEIFORM SIGN LAK050
LAK172	PROTO-CUNEIFORM SIGN LAK172
LAK251	PROTO-CUNEIFORM SIGN LAK251
LAK350	PROTO-CUNEIFORM SIGN LAK350
LAK777	PROTO-CUNEIFORM SIGN LAK777
LAL₂~a	PROTO-CUNEIFORM SIGN LAL2-A
|LAL₂~a×EZEN~a|	PROTO-CUNEIFORM SIGN LAL2-A TIMES EZEN-A
|LAL₂~a×NAGA~a|	PROTO-CUNEIFORM SIGN LAL2-A TIMES NAGA-A
|LAL₂~a×NIM~b2|	PROTO-CUNEIFORM SIGN LAL2-A TIMES NIM-B2
LAL₂~b	PROTO-CUNEIFORM SIGN LAL2-B
LAL₃~a	PROTO-CUNEIFORM SIGN LAL3-A
LAL₃~b	PROTO-CUNEIFORM SIGN LAL3-B
LAL₃~c	PROTO-CUNEIFORM SIGN LAL3-C
LAM~a	PROTO-CUNEIFORM SIGN LAM-A
LAM~b	PROTO-CUNEIFORM SIGN LAM-B
LAM~b@r	PROTO-CUNEIFORM SIGN LAM-B REVERSED
LAM~b@s	PROTO-CUNEIFORM SIGN LAM-B SHESHIG
LAM~b@t	PROTO-CUNEIFORM SIGN LAM-B TENU
LAM~c	PROTO-CUNEIFORM SIGN LAM-C
LI	PROTO-CUNEIFORM SIGN LI
LIŠ	PROTO-CUNEIFORM SIGN LISH
LU₂	PROTO-CUNEIFORM SIGN LU2
|LU₂×GEŠTU~c3|	PROTO-CUNEIFORM SIGN LU2 TIMES GESHTU-C3
LU₂@t	PROTO-CUNEIFORM SIGN LU2 TENU
LUGAL	PROTO-CUNEIFORM SIGN LUGAL
LUM	PROTO-CUNEIFORM SIGN LUM
MA	PROTO-CUNEIFORM SIGN MA
|MA×A|	PROTO-CUNEIFORM SIGN MA TIMES A
|MA×MA|	PROTO-CUNEIFORM SIGN MA TIMES MA
|MA×X|	PROTO-CUNEIFORM SIGN MA TIMES X
|MA×2(N57)|	PROTO-CUNEIFORM SIGN MA TIMES TWO-N57
|MA×1(N58)|	PROTO-CUNEIFORM SIGN MA TIMES ONE-N58
MA₂	PROTO-CUNEIFORM SIGN MA2
MAGUR~a	PROTO-CUNEIFORM SIGN MAGUR-A
MAGUR~b	PROTO-CUNEIFORM SIGN MAGUR-B
MAH~a	PROTO-CUNEIFORM SIGN MAH-A
|MAH~a×AB₂|	PROTO-CUNEIFORM SIGN MAH-A TIMES AB2
|MAH~a×GUKKAL~a|	PROTO-CUNEIFORM SIGN MAH-A TIMES GUKKAL-A
|MAH~a×KU₆~a|	PROTO-CUNEIFORM SIGN MAH-A TIMES KU6-A
|MAH~a×MAŠ|	PROTO-CUNEIFORM SIGN MAH-A TIMES MASH
|MAH~a×NA~a|	PROTO-CUNEIFORM SIGN MAH-A TIMES NA-A
|MAH~a×(SILA₃~a×UMBIN~a)|	PROTO-CUNEIFORM SIGN MAH-A TIMES SILA3-A TIMES UMBIN-A
|MAH~a×TUG₂~a|	PROTO-CUNEIFORM SIGN MAH-A TIMES TUG2-A
|MAH~a×TUN₃~c|	PROTO-CUNEIFORM SIGN MAH-A TIMES TUN3-C
|MAH~a×UD₅~a|	PROTO-CUNEIFORM SIGN MAH-A TIMES UD5-A
|MAH~a×UDU~a|	PROTO-CUNEIFORM SIGN MAH-A TIMES UDU-A
|MAH~a×UR~a|	PROTO-CUNEIFORM SIGN MAH-A TIMES UR-A
|MAH~a×UTUA~a|	PROTO-CUNEIFORM SIGN MAH-A TIMES UTUA-A
|MAH~a×X|	PROTO-CUNEIFORM SIGN MAH-A TIMES X
|MAH~a×ZATU659|	PROTO-CUNEIFORM SIGN MAH-A TIMES ZATU659
MAH~b	PROTO-CUNEIFORM SIGN MAH-B
|MAH~b×KU₆~a|	PROTO-CUNEIFORM SIGN MAH-B TIMES KU6-A
|MAH~b×MAŠ|	PROTO-CUNEIFORM SIGN MAH-B TIMES MASH
|MAH~b×NA~a|	PROTO-CUNEIFORM SIGN MAH-B TIMES NA-A
|MAH~b×SAL|	PROTO-CUNEIFORM SIGN MAH-B TIMES SAL
MAR~a	PROTO-CUNEIFORM SIGN MAR-A
MAR~a@g	PROTO-CUNEIFORM SIGN MAR-A GUNU
MAR~a@t	PROTO-CUNEIFORM SIGN MAR-A TENU
MAR~b	PROTO-CUNEIFORM SIGN MAR-B
|MAR~b×GAR|	PROTO-CUNEIFORM SIGN MAR-B TIMES GAR
|MAR~b×(LAGAB~b.ŠE₃)|	PROTO-CUNEIFORM SIGN MAR-B TIMES LAGAB-B PLUS SHE3
|MAR~b×ŠE~a|	PROTO-CUNEIFORM SIGN MAR-B TIMES SHE-A
|MAR~b×X|	PROTO-CUNEIFORM SIGN MAR-B TIMES X
MAŠ	PROTO-CUNEIFORM SIGN MASH
MAŠ₂	PROTO-CUNEIFORM SIGN MASH2
MAŠ₂@g	PROTO-CUNEIFORM SIGN MASH2 GUNU
ME~a	PROTO-CUNEIFORM SIGN ME-A
ME~b	PROTO-CUNEIFORM SIGN ME-B
ME₃	PROTO-CUNEIFORM SIGN ME3
MEN~a	PROTO-CUNEIFORM SIGN MEN-A
MEN~b	PROTO-CUNEIFORM SIGN MEN-B
MES	PROTO-CUNEIFORM SIGN MES
MIR~a	PROTO-CUNEIFORM SIGN MIR-A
MIR~b	PROTO-CUNEIFORM SIGN MIR-B
MU	PROTO-CUNEIFORM SIGN MU
MUD	PROTO-CUNEIFORM SIGN MUD
MUD₃~a	PROTO-CUNEIFORM SIGN MUD3-A
MUD₃~a@g	PROTO-CUNEIFORM SIGN MUD3-A GUNU
|MUD₃~a@g×GU|	PROTO-CUNEIFORM SIGN MUD3-A GUNU TIMES GU
MUD₃~b	PROTO-CUNEIFORM SIGN MUD3-B
MUD₃~c	PROTO-CUNEIFORM SIGN MUD3-C
MUD₃~d	PROTO-CUNEIFORM SIGN MUD3-D
MUL	PROTO-CUNEIFORM SIGN MUL
MUN~a1	PROTO-CUNEIFORM SIGN MUN-A1
MUN~a2	PROTO-CUNEIFORM SIGN MUN-A2
MUN~a3	PROTO-CUNEIFORM SIGN MUN-A3
MUN~a4	PROTO-CUNEIFORM SIGN MUN-A4
MUN~b	PROTO-CUNEIFORM SIGN MUN-B
MUNŠUB~a	PROTO-CUNEIFORM SIGN MUNSHUB-A
MUNŠUB~b	PROTO-CUNEIFORM SIGN MUNSHUB-B
MUNU₃	PROTO-CUNEIFORM SIGN MUNU3
MURUB₂	PROTO-CUNEIFORM SIGN MURUB2
MUŠ	PROTO-CUNEIFORM SIGN MUSH
MUŠ₃~a	PROTO-CUNEIFORM SIGN MUSH3-A
MUŠ₃~a@g	PROTO-CUNEIFORM SIGN MUSH3-A GUNU
MUŠ₃~b	PROTO-CUNEIFORM SIGN MUSH3-B
MUŠEN	PROTO-CUNEIFORM SIGN MUSHEN
|MUŠEN.UR₃~b2|	PROTO-CUNEIFORM SIGN MUSHEN BESIDE UR3-B2
|MUŠEN.3(N58)|	PROTO-CUNEIFORM SIGN MUSHEN BESIDE THREE-N58
|MUŠEN×PAP~a|	PROTO-CUNEIFORM SIGN MUSHEN TIMES PAP-A
|MUŠEN×X|	PROTO-CUNEIFORM SIGN MUSHEN TIMES X
|MUŠEN×1(N57)|	PROTO-CUNEIFORM SIGN MUSHEN TIMES ONE-N57
|MUŠEN×2(N57)|	PROTO-CUNEIFORM SIGN MUSHEN TIMES TWO-N57
|MUŠEN×3(N57)|	PROTO-CUNEIFORM SIGN MUSHEN TIMES THREE-N57
|1(N02).RU|	PROTO-CUNEIFORM SIGN ONE-N2 BESIDE RU
|X(N57).GAR|	PROTO-CUNEIFORM SIGN X-N57 BESIDE GAR
|1(N57).AB₂|	PROTO-CUNEIFORM SIGN ONE-N57 BESIDE AB2
|1(N57).BU₃|	PROTO-CUNEIFORM SIGN ONE-N57 BESIDE BU3
|1(N57).E₂~a|	PROTO-CUNEIFORM SIGN ONE-N57 BESIDE E2-A
|1(N57).MUŠEN|	PROTO-CUNEIFORM SIGN ONE-N57 BESIDE MUSHEN
|1(N57).SIG|	PROTO-CUNEIFORM SIGN ONE-N57 BESIDE SIG
|1(N57).ŠAH₂~a|	PROTO-CUNEIFORM SIGN ONE-N57 BESIDE SHAH2-A
|1(N57).ŠUBUR|	PROTO-CUNEIFORM SIGN ONE-N57 BESIDE SHUBUR
|2(N57).AB₂|	PROTO-CUNEIFORM SIGN TWO-N57 BESIDE AB2
|2(N57).BIR₃~a|	PROTO-CUNEIFORM SIGN TWO-N57 BESIDE BIR3-A
|2(N57).KU₆~a|	PROTO-CUNEIFORM SIGN TWO-N57 BESIDE KU6-A
|2(N57).MUŠEN|	PROTO-CUNEIFORM SIGN TWO-N57 BESIDE MUSHEN
|2(N57).SU~a|	PROTO-CUNEIFORM SIGN TWO-N57 BESIDE SU-A
|2(N57).ŠUBUR|	PROTO-CUNEIFORM SIGN TWO-N57 BESIDE SHUBUR
|2(N57).UDUNITA~a|	PROTO-CUNEIFORM SIGN TWO-N57 BESIDE UDUNITA-A
|3(N57).AMAR|	PROTO-CUNEIFORM SIGN THREE-N57 BESIDE AMAR
|3(N57).AZ|	PROTO-CUNEIFORM SIGN THREE-N57 BESIDE AZ
|3(N57).BAR×UŠ~a|	PROTO-CUNEIFORM SIGN THREE-N57 BESIDE BAR TIMES USH-A
|3(N57).BARA₃|	PROTO-CUNEIFORM SIGN THREE-N57 BESIDE BARA3
|3(N57).E₂~b|	PROTO-CUNEIFORM SIGN THREE-N57 BESIDE E2-B
|3(N57).EN₂|	PROTO-CUNEIFORM SIGN THREE-N57 BESIDE EN2
|3(N57).GAR|	PROTO-CUNEIFORM SIGN THREE-N57 BESIDE GAR
|3(N57).NUNUZ~a1|	PROTO-CUNEIFORM SIGN THREE-N57 BESIDE NUNUZ-A1
|3(N57).NUNUZ~c|	PROTO-CUNEIFORM SIGN THREE-N57 BESIDE NUNUZ-C
|3(N57).PIRIG~b1|	PROTO-CUNEIFORM SIGN THREE-N57 BESIDE PIRIG-B1
|3(N57).SANGA~a|	PROTO-CUNEIFORM SIGN THREE-N57 BESIDE SANGA-A
|3(N57).SI|	PROTO-CUNEIFORM SIGN THREE-N57 BESIDE SI
|3(N57).ŠUBUR|	PROTO-CUNEIFORM SIGN THREE-N57 BESIDE SHUBUR
|3(N57).UDU~a|	PROTO-CUNEIFORM SIGN THREE-N57 BESIDE UDU-A
|3(N57).UDUNITA~a|	PROTO-CUNEIFORM SIGN THREE-N57 BESIDE UDUNITA-A
|4(N57).AMAR|	PROTO-CUNEIFORM SIGN FOUR-N57 BESIDE AMAR
|4(N57).GAR|	PROTO-CUNEIFORM SIGN FOUR-N57 BESIDE GAR
|4(N57).KU₃~a|	PROTO-CUNEIFORM SIGN FOUR-N57 BESIDE KU3-A
|4(N57).NI~b|	PROTO-CUNEIFORM SIGN FOUR-N57 BESIDE NI-B
|5(N57).GAR|	PROTO-CUNEIFORM SIGN FIVE-N57 BESIDE GAR
|5(N57).KU₃~a|	PROTO-CUNEIFORM SIGN FIVE-N57 BESIDE KU3-A
|6(N57).GAR|	PROTO-CUNEIFORM SIGN SIX-N57 BESIDE GAR
|6(N57).KU₃~a|	PROTO-CUNEIFORM SIGN SIX-N57 BESIDE KU3-A
|7(N57).GAR|	PROTO-CUNEIFORM SIGN SEVEN-N57 BESIDE GAR
|1(N58).BAD|	PROTO-CUNEIFORM SIGN ONE-N58 BESIDE BAD
|(1(N58).BAD)~b|	PROTO-CUNEIFORM SIGN ONE-N58 PLUS BAD FORM B
|3(N58).UR₃~b1|	PROTO-CUNEIFORM SIGN THREE-N58 BESIDE UR3-B1
NA~a	PROTO-CUNEIFORM SIGN NA-A
NA~b	PROTO-CUNEIFORM SIGN NA-B
NA~c	PROTO-CUNEIFORM SIGN NA-C
NA~d	PROTO-CUNEIFORM SIGN NA-D
NA₂~a	PROTO-CUNEIFORM SIGN NA2-A
NA₂~b1	PROTO-CUNEIFORM SIGN NA2-B1
NA₂~b2	PROTO-CUNEIFORM SIGN NA2-B2
NA₂~c	PROTO-CUNEIFORM SIGN NA2-C
NAB	PROTO-CUNEIFORM SIGN NAB
NAGA~a	PROTO-CUNEIFORM SIGN NAGA-A
|NAGA~a×TAK₄~a|	PROTO-CUNEIFORM SIGN NAGA-A TIMES TAK4-A
NAGA~b	PROTO-CUNEIFORM SIGN NAGA-B
NAGAR~a	PROTO-CUNEIFORM SIGN NAGAR-A
NAGAR~b	PROTO-CUNEIFORM SIGN NAGAR-B
NAM~a	PROTO-CUNEIFORM SIGN NAM-A
NAM~b	PROTO-CUNEIFORM SIGN NAM-B
NAM~c	PROTO-CUNEIFORM SIGN NAM-C
NAM~d	PROTO-CUNEIFORM SIGN NAM-D
NAM₂	PROTO-CUNEIFORM SIGN NAM2
|NAM₂×1(N01)|	PROTO-CUNEIFORM SIGN NAM2 TIMES ONE-N1
NAM₂@g	PROTO-CUNEIFORM SIGN NAM2 GUNU
NAM₂@t	PROTO-CUNEIFORM SIGN NAM2 TENU
NAMEŠDA	PROTO-CUNEIFORM SIGN NAMESHDA
NANNA~a	PROTO-CUNEIFORM SIGN NANNA-A
NANNA~b	PROTO-CUNEIFORM SIGN NANNA-B
NANŠE~a	PROTO-CUNEIFORM SIGN NANSHE-A
NANŠE~b	PROTO-CUNEIFORM SIGN NANSHE-B
NAR	PROTO-CUNEIFORM SIGN NAR
NE~a	PROTO-CUNEIFORM SIGN NE-A
NE~b	PROTO-CUNEIFORM SIGN NE-B
NE~c	PROTO-CUNEIFORM SIGN NE-C
NE~d	PROTO-CUNEIFORM SIGN NE-D
NERGAL~v	PROTO-CUNEIFORM SIGN NERGAL-V
NESAG₂~a	PROTO-CUNEIFORM SIGN NESAG2-A
NESAG₂~a2	PROTO-CUNEIFORM SIGN NESAG2-A2
NESAG₂~b	PROTO-CUNEIFORM SIGN NESAG2-B
NESAG₂~b@t	PROTO-CUNEIFORM SIGN NESAG2-B TENU
NI~a	PROTO-CUNEIFORM SIGN NI-A
|NI~a.RU|	PROTO-CUNEIFORM SIGN NI-A BESIDE RU
|NI~a×1(N57)|	PROTO-CUNEIFORM SIGN NI-A TIMES ONE-N57
NI~a@g	PROTO-CUNEIFORM SIGN NI-A GUNU
NI~b	PROTO-CUNEIFORM SIGN NI-B
|NI~b×X|	PROTO-CUNEIFORM SIGN NI-B TIMES X
|NI~b×4(N57)|	PROTO-CUNEIFORM SIGN NI-B TIMES FOUR-N57
|NI~b×8(N57)|	PROTO-CUNEIFORM SIGN NI-B TIMES EIGHT-N57
NI₂	PROTO-CUNEIFORM SIGN NI2
NIGIN	PROTO-CUNEIFORM SIGN NIGIN
NIM~a	PROTO-CUNEIFORM SIGN NIM-A
NIM~b1	PROTO-CUNEIFORM SIGN NIM-B1
NIM~b2	PROTO-CUNEIFORM SIGN NIM-B2
NIM~b3	PROTO-CUNEIFORM SIGN NIM-B3
NIM~d	PROTO-CUNEIFORM SIGN NIM-D
NIMGIR	PROTO-CUNEIFORM SIGN NIMGIR
NIN	PROTO-CUNEIFORM SIGN NIN
NINDA₂	PROTO-CUNEIFORM SIGN NINDA2
|NINDA₂×AN|	PROTO-CUNEIFORM SIGN NINDA2 TIMES AN
|NINDA₂×(AN.HI)|	PROTO-CUNEIFORM SIGN NINDA2 TIMES AN PLUS HI
|NINDA₂×(AN.ME~a)|	PROTO-CUNEIFORM SIGN NINDA2 TIMES AN PLUS ME-A
|NINDA₂×(AN.X)|	PROTO-CUNEIFORM SIGN NINDA2 TIMES AN PLUS X
|NINDA₂×BA|	PROTO-CUNEIFORM SIGN NINDA2 TIMES BA
|NINDA₂×EZEN~b|	PROTO-CUNEIFORM SIGN NINDA2 TIMES EZEN-B
|NINDA₂×GAʾAR~a1|	PROTO-CUNEIFORM SIGN NINDA2 TIMES GAAR-A1
|NINDA₂×GAR|	PROTO-CUNEIFORM SIGN NINDA2 TIMES GAR
|NINDA₂×GIŠ|	PROTO-CUNEIFORM SIGN NINDA2 TIMES GISH
|NINDA₂×(GIŠ.DAR~a)|	PROTO-CUNEIFORM SIGN NINDA2 TIMES GISH PLUS DAR-A
|NINDA₂×GU₄|	PROTO-CUNEIFORM SIGN NINDA2 TIMES GU4
|NINDA₂×GUDU₄|	PROTO-CUNEIFORM SIGN NINDA2 TIMES GUDU4
|NINDA₂×HI|	PROTO-CUNEIFORM SIGN NINDA2 TIMES HI
|NINDA₂×(HI.AN.ME~a)|	PROTO-CUNEIFORM SIGN NINDA2 TIMES HI PLUS AN PLUS ME-A
|NINDA₂×(HI.ME~a)|	PROTO-CUNEIFORM SIGN NINDA2 TIMES HI PLUS ME-A
|NINDA₂×(HI.X)|	PROTO-CUNEIFORM SIGN NINDA2 TIMES HI PLUS X
|NINDA₂×KAŠ~b|	PROTO-CUNEIFORM SIGN NINDA2 TIMES KASH-B
|NINDA₂×MAR~a|	PROTO-CUNEIFORM SIGN NINDA2 TIMES MAR-A
|NINDA₂×MAR~b|	PROTO-CUNEIFORM SIGN NINDA2 TIMES MAR-B
|NINDA₂×NE~a|	PROTO-CUNEIFORM SIGN NINDA2 TIMES NE-A
|NINDA₂×NUN~a|	PROTO-CUNEIFORM SIGN NINDA2 TIMES NUN-A
|NINDA₂×ŠIM~a|	PROTO-CUNEIFORM SIGN NINDA2 TIMES SHIM-A
|NINDA₂×U₄|	PROTO-CUNEIFORM SIGN NINDA2 TIMES U4
|NINDA₂×(U₄.X)|	PROTO-CUNEIFORM SIGN NINDA2 TIMES U4 PLUS X
|NINDA₂×(UDU~a×TAR~a)|	PROTO-CUNEIFORM SIGN NINDA2 TIMES UDU-A TIMES TAR-A
|NINDA₂×(UDU~a×TAR~b)|	PROTO-CUNEIFORM SIGN NINDA2 TIMES UDU-A TIMES TAR-B
|NINDA₂×X|	PROTO-CUNEIFORM SIGN NINDA2 TIMES X
|NINDA₂×(X.MAŠ)|	PROTO-CUNEIFORM SIGN NINDA2 TIMES X PLUS MASH
|NINDA₂×(ZATU659×1(N01))|	PROTO-CUNEIFORM SIGN NINDA2 TIMES ZATU659 TIMES ONE-N1
|NINDA₂×ZATU710|	PROTO-CUNEIFORM SIGN NINDA2 TIMES ZATU710
|NINDA₂×1(N01)|	PROTO-CUNEIFORM SIGN NINDA2 TIMES ONE-N1
|NINDA₂×2(N01)|	PROTO-CUNEIFORM SIGN NINDA2 TIMES TWO-N1
|NINDA₂×1(N06)|	PROTO-CUNEIFORM SIGN NINDA2 TIMES ONE-N6
|NINDA₂×(1(N06).HI@g~a)|	PROTO-CUNEIFORM SIGN NINDA2 TIMES ONE-N6 PLUS HI GUNU-A
|NINDA₂×1(N08)|	PROTO-CUNEIFORM SIGN NINDA2 TIMES ONE-N8
NINKUM	PROTO-CUNEIFORM SIGN NINKUM
NINLIL	PROTO-CUNEIFORM SIGN NINLIL
NIR~a	PROTO-CUNEIFORM SIGN NIR-A
|NIR~a×AN|	PROTO-CUNEIFORM SIGN NIR-A TIMES AN
NIR~b	PROTO-CUNEIFORM SIGN NIR-B
NU	PROTO-CUNEIFORM SIGN NU
NU@g	PROTO-CUNEIFORM SIGN NU GUNU
NU₁₁	PROTO-CUNEIFORM SIGN NU11
|NU₁₁&NU₁₁|	PROTO-CUNEIFORM SIGN NU11 OVER NU11
NU₁₁@t	PROTO-CUNEIFORM SIGN NU11 TENU
NUMUN	PROTO-CUNEIFORM SIGN NUMUN
NUMUN₂	PROTO-CUNEIFORM SIGN NUMUN2
NUN~a	PROTO-CUNEIFORM SIGN NUN-A
|NUN~a+A|	PROTO-CUNEIFORM SIGN NUN-A JOINING A
|NUN~a+EN~a|	PROTO-CUNEIFORM SIGN NUN-A JOINING EN-A
|NUN~a+EN~b|	PROTO-CUNEIFORM SIGN NUN-A JOINING EN-B
|NUN~a+EN~d|	PROTO-CUNEIFORM SIGN NUN-A JOINING EN-D
|NUN~a+NAM₂|	PROTO-CUNEIFORM SIGN NUN-A JOINING NAM2
NUN~b	PROTO-CUNEIFORM SIGN NUN-B
|NUN~b.U₄|	PROTO-CUNEIFORM SIGN NUN-B BESIDE U4
|NUN~b+EN~a|	PROTO-CUNEIFORM SIGN NUN-B JOINING EN-A
NUN~c	PROTO-CUNEIFORM SIGN NUN-C
NUN~d	PROTO-CUNEIFORM SIGN NUN-D
NUNUZ~a0	PROTO-CUNEIFORM SIGN NUNUZ-A0
NUNUZ~a1	PROTO-CUNEIFORM SIGN NUNUZ-A1
NUNUZ~a1@t	PROTO-CUNEIFORM SIGN NUNUZ-A1 TENU
NUNUZ~a2	PROTO-CUNEIFORM SIGN NUNUZ-A2
NUNUZ~b1	PROTO-CUNEIFORM SIGN NUNUZ-B1
NUNUZ~b2	PROTO-CUNEIFORM SIGN NUNUZ-B2
NUNUZ~c	PROTO-CUNEIFORM SIGN NUNUZ-C
PA~a	PROTO-CUNEIFORM SIGN PA-A
PA~b	PROTO-CUNEIFORM SIGN PA-B
PA₃	PROTO-CUNEIFORM SIGN PA3
PAD~a	PROTO-CUNEIFORM SIGN PAD-A
PAD~b	PROTO-CUNEIFORM SIGN PAD-B
PAP~a	PROTO-CUNEIFORM SIGN PAP-A
PAP~a@t	PROTO-CUNEIFORM SIGN PAP-A TENU
PAP~b	PROTO-CUNEIFORM SIGN PAP-B
PIRIG~a1	PROTO-CUNEIFORM SIGN PIRIG-A1
PIRIG~a2	PROTO-CUNEIFORM SIGN PIRIG-A2
PIRIG~a3	PROTO-CUNEIFORM SIGN PIRIG-A3
PIRIG~b1	PROTO-CUNEIFORM SIGN PIRIG-B1
|PIRIG~b1+DIN|	PROTO-CUNEIFORM SIGN PIRIG-B1 JOINING DIN
|PIRIG~b1×UR₂|	PROTO-CUNEIFORM SIGN PIRIG-B1 TIMES UR2
|PIRIG~b1×1(N58@t)|	PROTO-CUNEIFORM SIGN PIRIG-B1 TIMES ONE-N58 TENU
PIRIG~b2	PROTO-CUNEIFORM SIGN PIRIG-B2
PU₂	PROTO-CUNEIFORM SIGN PU2
RA	PROTO-CUNEIFORM SIGN RA
RAD~a	PROTO-CUNEIFORM SIGN RAD-A
RAD~a@g	PROTO-CUNEIFORM SIGN RAD-A GUNU
RAD~a@t	PROTO-CUNEIFORM SIGN RAD-A TENU
RAD~b	PROTO-CUNEIFORM SIGN RAD-B
RI	PROTO-CUNEIFORM SIGN RI
RI~x	PROTO-CUNEIFORM SIGN RI-X
RI₈~a	PROTO-CUNEIFORM SIGN RI8-A
RI₈~b	PROTO-CUNEIFORM SIGN RI8-B
RU	PROTO-CUNEIFORM SIGN RU
RU@t	PROTO-CUNEIFORM SIGN RU TENU
SA~a	PROTO-CUNEIFORM SIGN SA-A
SA~c	PROTO-CUNEIFORM SIGN SA-C
SAG	PROTO-CUNEIFORM SIGN SAG
|SAG+UKKIN~b×1(N57)|	PROTO-CUNEIFORM SIGN SAG JOINING UKKIN-B TIMES ONE-N57
|SAG×GEŠTU~a|	PROTO-CUNEIFORM SIGN SAG TIMES GESHTU-A
|SAG×GEŠTU~b|	PROTO-CUNEIFORM SIGN SAG TIMES GESHTU-B
|SAG×GEŠTU~c|	PROTO-CUNEIFORM SIGN SAG TIMES GESHTU-C
|SAG×LAM~c|	PROTO-CUNEIFORM SIGN SAG TIMES LAM-C
|SAG×MA|	PROTO-CUNEIFORM SIGN SAG TIMES MA
|SAG×NAM₂|	PROTO-CUNEIFORM SIGN SAG TIMES NAM2
|SAG×SAR~a|	PROTO-CUNEIFORM SIGN SAG TIMES SAR-A
|SAG×1(N14)|	PROTO-CUNEIFORM SIGN SAG TIMES ONE-N14
SAG@g	PROTO-CUNEIFORM SIGN SAG GUNU
SAG@n	PROTO-CUNEIFORM SIGN SAG NUTILLU
SAGŠU	PROTO-CUNEIFORM SIGN SAGSHU
SAL	PROTO-CUNEIFORM SIGN SAL
|SAL.KUR~a|	PROTO-CUNEIFORM SIGN SAL BESIDE KUR-A
|SAL.LAM~b|	PROTO-CUNEIFORM SIGN SAL BESIDE LAM-B
|SAL.ME~a|	PROTO-CUNEIFORM SIGN SAL BESIDE ME-A
|SAL.ŠU₂|	PROTO-CUNEIFORM SIGN SAL BESIDE SHU2
|SAL.ZATU751~a|	PROTO-CUNEIFORM SIGN SAL BESIDE ZATU751-A
|SAL.ZATU751~b|	PROTO-CUNEIFORM SIGN SAL BESIDE ZATU751-B
|SAL.ZATU751~c|	PROTO-CUNEIFORM SIGN SAL BESIDE ZATU751-C
|SAL×1(N58)|	PROTO-CUNEIFORM SIGN SAL TIMES ONE-N58
SANGA~a	PROTO-CUNEIFORM SIGN SANGA-A
SANGA~b	PROTO-CUNEIFORM SIGN SANGA-B
SANGA~c	PROTO-CUNEIFORM SIGN SANGA-C
SANGA~e	PROTO-CUNEIFORM SIGN SANGA-E
SAR~a	PROTO-CUNEIFORM SIGN SAR-A
|SAR~a×ŠE~a|	PROTO-CUNEIFORM SIGN SAR-A TIMES SHE-A
SAR~b	PROTO-CUNEIFORM SIGN SAR-B
SAR~c	PROTO-CUNEIFORM SIGN SAR-C
SAR~d	PROTO-CUNEIFORM SIGN SAR-D
SI	PROTO-CUNEIFORM SIGN SI
|SI+AN|	PROTO-CUNEIFORM SIGN SI JOINING AN
|SI×EN~a|	PROTO-CUNEIFORM SIGN SI TIMES EN-A
|SI×GU₄|	PROTO-CUNEIFORM SIGN SI TIMES GU4
|SI×KU~b1|	PROTO-CUNEIFORM SIGN SI TIMES KU-B1
|SI×SAL|	PROTO-CUNEIFORM SIGN SI TIMES SAL
|SI×ŠE₃|	PROTO-CUNEIFORM SIGN SI TIMES SHE3
|SI×TUN₃~a|	PROTO-CUNEIFORM SIGN SI TIMES TUN3-A
|SI×1(N58)|	PROTO-CUNEIFORM SIGN SI TIMES ONE-N58
SI₄~a	PROTO-CUNEIFORM SIGN SI4-A
SI₄~b	PROTO-CUNEIFORM SIGN SI4-B
SI₄~c	PROTO-CUNEIFORM SIGN SI4-C
SI₄~d	PROTO-CUNEIFORM SIGN SI4-D
SI₄~f	PROTO-CUNEIFORM SIGN SI4-F
SIG	PROTO-CUNEIFORM SIGN SIG
SIG~b	PROTO-CUNEIFORM SIGN SIG-B
SIG@g	PROTO-CUNEIFORM SIGN SIG GUNU
SIG₂~a1	PROTO-CUNEIFORM SIGN SIG2-A1
SIG₂~a2	PROTO-CUNEIFORM SIGN SIG2-A2
SIG₂~a3	PROTO-CUNEIFORM SIGN SIG2-A3
SIG₂~a4	PROTO-CUNEIFORM SIGN SIG2-A4
SIG₂~b	PROTO-CUNEIFORM SIGN SIG2-B
|SIG₂~b×1(N14)|	PROTO-CUNEIFORM SIGN SIG2-B TIMES ONE-N14
|SIG₂~b&SIG₂~b|	PROTO-CUNEIFORM SIGN SIG2-B OVER SIG2-B
SIG₂~c1	PROTO-CUNEIFORM SIGN SIG2-C1
SIG₂~c2	PROTO-CUNEIFORM SIGN SIG2-C2
SIG₂~d1	PROTO-CUNEIFORM SIGN SIG2-D1
SIG₂~d2	PROTO-CUNEIFORM SIGN SIG2-D2
SIG₂~d3	PROTO-CUNEIFORM SIGN SIG2-D3
SIG₂~d4	PROTO-CUNEIFORM SIGN SIG2-D4
SIG₂~e	PROTO-CUNEIFORM SIGN SIG2-E
SIG₄	PROTO-CUNEIFORM SIGN SIG4
SIG₇	PROTO-CUNEIFORM SIGN SIG7
SIKIL	PROTO-CUNEIFORM SIGN SIKIL
SILA₃~a	PROTO-CUNEIFORM SIGN SILA3-A
|SILA₃~a×A|	PROTO-CUNEIFORM SIGN SILA3-A TIMES A
|SILA₃~a×AMAR|	PROTO-CUNEIFORM SIGN SILA3-A TIMES AMAR
|SILA₃~a×DUG~a|	PROTO-CUNEIFORM SIGN SILA3-A TIMES DUG-A
|SILA₃~a×DUG~b|	PROTO-CUNEIFORM SIGN SILA3-A TIMES DUG-B
|SILA₃~a×GA~a|	PROTO-CUNEIFORM SIGN SILA3-A TIMES GA-A
|SILA₃~a×GARA₂~a|	PROTO-CUNEIFORM SIGN SILA3-A TIMES GARA2-A
|SILA₃~a×GEŠTU~a|	PROTO-CUNEIFORM SIGN SILA3-A TIMES GESHTU-A
|SILA₃~a×GEŠTU~c3|	PROTO-CUNEIFORM SIGN SILA3-A TIMES GESHTU-C3
|SILA₃~a×GEŠTU~c5|	PROTO-CUNEIFORM SIGN SILA3-A TIMES GESHTU-C5
|SILA₃~a×HAŠHUR|	PROTO-CUNEIFORM SIGN SILA3-A TIMES HASHHUR
|SILA₃~a×HI|	PROTO-CUNEIFORM SIGN SILA3-A TIMES HI
|SILA₃~a×HI@g~a|	PROTO-CUNEIFORM SIGN SILA3-A TIMES HI GUNU-A
|SILA₃~a×IB~a|	PROTO-CUNEIFORM SIGN SILA3-A TIMES IB-A
|SILA₃~a×KAŠ~a|	PROTO-CUNEIFORM SIGN SILA3-A TIMES KASH-A
|SILA₃~a×KAŠ~c|	PROTO-CUNEIFORM SIGN SILA3-A TIMES KASH-C
|SILA₃~a×KAŠ~d|	PROTO-CUNEIFORM SIGN SILA3-A TIMES KASH-D
|SILA₃~a×KU₆~a|	PROTO-CUNEIFORM SIGN SILA3-A TIMES KU6-A
|SILA₃~a×KUR~a|	PROTO-CUNEIFORM SIGN SILA3-A TIMES KUR-A
|SILA₃~a×MA|	PROTO-CUNEIFORM SIGN SILA3-A TIMES MA
|SILA₃~a×MAŠ|	PROTO-CUNEIFORM SIGN SILA3-A TIMES MASH
|SILA₃~a×MUD₃~b|	PROTO-CUNEIFORM SIGN SILA3-A TIMES MUD3-B
|SILA₃~a×NAGA~a|	PROTO-CUNEIFORM SIGN SILA3-A TIMES NAGA-A
|SILA₃~a×NI~a|	PROTO-CUNEIFORM SIGN SILA3-A TIMES NI-A
|SILA₃~a×NUN~b|	PROTO-CUNEIFORM SIGN SILA3-A TIMES NUN-B
|SILA₃~a×SUHUR|	PROTO-CUNEIFORM SIGN SILA3-A TIMES SUHUR
|SILA₃~a×SUM~a|	PROTO-CUNEIFORM SIGN SILA3-A TIMES SUM-A
|SILA₃~a×SUM~b|	PROTO-CUNEIFORM SIGN SILA3-A TIMES SUM-B
|SILA₃~a×ŠE~a|	PROTO-CUNEIFORM SIGN SILA3-A TIMES SHE-A
|SILA₃~a×ŠE~a@t|	PROTO-CUNEIFORM SIGN SILA3-A TIMES SHE-A TENU
|SILA₃~a×ŠU|	PROTO-CUNEIFORM SIGN SILA3-A TIMES SHU
|SILA₃~a×ŠU₂|	PROTO-CUNEIFORM SIGN SILA3-A TIMES SHU2
|SILA₃~a×X|	PROTO-CUNEIFORM SIGN SILA3-A TIMES X
|SILA₃~a×ZATU629|	PROTO-CUNEIFORM SIGN SILA3-A TIMES ZATU629
|SILA₃~a×ZATU646|	PROTO-CUNEIFORM SIGN SILA3-A TIMES ZATU646
|SILA₃~a×(ZATU659.TU~c)|	PROTO-CUNEIFORM SIGN SILA3-A TIMES ZATU659 PLUS TU-C
|SILA₃~a×1(N57)|	PROTO-CUNEIFORM SIGN SILA3-A TIMES ONE-N57
|SILA₃~a×1(N58)|	PROTO-CUNEIFORM SIGN SILA3-A TIMES ONE-N58
SILA₃~b	PROTO-CUNEIFORM SIGN SILA3-B
|SILA₃~b×DUG~a|	PROTO-CUNEIFORM SIGN SILA3-B TIMES DUG-A
|SILA₃~b×GUG₂|	PROTO-CUNEIFORM SIGN SILA3-B TIMES GUG2
|SILA₃~b×NAGA~b|	PROTO-CUNEIFORM SIGN SILA3-B TIMES NAGA-B
|SILA₃~b×NI~a|	PROTO-CUNEIFORM SIGN SILA3-B TIMES NI-A
|SILA₃~b×NI~b|	PROTO-CUNEIFORM SIGN SILA3-B TIMES NI-B
SILA₃~c	PROTO-CUNEIFORM SIGN SILA3-C
|SILA₃~c×ŠU|	PROTO-CUNEIFORM SIGN SILA3-C TIMES SHU
|SILA₃~c×ZATU687|	PROTO-CUNEIFORM SIGN SILA3-C TIMES ZATU687
|SILA₃~d×NI~a|	PROTO-CUNEIFORM SIGN SILA3-D TIMES NI-A
SILA₄~a	PROTO-CUNEIFORM SIGN SILA4-A
SILA₄~b	PROTO-CUNEIFORM SIGN SILA4-B
SILA₄~c	PROTO-CUNEIFORM SIGN SILA4-C
SILA₄~d	PROTO-CUNEIFORM SIGN SILA4-D
SILANITA	PROTO-CUNEIFORM SIGN SILANITA
SIMUG	PROTO-CUNEIFORM SIGN SIMUG
SIPA	PROTO-CUNEIFORM SIGN SIPA
SU~a	PROTO-CUNEIFORM SIGN SU-A
|SU~a×1(N58)|	PROTO-CUNEIFORM SIGN SU-A TIMES ONE-N58
SU~b	PROTO-CUNEIFORM SIGN SU-B
SU~c	PROTO-CUNEIFORM SIGN SU-C
SU₃	PROTO-CUNEIFORM SIGN SU3
SUG	PROTO-CUNEIFORM SIGN SUG
SUG₅	PROTO-CUNEIFORM SIGN SUG5
SUH₃	PROTO-CUNEIFORM SIGN SUH3
SUHUR	PROTO-CUNEIFORM SIGN SUHUR
SUHUR@g	PROTO-CUNEIFORM SIGN SUHUR GUNU
SUHUR@n	PROTO-CUNEIFORM SIGN SUHUR NUTILLU
SUHUR@t	PROTO-CUNEIFORM SIGN SUHUR TENU
SUKKAL	PROTO-CUNEIFORM SIGN SUKKAL
SUKUD	PROTO-CUNEIFORM SIGN SUKUD
|(SUKUD+SUKUD)~a|	PROTO-CUNEIFORM SIGN SUKUD JOINING SUKUD FORM A
|(SUKUD+SUKUD)~b|	PROTO-CUNEIFORM SIGN SUKUD JOINING SUKUD FORM B
|(SUKUD+SUKUD)~c|	PROTO-CUNEIFORM SIGN SUKUD JOINING SUKUD FORM C
|(SUKUD+SUKUD)~d|	PROTO-CUNEIFORM SIGN SUKUD JOINING SUKUD FORM D
SUKUD@g~a	PROTO-CUNEIFORM SIGN SUKUD GUNU-A
SUKUD@g~b	PROTO-CUNEIFORM SIGN SUKUD GUNU-B
SUKUD@g~c	PROTO-CUNEIFORM SIGN SUKUD GUNU-C
SUKUD@g~d	PROTO-CUNEIFORM SIGN SUKUD GUNU-D
SUKUD@h	PROTO-CUNEIFORM SIGN SUKUD HFLIP
SUM~a	PROTO-CUNEIFORM SIGN SUM-A
SUM~a@t	PROTO-CUNEIFORM SIGN SUM-A TENU
SUM~b	PROTO-CUNEIFORM SIGN SUM-B
SUMAŠ	PROTO-CUNEIFORM SIGN SUMASH
SUR	PROTO-CUNEIFORM SIGN SUR
SUSA	PROTO-CUNEIFORM SIGN SUSA
ŠA	PROTO-CUNEIFORM SIGN SHA
|(ŠA×HI@g~a)~a|	PROTO-CUNEIFORM SIGN SHA TIMES HI GUNU-A FORM A
|(ŠA×HI@g~a)~b|	PROTO-CUNEIFORM SIGN SHA TIMES HI GUNU-A FORM B
ŠA@g	PROTO-CUNEIFORM SIGN SHA GUNU
ŠA₃~a1	PROTO-CUNEIFORM SIGN SHA3-A1
ŠA₃~a2	PROTO-CUNEIFORM SIGN SHA3-A2
ŠA₃~a2@g	PROTO-CUNEIFORM SIGN SHA3-A2 GUNU
ŠA₃~b	PROTO-CUNEIFORM SIGN SHA3-B
ŠA₃~c	PROTO-CUNEIFORM SIGN SHA3-C
ŠA₃~d	PROTO-CUNEIFORM SIGN SHA3-D
ŠAB~a	PROTO-CUNEIFORM SIGN SHAB-A
ŠAB~b	PROTO-CUNEIFORM SIGN SHAB-B
ŠAGAN	PROTO-CUNEIFORM SIGN SHAGAN
ŠAGINA	PROTO-CUNEIFORM SIGN SHAGINA
ŠAH₂~a	PROTO-CUNEIFORM SIGN SHAH2-A
ŠAH₂~b	PROTO-CUNEIFORM SIGN SHAH2-B
ŠAH₂~c	PROTO-CUNEIFORM SIGN SHAH2-C
ŠAKIR~a	PROTO-CUNEIFORM SIGN SHAKIR-A
ŠAKIR~b	PROTO-CUNEIFORM SIGN SHAKIR-B
ŠAKIR~c	PROTO-CUNEIFORM SIGN SHAKIR-C
ŠAM₂	PROTO-CUNEIFORM SIGN SHAM2
ŠANDANA~a	PROTO-CUNEIFORM SIGN SHANDANA-A
ŠANDANA~b	PROTO-CUNEIFORM SIGN SHANDANA-B
ŠE~a	PROTO-CUNEIFORM SIGN SHE-A
|ŠE~a.GAR|	PROTO-CUNEIFORM SIGN SHE-A BESIDE GAR
|ŠE~a.KIN₂~c|	PROTO-CUNEIFORM SIGN SHE-A BESIDE KIN2-C
|ŠE~a.NAM₂|	PROTO-CUNEIFORM SIGN SHE-A BESIDE NAM2
|ŠE~a&ŠE~a|	PROTO-CUNEIFORM SIGN SHE-A OVER SHE-A
ŠE~a@t	PROTO-CUNEIFORM SIGN SHE-A TENU
|ŠE~a@t.GAR|	PROTO-CUNEIFORM SIGN SHE-A TENU BESIDE GAR
|ŠE~a@t+EZEN~b|	PROTO-CUNEIFORM SIGN SHE-A TENU JOINING EZEN-B
ŠE~b	PROTO-CUNEIFORM SIGN SHE-B
ŠE~c	PROTO-CUNEIFORM SIGN SHE-C
ŠE₃	PROTO-CUNEIFORM SIGN SHE3
ŠE₃@t	PROTO-CUNEIFORM SIGN SHE3 TENU
ŠEG₉	PROTO-CUNEIFORM SIGN SHEG9
ŠELU	PROTO-CUNEIFORM SIGN SHELU
ŠEN~a	PROTO-CUNEIFORM SIGN SHEN-A
ŠEN~b	PROTO-CUNEIFORM SIGN SHEN-B
ŠEN~c	PROTO-CUNEIFORM SIGN SHEN-C
ŠEN~c@t	PROTO-CUNEIFORM SIGN SHEN-C TENU
ŠEN~d	PROTO-CUNEIFORM SIGN SHEN-D
|ŠEN~d×A|	PROTO-CUNEIFORM SIGN SHEN-D TIMES A
ŠEN~e	PROTO-CUNEIFORM SIGN SHEN-E
ŠENNUR~a	PROTO-CUNEIFORM SIGN SHENNUR-A
ŠENNUR~b	PROTO-CUNEIFORM SIGN SHENNUR-B
ŠEŠ~a	PROTO-CUNEIFORM SIGN SHESH-A
ŠEŠ~b	PROTO-CUNEIFORM SIGN SHESH-B
ŠIDIM	PROTO-CUNEIFORM SIGN SHIDIM
ŠIDIM@t	PROTO-CUNEIFORM SIGN SHIDIM TENU
ŠIM~a	PROTO-CUNEIFORM SIGN SHIM-A
ŠIM~b	PROTO-CUNEIFORM SIGN SHIM-B
ŠIR~a	PROTO-CUNEIFORM SIGN SHIR-A
ŠIR~b	PROTO-CUNEIFORM SIGN SHIR-B
ŠITA~a1	PROTO-CUNEIFORM SIGN SHITA-A1
|ŠITA~a1×KAK~a|	PROTO-CUNEIFORM SIGN SHITA-A1 TIMES KAK-A
|ŠITA~a1×ŠU|	PROTO-CUNEIFORM SIGN SHITA-A1 TIMES SHU
|ŠITA~a1×ŠU₂|	PROTO-CUNEIFORM SIGN SHITA-A1 TIMES SHU2
|ŠITA~a1×UDU~a|	PROTO-CUNEIFORM SIGN SHITA-A1 TIMES UDU-A
|ŠITA~a1×1(N06)|	PROTO-CUNEIFORM SIGN SHITA-A1 TIMES ONE-N6
ŠITA~a2	PROTO-CUNEIFORM SIGN SHITA-A2
ŠITA~a3	PROTO-CUNEIFORM SIGN SHITA-A3
ŠITA~b1	PROTO-CUNEIFORM SIGN SHITA-B1
ŠITA~b2	PROTO-CUNEIFORM SIGN SHITA-B2
|ŠITA~b2@g×HI@g~a|	PROTO-CUNEIFORM SIGN SHITA-B2 GUNU TIMES HI GUNU-A
ŠITA~b3	PROTO-CUNEIFORM SIGN SHITA-B3
|ŠITA~b3×NAM₂|	PROTO-CUNEIFORM SIGN SHITA-B3 TIMES NAM2
ŠITA~c	PROTO-CUNEIFORM SIGN SHITA-C
ŠITA@g~a	PROTO-CUNEIFORM SIGN SHITA GUNU-A
|ŠITA@g~a×1(N04)|	PROTO-CUNEIFORM SIGN SHITA GUNU-A TIMES ONE-N4
|ŠITA@g~a×1(N06)|	PROTO-CUNEIFORM SIGN SHITA GUNU-A TIMES ONE-N6
ŠITA@g~b	PROTO-CUNEIFORM SIGN SHITA GUNU-B
ŠU	PROTO-CUNEIFORM SIGN SHU
|ŠU×1(N58)|	PROTO-CUNEIFORM SIGN SHU TIMES ONE-N58
|ŠU&ŠU|	PROTO-CUNEIFORM SIGN SHU OVER SHU
ŠU@g	PROTO-CUNEIFORM SIGN SHU GUNU
ŠU@s	PROTO-CUNEIFORM SIGN SHU SHESHIG
ŠU₂	PROTO-CUNEIFORM SIGN SHU2
|ŠU₂.AN|	PROTO-CUNEIFORM SIGN SHU2 BESIDE AN
|ŠU₂.E₂~a|	PROTO-CUNEIFORM SIGN SHU2 BESIDE E2-A
|ŠU₂.E₂~b|	PROTO-CUNEIFORM SIGN SHU2 BESIDE E2-B
|ŠU₂.EN~a|	PROTO-CUNEIFORM SIGN SHU2 BESIDE EN-A
|ŠU₂.EN~b|	PROTO-CUNEIFORM SIGN SHU2 BESIDE EN-B
|ŠU₂.GIŠ|	PROTO-CUNEIFORM SIGN SHU2 BESIDE GISH
|ŠU₂.(HI×1(N57))&(HI×1(N57))|	PROTO-CUNEIFORM SIGN SHU2 BESIDE HI TIMES ONE-N57 OVER HI TIMES ONE-N57
|ŠU₂.PAP~a|	PROTO-CUNEIFORM SIGN SHU2 BESIDE PAP-A
|ŠU₂.URI₃~a|	PROTO-CUNEIFORM SIGN SHU2 BESIDE URI3-A
|ŠU₂.1(N02)|	PROTO-CUNEIFORM SIGN SHU2 BESIDE ONE-N2
|ŠU₂.1(N24)|	PROTO-CUNEIFORM SIGN SHU2 BESIDE ONE-N24
|ŠU₂.2(N57)|	PROTO-CUNEIFORM SIGN SHU2 BESIDE TWO-N57
|ŠU₂×3(N57)|	PROTO-CUNEIFORM SIGN SHU2 TIMES THREE-N57
ŠU₁₂	PROTO-CUNEIFORM SIGN SHU12
ŠUBUR	PROTO-CUNEIFORM SIGN SHUBUR
ŠUM	PROTO-CUNEIFORM SIGN SHUM
|ŠUR₂×1(N58)|	PROTO-CUNEIFORM SIGN SHUR2 TIMES ONE-N58
ŠUR₂~a	PROTO-CUNEIFORM SIGN SHUR2-A
ŠUR₂~b	PROTO-CUNEIFORM SIGN SHUR2-B
ŠUR₂~c	PROTO-CUNEIFORM SIGN SHUR2-C
ŠURUPPAK~a	PROTO-CUNEIFORM SIGN SHURUPPAK-A
ŠURUPPAK~b	PROTO-CUNEIFORM SIGN SHURUPPAK-B
ŠURUPPAK~c	PROTO-CUNEIFORM SIGN SHURUPPAK-C
TA~a	PROTO-CUNEIFORM SIGN TA-A
TA~b	PROTO-CUNEIFORM SIGN TA-B
TA~c	PROTO-CUNEIFORM SIGN TA-C
TA~d	PROTO-CUNEIFORM SIGN TA-D
|TA~d×MAŠ|	PROTO-CUNEIFORM SIGN TA-D TIMES MASH
TA~e	PROTO-CUNEIFORM SIGN TA-E
TA~f	PROTO-CUNEIFORM SIGN TA-F
TAG~a1	PROTO-CUNEIFORM SIGN TAG-A1
TAG~a1@t	PROTO-CUNEIFORM SIGN TAG-A1 TENU
TAG~a2	PROTO-CUNEIFORM SIGN TAG-A2
TAG~a3	PROTO-CUNEIFORM SIGN TAG-A3
TAG~a4	PROTO-CUNEIFORM SIGN TAG-A4
TAG~b	PROTO-CUNEIFORM SIGN TAG-B
TAG~c	PROTO-CUNEIFORM SIGN TAG-C
TAG~d	PROTO-CUNEIFORM SIGN TAG-D
TAK₄~a	PROTO-CUNEIFORM SIGN TAK4-A
TAK₄~a@n	PROTO-CUNEIFORM SIGN TAK4-A NUTILLU
TAK₄~c	PROTO-CUNEIFORM SIGN TAK4-C
TAR~a	PROTO-CUNEIFORM SIGN TAR-A
TAR~d	PROTO-CUNEIFORM SIGN TAR-D
TE	PROTO-CUNEIFORM SIGN TE
TI	PROTO-CUNEIFORM SIGN TI
TI@g	PROTO-CUNEIFORM SIGN TI GUNU
TI@r	PROTO-CUNEIFORM SIGN TI REVERSED
TI@t	PROTO-CUNEIFORM SIGN TI TENU
TIDNUM	PROTO-CUNEIFORM SIGN TIDNUM
TILLA₂	PROTO-CUNEIFORM SIGN TILLA2
TU~a	PROTO-CUNEIFORM SIGN TU-A
TU~b	PROTO-CUNEIFORM SIGN TU-B
TU~c	PROTO-CUNEIFORM SIGN TU-C
TUG₂~a	PROTO-CUNEIFORM SIGN TUG2-A
|TUG₂~a.BAD&BAD|	PROTO-CUNEIFORM SIGN TUG2-A BESIDE BAD OVER BAD
TUG₂~a@g	PROTO-CUNEIFORM SIGN TUG2-A GUNU
TUG₂~b	PROTO-CUNEIFORM SIGN TUG2-B
TUG₂~c	PROTO-CUNEIFORM SIGN TUG2-C
TUG₂~d	PROTO-CUNEIFORM SIGN TUG2-D
TUM~a	PROTO-CUNEIFORM SIGN TUM-A
TUM~a@g	PROTO-CUNEIFORM SIGN TUM-A GUNU
TUM~b	PROTO-CUNEIFORM SIGN TUM-B
TUM~c	PROTO-CUNEIFORM SIGN TUM-C
TUM~d	PROTO-CUNEIFORM SIGN TUM-D
TUN₃~a	PROTO-CUNEIFORM SIGN TUN3-A
TUN₃~b	PROTO-CUNEIFORM SIGN TUN3-B
TUN₃~c	PROTO-CUNEIFORM SIGN TUN3-C
TUR	PROTO-CUNEIFORM SIGN TUR
|TUR×X|	PROTO-CUNEIFORM SIGN TUR TIMES X
TUR@g	PROTO-CUNEIFORM SIGN TUR GUNU
TUR₃~a	PROTO-CUNEIFORM SIGN TUR3-A
|TUR₃~a.5(N57)|	PROTO-CUNEIFORM SIGN TUR3-A BESIDE FIVE-N57
TUR₃~a@n	PROTO-CUNEIFORM SIGN TUR3-A NUTILLU
TUR₃~b	PROTO-CUNEIFORM SIGN TUR3-B
|TUR₃~b×TAK₄~a|	PROTO-CUNEIFORM SIGN TUR3-B TIMES TAK4-A
TUR₃~c	PROTO-CUNEIFORM SIGN TUR3-C
U₂~a	PROTO-CUNEIFORM SIGN U2-A
U₂~b	PROTO-CUNEIFORM SIGN U2-B
U₂~c	PROTO-CUNEIFORM SIGN U2-C
U₄	PROTO-CUNEIFORM SIGN U4
|U₄.ŠU₂|	PROTO-CUNEIFORM SIGN U4 BESIDE SHU2
|U₄.1(N08)|	PROTO-CUNEIFORM SIGN U4 BESIDE ONE-N8
|U₄.2(N08)|	PROTO-CUNEIFORM SIGN U4 BESIDE TWO-N8
|U₄.3(N08)|	PROTO-CUNEIFORM SIGN U4 BESIDE THREE-N8
|U₄.4(N08)|	PROTO-CUNEIFORM SIGN U4 BESIDE FOUR-N8
|U₄.5(N08)|	PROTO-CUNEIFORM SIGN U4 BESIDE FIVE-N8
|U₄.6(N08)|	PROTO-CUNEIFORM SIGN U4 BESIDE SIX-N8
|U₄.7(N08)|	PROTO-CUNEIFORM SIGN U4 BESIDE SEVEN-N8
|U₄.8(N08)|	PROTO-CUNEIFORM SIGN U4 BESIDE EIGHT-N8
|U₄.1(N14)|	PROTO-CUNEIFORM SIGN U4 BESIDE ONE-N14
|U₄.1(N14).1(N08)|	PROTO-CUNEIFORM SIGN U4 BESIDE ONE-N14 BESIDE ONE-N8
|U₄.1(N14).3(N08)|	PROTO-CUNEIFORM SIGN U4 BESIDE ONE-N14 BESIDE THREE-N8
|U₄.1(N14).4(N08)|	PROTO-CUNEIFORM SIGN U4 BESIDE ONE-N14 BESIDE FOUR-N8
|U₄.1(N14).5(N08)|	PROTO-CUNEIFORM SIGN U4 BESIDE ONE-N14 BESIDE FIVE-N8
|U₄.1(N14).8(N08)|	PROTO-CUNEIFORM SIGN U4 BESIDE ONE-N14 BESIDE EIGHT-N8
|U₄.2(N14)|	PROTO-CUNEIFORM SIGN U4 BESIDE TWO-N14
|U₄.1(N24)|	PROTO-CUNEIFORM SIGN U4 BESIDE ONE-N24
|U₄×X|	PROTO-CUNEIFORM SIGN U4 TIMES X
|U₄×(X+2(N01))|	PROTO-CUNEIFORM SIGN U4 TIMES X JOINING TWO-N1
|U₄×1(N01)|	PROTO-CUNEIFORM SIGN U4 TIMES ONE-N1
|U₄×1(N01).5(N08)|	PROTO-CUNEIFORM SIGN U4 TIMES ONE-N1 BESIDE FIVE-N8
|U₄×(1(N01).1(N24))|	PROTO-CUNEIFORM SIGN U4 TIMES ONE-N1 PLUS ONE-N24
|U₄×2(N01)|	PROTO-CUNEIFORM SIGN U4 TIMES TWO-N1
|U₄×2(N01).X|	PROTO-CUNEIFORM SIGN U4 TIMES TWO-N1 BESIDE X
|U₄×2(N01).2(N14)|	PROTO-CUNEIFORM SIGN U4 TIMES TWO-N1 BESIDE TWO-N14
|U₄×2(N01).2(N14).1(N08)|	PROTO-CUNEIFORM SIGN U4 TIMES TWO-N1 BESIDE TWO-N14 BESIDE ONE-N8
|U₄×3(N01)|	PROTO-CUNEIFORM SIGN U4 TIMES THREE-N1
|U₄×3(N01).3(N08)|	PROTO-CUNEIFORM SIGN U4 TIMES THREE-N1 BESIDE THREE-N8
|U₄×4(N01)|	PROTO-CUNEIFORM SIGN U4 TIMES FOUR-N1
|U₄×4(N01).2(N14)|	PROTO-CUNEIFORM SIGN U4 TIMES FOUR-N1 BESIDE TWO-N14
|U₄×5(N01)|	PROTO-CUNEIFORM SIGN U4 TIMES FIVE-N1
|U₄×5(N01).1(N14)|	PROTO-CUNEIFORM SIGN U4 TIMES FIVE-N1 BESIDE ONE-N14
|U₄×6(N01)|	PROTO-CUNEIFORM SIGN U4 TIMES SIX-N1
|U₄×8(N01)|	PROTO-CUNEIFORM SIGN U4 TIMES EIGHT-N1
|U₄×8(N01).X|	PROTO-CUNEIFORM SIGN U4 TIMES EIGHT-N1 BESIDE X
|U₄×N(N01)|	PROTO-CUNEIFORM SIGN U4 TIMES N-N1
|U₄×1(N01@f)|	PROTO-CUNEIFORM SIGN U4 TIMES ONE-N1 FLAT
|U₄×1(N14)|	PROTO-CUNEIFORM SIGN U4 TIMES ONE-N14
|U₄×(1(N14).1(N01))|	PROTO-CUNEIFORM SIGN U4 TIMES ONE-N14 PLUS ONE-N1
|U₄×(1(N14).2(N01))|	PROTO-CUNEIFORM SIGN U4 TIMES ONE-N14 PLUS TWO-N1
|U₄×(1(N14).3(N01))|	PROTO-CUNEIFORM SIGN U4 TIMES ONE-N14 PLUS THREE-N1
|U₄×(1(N14).3(N01)).1(N14).4(N08)|	PROTO-CUNEIFORM SIGN U4 TIMES ONE-N14 PLUS THREE-N1 BESIDE ONE-N14 BESIDE FOUR-N8
|U₄×(1(N14).4(N01))|	PROTO-CUNEIFORM SIGN U4 TIMES ONE-N14 PLUS FOUR-N1
|U₄×(1(N14).8(N01))|	PROTO-CUNEIFORM SIGN U4 TIMES ONE-N14 PLUS EIGHT-N1
|U₄×2(N14)|	PROTO-CUNEIFORM SIGN U4 TIMES TWO-N14
|U₄×(2(N14).4(N01))|	PROTO-CUNEIFORM SIGN U4 TIMES TWO-N14 PLUS FOUR-N1
|U₄×(3(N14).2(N01))|	PROTO-CUNEIFORM SIGN U4 TIMES THREE-N14 PLUS TWO-N1
|U₄×(3(N14).7(N01))|	PROTO-CUNEIFORM SIGN U4 TIMES THREE-N14 PLUS SEVEN-N1
|U₄×1(N57)|	PROTO-CUNEIFORM SIGN U4 TIMES ONE-N57
|U₄×2(N57)|	PROTO-CUNEIFORM SIGN U4 TIMES TWO-N57
|U₄×3(N57)|	PROTO-CUNEIFORM SIGN U4 TIMES THREE-N57
|U₄×4(N57)|	PROTO-CUNEIFORM SIGN U4 TIMES FOUR-N57
|U₄×5(N57)|	PROTO-CUNEIFORM SIGN U4 TIMES FIVE-N57
|U₄×6(N57)|	PROTO-CUNEIFORM SIGN U4 TIMES SIX-N57
|U₄×7(N57)|	PROTO-CUNEIFORM SIGN U4 TIMES SEVEN-N57
|U₄×8(N57)|	PROTO-CUNEIFORM SIGN U4 TIMES EIGHT-N57
|U₄×10(N57)|	PROTO-CUNEIFORM SIGN U4 TIMES ONE-N57
|U₄×1(N58@t)|	PROTO-CUNEIFORM SIGN U4 TIMES ONE-N58 TENU
U₄@t	PROTO-CUNEIFORM SIGN U4 TENU
U₈	PROTO-CUNEIFORM SIGN U8
|U₈×TAR~b|	PROTO-CUNEIFORM SIGN U8 TIMES TAR-B
UB	PROTO-CUNEIFORM SIGN UB
UBI~a	PROTO-CUNEIFORM SIGN UBI-A
UBI~c	PROTO-CUNEIFORM SIGN UBI-C
UBI~d	PROTO-CUNEIFORM SIGN UBI-D
UD₅~a	PROTO-CUNEIFORM SIGN UD5-A
UD₅~a@g	PROTO-CUNEIFORM SIGN UD5-A GUNU
UD₅~b	PROTO-CUNEIFORM SIGN UD5-B
UD₅~c	PROTO-CUNEIFORM SIGN UD5-C
UDU~a	PROTO-CUNEIFORM SIGN UDU-A
|UDU~a×TAR~a|	PROTO-CUNEIFORM SIGN UDU-A TIMES TAR-A
|UDU~a×TAR~b|	PROTO-CUNEIFORM SIGN UDU-A TIMES TAR-B
UDU~b	PROTO-CUNEIFORM SIGN UDU-B
UDU~c	PROTO-CUNEIFORM SIGN UDU-C
UDUNITA~a	PROTO-CUNEIFORM SIGN UDUNITA-A
UDUNITA~b	PROTO-CUNEIFORM SIGN UDUNITA-B
UDUNITA~c	PROTO-CUNEIFORM SIGN UDUNITA-C
UH	PROTO-CUNEIFORM SIGN UH
UH₃~a	PROTO-CUNEIFORM SIGN UH3-A
UH₃~a@t	PROTO-CUNEIFORM SIGN UH3-A TENU
UH₃~b	PROTO-CUNEIFORM SIGN UH3-B
UKKIN~a	PROTO-CUNEIFORM SIGN UKKIN-A
UKKIN~b	PROTO-CUNEIFORM SIGN UKKIN-B
|UKKIN~b×DIN|	PROTO-CUNEIFORM SIGN UKKIN-B TIMES DIN
|UKKIN~b×(DIN.1(N01))|	PROTO-CUNEIFORM SIGN UKKIN-B TIMES DIN PLUS ONE-N1
|UKKIN~b×DUG~a|	PROTO-CUNEIFORM SIGN UKKIN-B TIMES DUG-A
|UKKIN~b×HI@g~a|	PROTO-CUNEIFORM SIGN UKKIN-B TIMES HI GUNU-A
|UKKIN~b×NI~a|	PROTO-CUNEIFORM SIGN UKKIN-B TIMES NI-A
|UKKIN~b×X|	PROTO-CUNEIFORM SIGN UKKIN-B TIMES X
|UKKIN~b×2(N01)|	PROTO-CUNEIFORM SIGN UKKIN-B TIMES TWO-N1
|UKKIN~b×3(N01)|	PROTO-CUNEIFORM SIGN UKKIN-B TIMES THREE-N1
|UKKIN~b×5(N01)|	PROTO-CUNEIFORM SIGN UKKIN-B TIMES FIVE-N1
UKKIN~c	PROTO-CUNEIFORM SIGN UKKIN-C
UKKIN~d	PROTO-CUNEIFORM SIGN UKKIN-D
UMBIN~a	PROTO-CUNEIFORM SIGN UMBIN-A
UMBIN~b1	PROTO-CUNEIFORM SIGN UMBIN-B1
UMBIN~b2	PROTO-CUNEIFORM SIGN UMBIN-B2
UMBIN~c	PROTO-CUNEIFORM SIGN UMBIN-C
UMUN₂	PROTO-CUNEIFORM SIGN UMUN2
UNUG~a	PROTO-CUNEIFORM SIGN UNUG-A
|UNUG~a×A@t|	PROTO-CUNEIFORM SIGN UNUG-A TIMES A TENU
UNUG~a@s	PROTO-CUNEIFORM SIGN UNUG-A SHESHIG
UNUG~b	PROTO-CUNEIFORM SIGN UNUG-B
UNUG~c	PROTO-CUNEIFORM SIGN UNUG-C
UR~a	PROTO-CUNEIFORM SIGN UR-A
|UR~a×KAR₂~b|	PROTO-CUNEIFORM SIGN UR-A TIMES KAR2-B
UR~a@g	PROTO-CUNEIFORM SIGN UR-A GUNU
UR~b	PROTO-CUNEIFORM SIGN UR-B
UR~c	PROTO-CUNEIFORM SIGN UR-C
UR₂	PROTO-CUNEIFORM SIGN UR2
|UR₂×TAR~c|	PROTO-CUNEIFORM SIGN UR2 TIMES TAR-C
|UR₂×1(N57)|	PROTO-CUNEIFORM SIGN UR2 TIMES ONE-N57
UR₃~a1	PROTO-CUNEIFORM SIGN UR3-A1
UR₃~a2	PROTO-CUNEIFORM SIGN UR3-A2
UR₃~a3	PROTO-CUNEIFORM SIGN UR3-A3
UR₃~b1	PROTO-CUNEIFORM SIGN UR3-B1
|UR₃~b1×MAŠ|	PROTO-CUNEIFORM SIGN UR3-B1 TIMES MASH
UR₃~b2	PROTO-CUNEIFORM SIGN UR3-B2
UR₃~d2	PROTO-CUNEIFORM SIGN UR3-D2
UR₄~a	PROTO-CUNEIFORM SIGN UR4-A
UR₄~b	PROTO-CUNEIFORM SIGN UR4-B
UR₄~c	PROTO-CUNEIFORM SIGN UR4-C
UR₅~a	PROTO-CUNEIFORM SIGN UR5-A
UR₅~b	PROTO-CUNEIFORM SIGN UR5-B
URI	PROTO-CUNEIFORM SIGN URI
URI₂	PROTO-CUNEIFORM SIGN URI2
URI₃~a	PROTO-CUNEIFORM SIGN URI3-A
|URI₃~a+IB~a|	PROTO-CUNEIFORM SIGN URI3-A JOINING IB-A
URI₃~b	PROTO-CUNEIFORM SIGN URI3-B
URI₅	PROTO-CUNEIFORM SIGN URI5
URU~a1	PROTO-CUNEIFORM SIGN URU-A1
|URU~a1×A|	PROTO-CUNEIFORM SIGN URU-A1 TIMES A
|URU~a1×AMAR|	PROTO-CUNEIFORM SIGN URU-A1 TIMES AMAR
|URU~a1×GU₄|	PROTO-CUNEIFORM SIGN URU-A1 TIMES GU4
|URU~a1×HI@g~a|	PROTO-CUNEIFORM SIGN URU-A1 TIMES HI GUNU-A
|URU~a1×KI|	PROTO-CUNEIFORM SIGN URU-A1 TIMES KI
|URU~a1×NIMGIR|	PROTO-CUNEIFORM SIGN URU-A1 TIMES NIMGIR
|URU~a1×U₄|	PROTO-CUNEIFORM SIGN URU-A1 TIMES U4
|URU~a1×X|	PROTO-CUNEIFORM SIGN URU-A1 TIMES X
|URU~a1×1(N57)|	PROTO-CUNEIFORM SIGN URU-A1 TIMES ONE-N57
|URU~a1×2(N57)|	PROTO-CUNEIFORM SIGN URU-A1 TIMES TWO-N57
|URU~a1×3(N57)|	PROTO-CUNEIFORM SIGN URU-A1 TIMES THREE-N57
URU~a1@n	PROTO-CUNEIFORM SIGN URU-A1 NUTILLU
URU~a2	PROTO-CUNEIFORM SIGN URU-A2
|URU~a2×1(N58)|	PROTO-CUNEIFORM SIGN URU-A2 TIMES ONE-N58
|URU~a3×KALAM~a|	PROTO-CUNEIFORM SIGN URU-A3 TIMES KALAM-A
URU~b1	PROTO-CUNEIFORM SIGN URU-B1
URU~b2	PROTO-CUNEIFORM SIGN URU-B2
URU~c	PROTO-CUNEIFORM SIGN URU-C
URUDU~a	PROTO-CUNEIFORM SIGN URUDU-A
URUDU~c	PROTO-CUNEIFORM SIGN URUDU-C
URUDU~d	PROTO-CUNEIFORM SIGN URUDU-D
URUDU@g~a	PROTO-CUNEIFORM SIGN URUDU GUNU-A
URUDU@g~b	PROTO-CUNEIFORM SIGN URUDU GUNU-B
URUDU@g~c	PROTO-CUNEIFORM SIGN URUDU GUNU-C
URUDU@g~d	PROTO-CUNEIFORM SIGN URUDU GUNU-D
UŠ~a	PROTO-CUNEIFORM SIGN USH-A
|UŠ~a&UŠ~a|	PROTO-CUNEIFORM SIGN USH-A OVER USH-A
UŠ~b	PROTO-CUNEIFORM SIGN USH-B
|UŠ~b×TAR~c|	PROTO-CUNEIFORM SIGN USH-B TIMES TAR-C
|UŠ~b×TAR~d|	PROTO-CUNEIFORM SIGN USH-B TIMES TAR-D
|UŠ~b&UŠ~b|	PROTO-CUNEIFORM SIGN USH-B OVER USH-B
UŠUMGAL	PROTO-CUNEIFORM SIGN USHUMGAL
UŠUR₃~a	PROTO-CUNEIFORM SIGN USHUR3-A
UŠUR₃~b1	PROTO-CUNEIFORM SIGN USHUR3-B1
UŠUR₃~b2	PROTO-CUNEIFORM SIGN USHUR3-B2
UTUA~a	PROTO-CUNEIFORM SIGN UTUA-A
UTUA~a@t	PROTO-CUNEIFORM SIGN UTUA-A TENU
UTUA~b	PROTO-CUNEIFORM SIGN UTUA-B
UTUL~a	PROTO-CUNEIFORM SIGN UTUL-A
UTUL~b	PROTO-CUNEIFORM SIGN UTUL-B
UTUL~c	PROTO-CUNEIFORM SIGN UTUL-C
UTUL~d	PROTO-CUNEIFORM SIGN UTUL-D
UZ~a	PROTO-CUNEIFORM SIGN UZ-A
UZU	PROTO-CUNEIFORM SIGN UZU
X₂	PROTO-CUNEIFORM SIGN X2
ZA~v	PROTO-CUNEIFORM SIGN ZA-V
ZABALAM~a	PROTO-CUNEIFORM SIGN ZABALAM-A
ZABALAM~b	PROTO-CUNEIFORM SIGN ZABALAM-B
ZADIM	PROTO-CUNEIFORM SIGN ZADIM
ZAG~a	PROTO-CUNEIFORM SIGN ZAG-A
ZAG~b	PROTO-CUNEIFORM SIGN ZAG-B
ZAG~c	PROTO-CUNEIFORM SIGN ZAG-C
ZAR~a	PROTO-CUNEIFORM SIGN ZAR-A
ZAR~b1	PROTO-CUNEIFORM SIGN ZAR-B1
ZAR~b2	PROTO-CUNEIFORM SIGN ZAR-B2
ZAR~c	PROTO-CUNEIFORM SIGN ZAR-C
ZATU620	PROTO-CUNEIFORM SIGN ZATU620
ZATU621~a	PROTO-CUNEIFORM SIGN ZATU621~a
ZATU621~b	PROTO-CUNEIFORM SIGN ZATU621~b
ZATU621~c	PROTO-CUNEIFORM SIGN ZATU621~c
ZATU621~d	PROTO-CUNEIFORM SIGN ZATU621~d
ZATU622	PROTO-CUNEIFORM SIGN ZATU622
ZATU623	PROTO-CUNEIFORM SIGN ZATU623
ZATU624~a	PROTO-CUNEIFORM SIGN ZATU624~a
ZATU624~b	PROTO-CUNEIFORM SIGN ZATU624~b
ZATU624~c	PROTO-CUNEIFORM SIGN ZATU624~c
ZATU625	PROTO-CUNEIFORM SIGN ZATU625
ZATU626~a	PROTO-CUNEIFORM SIGN ZATU626~a
ZATU626~b	PROTO-CUNEIFORM SIGN ZATU626~b
ZATU626~c	PROTO-CUNEIFORM SIGN ZATU626~c
ZATU627	PROTO-CUNEIFORM SIGN ZATU627
ZATU628~a	PROTO-CUNEIFORM SIGN ZATU628~a
ZATU628~b	PROTO-CUNEIFORM SIGN ZATU628~b
ZATU629	PROTO-CUNEIFORM SIGN ZATU629
ZATU630	PROTO-CUNEIFORM SIGN ZATU630
ZATU631	PROTO-CUNEIFORM SIGN ZATU631
ZATU632~a	PROTO-CUNEIFORM SIGN ZATU632~a
ZATU632~b	PROTO-CUNEIFORM SIGN ZATU632~b
ZATU632~c	PROTO-CUNEIFORM SIGN ZATU632~c
ZATU633~a	PROTO-CUNEIFORM SIGN ZATU633~a
ZATU633~b	PROTO-CUNEIFORM SIGN ZATU633~b
ZATU634	PROTO-CUNEIFORM SIGN ZATU634
ZATU635	PROTO-CUNEIFORM SIGN ZATU635
ZATU636	PROTO-CUNEIFORM SIGN ZATU636
ZATU637	PROTO-CUNEIFORM SIGN ZATU637
ZATU639	PROTO-CUNEIFORM SIGN ZATU639
ZATU640	PROTO-CUNEIFORM SIGN ZATU640
ZATU641	PROTO-CUNEIFORM SIGN ZATU641
ZATU642	PROTO-CUNEIFORM SIGN ZATU642
ZATU643	PROTO-CUNEIFORM SIGN ZATU643
ZATU644~a	PROTO-CUNEIFORM SIGN ZATU644~a
|ZATU644~a×1(N14)|	PROTO-CUNEIFORM SIGN ZATU644-A TIMES ONE-N14
ZATU644~b	PROTO-CUNEIFORM SIGN ZATU644~b
ZATU646	PROTO-CUNEIFORM SIGN ZATU646
ZATU647	PROTO-CUNEIFORM SIGN ZATU647
ZATU648	PROTO-CUNEIFORM SIGN ZATU648
ZATU649	PROTO-CUNEIFORM SIGN ZATU649
ZATU650	PROTO-CUNEIFORM SIGN ZATU650
ZATU651	PROTO-CUNEIFORM SIGN ZATU651
|ZATU651×AN|	PROTO-CUNEIFORM SIGN ZATU651 TIMES AN
|ZATU651×EN~a|	PROTO-CUNEIFORM SIGN ZATU651 TIMES EN-A
|ZATU651×GAR|	PROTO-CUNEIFORM SIGN ZATU651 TIMES GAR
|ZATU651×MA|	PROTO-CUNEIFORM SIGN ZATU651 TIMES MA
|ZATU651×NUN~a|	PROTO-CUNEIFORM SIGN ZATU651 TIMES NUN-A
|ZATU651×ŠE~a|	PROTO-CUNEIFORM SIGN ZATU651 TIMES SHE-A
|ZATU651×X|	PROTO-CUNEIFORM SIGN ZATU651 TIMES X
|ZATU651×ZAR~c|	PROTO-CUNEIFORM SIGN ZATU651 TIMES ZAR-C
ZATU651@g	PROTO-CUNEIFORM SIGN ZATU651@g
ZATU659	PROTO-CUNEIFORM SIGN ZATU659
|ZATU659×1(N01)|	PROTO-CUNEIFORM SIGN ZATU659 TIMES ONE-N1
|ZATU659×1(N14)|	PROTO-CUNEIFORM SIGN ZATU659 TIMES ONE-N14
|ZATU659×1(N58@t)|	PROTO-CUNEIFORM SIGN ZATU659 TIMES ONE-N58 TENU
ZATU659@t	PROTO-CUNEIFORM SIGN ZATU659@t
ZATU662	PROTO-CUNEIFORM SIGN ZATU662
|ZATU662×1(N14)|	PROTO-CUNEIFORM SIGN ZATU662 TIMES ONE-N14
ZATU664	PROTO-CUNEIFORM SIGN ZATU664
ZATU665	PROTO-CUNEIFORM SIGN ZATU665
ZATU666	PROTO-CUNEIFORM SIGN ZATU666
ZATU667	PROTO-CUNEIFORM SIGN ZATU667
ZATU668	PROTO-CUNEIFORM SIGN ZATU668
ZATU669	PROTO-CUNEIFORM SIGN ZATU669
ZATU670	PROTO-CUNEIFORM SIGN ZATU670
ZATU672	PROTO-CUNEIFORM SIGN ZATU672
ZATU674	PROTO-CUNEIFORM SIGN ZATU674
ZATU675~a	PROTO-CUNEIFORM SIGN ZATU675~a
ZATU675~b	PROTO-CUNEIFORM SIGN ZATU675~b
ZATU675~c	PROTO-CUNEIFORM SIGN ZATU675~c
ZATU675~d	PROTO-CUNEIFORM SIGN ZATU675~d
ZATU676~a	PROTO-CUNEIFORM SIGN ZATU676~a
ZATU676~b	PROTO-CUNEIFORM SIGN ZATU676~b
ZATU677~a	PROTO-CUNEIFORM SIGN ZATU677~a
ZATU677~b	PROTO-CUNEIFORM SIGN ZATU677~b
ZATU678	PROTO-CUNEIFORM SIGN ZATU678
ZATU679	PROTO-CUNEIFORM SIGN ZATU679
ZATU680~a1	PROTO-CUNEIFORM SIGN ZATU680~a1
ZATU680~a2	PROTO-CUNEIFORM SIGN ZATU680~a2
ZATU680~b	PROTO-CUNEIFORM SIGN ZATU680~b
ZATU680~d	PROTO-CUNEIFORM SIGN ZATU680~d
ZATU680~e	PROTO-CUNEIFORM SIGN ZATU680~e
ZATU681	PROTO-CUNEIFORM SIGN ZATU681
ZATU682	PROTO-CUNEIFORM SIGN ZATU682
ZATU683~a	PROTO-CUNEIFORM SIGN ZATU683~a
ZATU683~b	PROTO-CUNEIFORM SIGN ZATU683~b
ZATU683@t	PROTO-CUNEIFORM SIGN ZATU683@t
ZATU684	PROTO-CUNEIFORM SIGN ZATU684
ZATU685	PROTO-CUNEIFORM SIGN ZATU685
ZATU686~a	PROTO-CUNEIFORM SIGN ZATU686~a
ZATU686~b	PROTO-CUNEIFORM SIGN ZATU686~b
ZATU686~c	PROTO-CUNEIFORM SIGN ZATU686~c
ZATU687	PROTO-CUNEIFORM SIGN ZATU687
ZATU688~a	PROTO-CUNEIFORM SIGN ZATU688~a
ZATU688~b	PROTO-CUNEIFORM SIGN ZATU688~b
ZATU689	PROTO-CUNEIFORM SIGN ZATU689
ZATU690	PROTO-CUNEIFORM SIGN ZATU690
ZATU691	PROTO-CUNEIFORM SIGN ZATU691
ZATU692	PROTO-CUNEIFORM SIGN ZATU692
ZATU693	PROTO-CUNEIFORM SIGN ZATU693
ZATU693@t	PROTO-CUNEIFORM SIGN ZATU693@t
ZATU694~a	PROTO-CUNEIFORM SIGN ZATU694~a
ZATU694~b	PROTO-CUNEIFORM SIGN ZATU694~b
ZATU694~c	PROTO-CUNEIFORM SIGN ZATU694~c
ZATU694~d	PROTO-CUNEIFORM SIGN ZATU694~d
ZATU694~d@t	PROTO-CUNEIFORM SIGN ZATU694~d@t
ZATU694~e	PROTO-CUNEIFORM SIGN ZATU694~e
ZATU695	PROTO-CUNEIFORM SIGN ZATU695
ZATU696	PROTO-CUNEIFORM SIGN ZATU696
ZATU697~a	PROTO-CUNEIFORM SIGN ZATU697~a
ZATU697~b	PROTO-CUNEIFORM SIGN ZATU697~b
ZATU697~c	PROTO-CUNEIFORM SIGN ZATU697~c
ZATU699~a	PROTO-CUNEIFORM SIGN ZATU699~a
ZATU699~b	PROTO-CUNEIFORM SIGN ZATU699~b
ZATU700	PROTO-CUNEIFORM SIGN ZATU700
ZATU701	PROTO-CUNEIFORM SIGN ZATU701
ZATU702	PROTO-CUNEIFORM SIGN ZATU702
ZATU703	PROTO-CUNEIFORM SIGN ZATU703
ZATU704	PROTO-CUNEIFORM SIGN ZATU704
ZATU705	PROTO-CUNEIFORM SIGN ZATU705
ZATU706	PROTO-CUNEIFORM SIGN ZATU706
ZATU707~a	PROTO-CUNEIFORM SIGN ZATU707~a
ZATU707~b	PROTO-CUNEIFORM SIGN ZATU707~b
ZATU708	PROTO-CUNEIFORM SIGN ZATU708
ZATU709	PROTO-CUNEIFORM SIGN ZATU709
ZATU710	PROTO-CUNEIFORM SIGN ZATU710
ZATU711	PROTO-CUNEIFORM SIGN ZATU711
|ZATU711×HI@g~a|	PROTO-CUNEIFORM SIGN ZATU711 TIMES HI GUNU-A
|ZATU711×X|	PROTO-CUNEIFORM SIGN ZATU711 TIMES X
ZATU713	PROTO-CUNEIFORM SIGN ZATU713
ZATU714	PROTO-CUNEIFORM SIGN ZATU714
|ZATU714.RU|	PROTO-CUNEIFORM SIGN ZATU714 BESIDE RU
|ZATU714×HI@g~a|	PROTO-CUNEIFORM SIGN ZATU714 TIMES HI GUNU-A
|ZATU714×X|	PROTO-CUNEIFORM SIGN ZATU714 TIMES X
ZATU717	PROTO-CUNEIFORM SIGN ZATU717
ZATU718	PROTO-CUNEIFORM SIGN ZATU718
ZATU719	PROTO-CUNEIFORM SIGN ZATU719
ZATU720	PROTO-CUNEIFORM SIGN ZATU720
ZATU721	PROTO-CUNEIFORM SIGN ZATU721
ZATU722	PROTO-CUNEIFORM SIGN ZATU722
ZATU723	PROTO-CUNEIFORM SIGN ZATU723
ZATU724	PROTO-CUNEIFORM SIGN ZATU724
ZATU725	PROTO-CUNEIFORM SIGN ZATU725
ZATU726~a	PROTO-CUNEIFORM SIGN ZATU726~a
ZATU726~c	PROTO-CUNEIFORM SIGN ZATU726~c
ZATU726~d	PROTO-CUNEIFORM SIGN ZATU726~d
ZATU727	PROTO-CUNEIFORM SIGN ZATU727
ZATU728	PROTO-CUNEIFORM SIGN ZATU728
ZATU729	PROTO-CUNEIFORM SIGN ZATU729
ZATU730	PROTO-CUNEIFORM SIGN ZATU730
ZATU732	PROTO-CUNEIFORM SIGN ZATU732
ZATU733	PROTO-CUNEIFORM SIGN ZATU733
ZATU734	PROTO-CUNEIFORM SIGN ZATU734
ZATU735~a	PROTO-CUNEIFORM SIGN ZATU735~a
ZATU735~b	PROTO-CUNEIFORM SIGN ZATU735~b
ZATU735~c	PROTO-CUNEIFORM SIGN ZATU735~c
ZATU736~a	PROTO-CUNEIFORM SIGN ZATU736~a
ZATU736~b	PROTO-CUNEIFORM SIGN ZATU736~b
ZATU737	PROTO-CUNEIFORM SIGN ZATU737
|ZATU737×AB~a|	PROTO-CUNEIFORM SIGN ZATU737 TIMES AB-A
|ZATU737×BU~a|	PROTO-CUNEIFORM SIGN ZATU737 TIMES BU-A
|ZATU737×BUR~a|	PROTO-CUNEIFORM SIGN ZATU737 TIMES BUR-A
|ZATU737×DI|	PROTO-CUNEIFORM SIGN ZATU737 TIMES DI
|ZATU737×E~a|	PROTO-CUNEIFORM SIGN ZATU737 TIMES E-A
|ZATU737×EN~a|	PROTO-CUNEIFORM SIGN ZATU737 TIMES EN-A
|ZATU737×EN~b|	PROTO-CUNEIFORM SIGN ZATU737 TIMES EN-B
|ZATU737×GAR|	PROTO-CUNEIFORM SIGN ZATU737 TIMES GAR
|ZATU737×I|	PROTO-CUNEIFORM SIGN ZATU737 TIMES I
|ZATU737×NI~a@g|	PROTO-CUNEIFORM SIGN ZATU737 TIMES NI-A GUNU
|ZATU737×NIMGIR|	PROTO-CUNEIFORM SIGN ZATU737 TIMES NIMGIR
|ZATU737×SAL|	PROTO-CUNEIFORM SIGN ZATU737 TIMES SAL
|ZATU737×SU~a|	PROTO-CUNEIFORM SIGN ZATU737 TIMES SU-A
|ZATU737×ŠE~a|	PROTO-CUNEIFORM SIGN ZATU737 TIMES SHE-A
|ZATU737×ŠITA~a1|	PROTO-CUNEIFORM SIGN ZATU737 TIMES SHITA-A1
|ZATU737×ŠITA~b1@g|	PROTO-CUNEIFORM SIGN ZATU737 TIMES SHITA-B1 GUNU
|ZATU737×U₄|	PROTO-CUNEIFORM SIGN ZATU737 TIMES U4
|ZATU737×UNUG~a|	PROTO-CUNEIFORM SIGN ZATU737 TIMES UNUG-A
|ZATU737×X|	PROTO-CUNEIFORM SIGN ZATU737 TIMES X
|ZATU737@t×PAP~a|	PROTO-CUNEIFORM SIGN ZATU737 TENU TIMES PAP-A
ZATU749~a	PROTO-CUNEIFORM SIGN ZATU749~a
ZATU749~b	PROTO-CUNEIFORM SIGN ZATU749~b
ZATU749~c	PROTO-CUNEIFORM SIGN ZATU749~c
ZATU750	PROTO-CUNEIFORM SIGN ZATU750
ZATU751~a	PROTO-CUNEIFORM SIGN ZATU751~a
ZATU751~b	PROTO-CUNEIFORM SIGN ZATU751~b
ZATU751~c	PROTO-CUNEIFORM SIGN ZATU751~c
ZATU752	PROTO-CUNEIFORM SIGN ZATU752
ZATU753	PROTO-CUNEIFORM SIGN ZATU753
ZATU754	PROTO-CUNEIFORM SIGN ZATU754
ZATU755~a	PROTO-CUNEIFORM SIGN ZATU755~a
ZATU755~b	PROTO-CUNEIFORM SIGN ZATU755~b
ZATU756	PROTO-CUNEIFORM SIGN ZATU756
ZATU757	PROTO-CUNEIFORM SIGN ZATU757
ZATU758	PROTO-CUNEIFORM SIGN ZATU758
ZATU759	PROTO-CUNEIFORM SIGN ZATU759
|ZATU759×KU₆~a|	PROTO-CUNEIFORM SIGN ZATU759 TIMES KU6-A
|ZATU759×(KU₆~a+KU₆~a)|	PROTO-CUNEIFORM SIGN ZATU759 TIMES KU6-A JOINING KU6-A
|ZATU759×KU₆~d|	PROTO-CUNEIFORM SIGN ZATU759 TIMES KU6-D
|ZATU759×X|	PROTO-CUNEIFORM SIGN ZATU759 TIMES X
|ZATU759@t×X|	PROTO-CUNEIFORM SIGN ZATU759 TENU TIMES X
ZATU761	PROTO-CUNEIFORM SIGN ZATU761
ZATU762~a	PROTO-CUNEIFORM SIGN ZATU762~a
|ZATU762~a×NIM~a|	PROTO-CUNEIFORM SIGN ZATU762-A TIMES NIM-A
ZATU762~b	PROTO-CUNEIFORM SIGN ZATU762~b
|ZATU762~b×AB~a|	PROTO-CUNEIFORM SIGN ZATU762-B TIMES AB-A
ZATU764	PROTO-CUNEIFORM SIGN ZATU764
ZATU765	PROTO-CUNEIFORM SIGN ZATU765
ZATU766	PROTO-CUNEIFORM SIGN ZATU766
ZATU767	PROTO-CUNEIFORM SIGN ZATU767
ZATU768	PROTO-CUNEIFORM SIGN ZATU768
ZATU769	PROTO-CUNEIFORM SIGN ZATU769
ZATU771	PROTO-CUNEIFORM SIGN ZATU771
ZATU772	PROTO-CUNEIFORM SIGN ZATU772
ZATU773~a	PROTO-CUNEIFORM SIGN ZATU773~a
ZATU773~b	PROTO-CUNEIFORM SIGN ZATU773~b
ZATU774	PROTO-CUNEIFORM SIGN ZATU774
ZATU775	PROTO-CUNEIFORM SIGN ZATU775
ZATU776	PROTO-CUNEIFORM SIGN ZATU776
ZATU777	PROTO-CUNEIFORM SIGN ZATU777
ZATU778	PROTO-CUNEIFORM SIGN ZATU778
ZATU779	PROTO-CUNEIFORM SIGN ZATU779
ZATU780	PROTO-CUNEIFORM SIGN ZATU780
ZATU781	PROTO-CUNEIFORM SIGN ZATU781
ZATU782	PROTO-CUNEIFORM SIGN ZATU782
ZATU783	PROTO-CUNEIFORM SIGN ZATU783
ZATU784	PROTO-CUNEIFORM SIGN ZATU784
ZATU785	PROTO-CUNEIFORM SIGN ZATU785
ZATU786	PROTO-CUNEIFORM SIGN ZATU786
ZATU787	PROTO-CUNEIFORM SIGN ZATU787
ZATU788	PROTO-CUNEIFORM SIGN ZATU788
ZATU789	PROTO-CUNEIFORM SIGN ZATU789
ZATU791	PROTO-CUNEIFORM SIGN ZATU791
ZATU792	PROTO-CUNEIFORM SIGN ZATU792
ZATU795	PROTO-CUNEIFORM SIGN ZATU795
ZATU797	PROTO-CUNEIFORM SIGN ZATU797
ZATU798	PROTO-CUNEIFORM SIGN ZATU798
ZATU799	PROTO-CUNEIFORM SIGN ZATU799
ZATU800	PROTO-CUNEIFORM SIGN ZATU800
ZATU801	PROTO-CUNEIFORM SIGN ZATU801
ZATU802	PROTO-CUNEIFORM SIGN ZATU802
ZATU802~b	PROTO-CUNEIFORM SIGN ZATU802~b
ZATU803	PROTO-CUNEIFORM SIGN ZATU803
ZATU804	PROTO-CUNEIFORM SIGN ZATU804
ZATU805	PROTO-CUNEIFORM SIGN ZATU805
ZATU806	PROTO-CUNEIFORM SIGN ZATU806
ZATU807	PROTO-CUNEIFORM SIGN ZATU807
ZATU808	PROTO-CUNEIFORM SIGN ZATU808
ZATU809	PROTO-CUNEIFORM SIGN ZATU809
ZATU810	PROTO-CUNEIFORM SIGN ZATU810
ZATU811	PROTO-CUNEIFORM SIGN ZATU811
ZATU812	PROTO-CUNEIFORM SIGN ZATU812
ZATU813	PROTO-CUNEIFORM SIGN ZATU813
ZATU814	PROTO-CUNEIFORM SIGN ZATU814
ZATU815	PROTO-CUNEIFORM SIGN ZATU815
ZATU817	PROTO-CUNEIFORM SIGN ZATU817
ZATU818	PROTO-CUNEIFORM SIGN ZATU818
ZATU819	PROTO-CUNEIFORM SIGN ZATU819
ZATU820	PROTO-CUNEIFORM SIGN ZATU820
ZATU821	PROTO-CUNEIFORM SIGN ZATU821
ZATU822	PROTO-CUNEIFORM SIGN ZATU822
ZATU823	PROTO-CUNEIFORM SIGN ZATU823
ZATU824	PROTO-CUNEIFORM SIGN ZATU824
ZATU825	PROTO-CUNEIFORM SIGN ZATU825
ZATU826	PROTO-CUNEIFORM SIGN ZATU826
ZATU829	PROTO-CUNEIFORM SIGN ZATU829
ZATU831	PROTO-CUNEIFORM SIGN ZATU831
ZATU831@g	PROTO-CUNEIFORM SIGN ZATU831@g
ZATU832	PROTO-CUNEIFORM SIGN ZATU832
ZATU833	PROTO-CUNEIFORM SIGN ZATU833
ZATU834	PROTO-CUNEIFORM SIGN ZATU834
ZATU835	PROTO-CUNEIFORM SIGN ZATU835
ZATU836	PROTO-CUNEIFORM SIGN ZATU836
ZATU837~a	PROTO-CUNEIFORM SIGN ZATU837~a
ZATU837~b	PROTO-CUNEIFORM SIGN ZATU837~b
ZATU838	PROTO-CUNEIFORM SIGN ZATU838
ZATU839	PROTO-CUNEIFORM SIGN ZATU839
ZATU840	PROTO-CUNEIFORM SIGN ZATU840
ZATU841	PROTO-CUNEIFORM SIGN ZATU841
ZATU842	PROTO-CUNEIFORM SIGN ZATU842
ZATU843	PROTO-CUNEIFORM SIGN ZATU843
ZATU844	PROTO-CUNEIFORM SIGN ZATU844
ZATU845	PROTO-CUNEIFORM SIGN ZATU845
ZATU846	PROTO-CUNEIFORM SIGN ZATU846
ZATU847	PROTO-CUNEIFORM SIGN ZATU847
ZATU848	PROTO-CUNEIFORM SIGN ZATU848
ZATU849	PROTO-CUNEIFORM SIGN ZATU849
ZATU850	PROTO-CUNEIFORM SIGN ZATU850
ZATU851	PROTO-CUNEIFORM SIGN ZATU851
ZATU852	PROTO-CUNEIFORM SIGN ZATU852
ZATU853	PROTO-CUNEIFORM SIGN ZATU853
ZATU854	PROTO-CUNEIFORM SIGN ZATU854
ZATU855	PROTO-CUNEIFORM SIGN ZATU855
ZATU856	PROTO-CUNEIFORM SIGN ZATU856
ZATU857	PROTO-CUNEIFORM SIGN ZATU857
ZATU858	PROTO-CUNEIFORM SIGN ZATU858
ZATU859	PROTO-CUNEIFORM SIGN ZATU859
ZI~a	PROTO-CUNEIFORM SIGN ZI-A
ZI~b	PROTO-CUNEIFORM SIGN ZI-B
ZI~d	PROTO-CUNEIFORM SIGN ZI-D
|(ZU&ZU).SAR~a|	PROTO-CUNEIFORM SIGN ZU OVER ZU BESIDE SAR-A
ZUBI~a	PROTO-CUNEIFORM SIGN ZUBI-A
ZUBI~b	PROTO-CUNEIFORM SIGN ZUBI-B
2(LAGAB~a)	PROTO-CUNEIFORM NUMBER TWO-LAGAB-A
3(LAGAB~a)	PROTO-CUNEIFORM NUMBER THREE-LAGAB-A
4(LAGAB~a)	PROTO-CUNEIFORM NUMBER FOUR-LAGAB-A
5(LAGAB~a)	PROTO-CUNEIFORM NUMBER FIVE-LAGAB-A
6(LAGAB~a)	PROTO-CUNEIFORM NUMBER SIX-LAGAB-A
1(N01)	PROTO-CUNEIFORM NUMBER ONE-N1
2(N01)	PROTO-CUNEIFORM NUMBER TWO-N1
3(N01)	PROTO-CUNEIFORM NUMBER THREE-N1
4(N01)	PROTO-CUNEIFORM NUMBER FOUR-N1
5(N01)	PROTO-CUNEIFORM NUMBER FIVE-N1
6(N01)	PROTO-CUNEIFORM NUMBER SIX-N1
7(N01)	PROTO-CUNEIFORM NUMBER SEVEN-N1
8(N01)	PROTO-CUNEIFORM NUMBER EIGHT-N1
9(N01)	PROTO-CUNEIFORM NUMBER NINE-N1
10(N01)	PROTO-CUNEIFORM NUMBER ONE-N1
1(N01@f)	PROTO-CUNEIFORM NUMBER ONE-N1 FLAT
2(N01@f)	PROTO-CUNEIFORM NUMBER TWO-N1 FLAT
3(N01@f)	PROTO-CUNEIFORM NUMBER THREE-N1 FLAT
4(N01@f)	PROTO-CUNEIFORM NUMBER FOUR-N1 FLAT
5(N01@f)	PROTO-CUNEIFORM NUMBER FIVE-N1 FLAT
6(N01@f)	PROTO-CUNEIFORM NUMBER SIX-N1 FLAT
7(N01@f)	PROTO-CUNEIFORM NUMBER SEVEN-N1 FLAT
8(N01@f)	PROTO-CUNEIFORM NUMBER EIGHT-N1 FLAT
9(N01@f)	PROTO-CUNEIFORM NUMBER NINE-N1 FLAT
1(N01@r)	PROTO-CUNEIFORM NUMBER ONE-N1 REVERSED
1(N02)	PROTO-CUNEIFORM NUMBER ONE-N2
2(N02)	PROTO-CUNEIFORM NUMBER TWO-N2
3(N02)	PROTO-CUNEIFORM NUMBER THREE-N2
4(N02)	PROTO-CUNEIFORM NUMBER FOUR-N2
5(N02)	PROTO-CUNEIFORM NUMBER FIVE-N2
6(N02)	PROTO-CUNEIFORM NUMBER SIX-N2
7(N02)	PROTO-CUNEIFORM NUMBER SEVEN-N2
8(N02)	PROTO-CUNEIFORM NUMBER EIGHT-N2
9(N02)	PROTO-CUNEIFORM NUMBER NINE-N2
1(N03)	PROTO-CUNEIFORM NUMBER ONE-N3
2(N03)	PROTO-CUNEIFORM NUMBER TWO-N3
3(N03)	PROTO-CUNEIFORM NUMBER THREE-N3
4(N03)	PROTO-CUNEIFORM NUMBER FOUR-N3
5(N03)	PROTO-CUNEIFORM NUMBER FIVE-N3
1(N04)	PROTO-CUNEIFORM NUMBER ONE-N4
2(N04)	PROTO-CUNEIFORM NUMBER TWO-N4
3(N04)	PROTO-CUNEIFORM NUMBER THREE-N4
4(N04)	PROTO-CUNEIFORM NUMBER FOUR-N4
5(N04)	PROTO-CUNEIFORM NUMBER FIVE-N4
1(N04@f)	PROTO-CUNEIFORM NUMBER ONE-N4 FLAT
2(N04@f)	PROTO-CUNEIFORM NUMBER TWO-N4 FLAT
3(N04@f)	PROTO-CUNEIFORM NUMBER THREE-N4 FLAT
4(N04@f)	PROTO-CUNEIFORM NUMBER FOUR-N4 FLAT
5(N04@f)	PROTO-CUNEIFORM NUMBER FIVE-N4 FLAT
1(N05)	PROTO-CUNEIFORM NUMBER ONE-N5
2(N05)	PROTO-CUNEIFORM NUMBER TWO-N5
3(N05)	PROTO-CUNEIFORM NUMBER THREE-N5
4(N05)	PROTO-CUNEIFORM NUMBER FOUR-N5
5(N05)	PROTO-CUNEIFORM NUMBER FIVE-N5
1(N06)	PROTO-CUNEIFORM NUMBER ONE-N6
2(N06)	PROTO-CUNEIFORM NUMBER TWO-N6
3(N06)	PROTO-CUNEIFORM NUMBER THREE-N6
4(N06)	PROTO-CUNEIFORM NUMBER FOUR-N6
5(N06)	PROTO-CUNEIFORM NUMBER FIVE-N6
6(N06)	PROTO-CUNEIFORM NUMBER SIX-N6
7(N06)	PROTO-CUNEIFORM NUMBER SEVEN-N6
8(N06)	PROTO-CUNEIFORM NUMBER EIGHT-N6
9(N06)	PROTO-CUNEIFORM NUMBER NINE-N6
1(N07A)	PROTO-CUNEIFORM NUMBER ONE-N7A
2(N07A)	PROTO-CUNEIFORM NUMBER TWO-N7A
3(N07A)	PROTO-CUNEIFORM NUMBER THREE-N7A
1(N07B)	PROTO-CUNEIFORM NUMBER ONE-N7B
2(N07B)	PROTO-CUNEIFORM NUMBER TWO-N7B
3(N07B)	PROTO-CUNEIFORM NUMBER THREE-N7B
1(N08)	PROTO-CUNEIFORM NUMBER ONE-N8
2(N08)	PROTO-CUNEIFORM NUMBER TWO-N8
3(N08)	PROTO-CUNEIFORM NUMBER THREE-N8
4(N08)	PROTO-CUNEIFORM NUMBER FOUR-N8
5(N08)	PROTO-CUNEIFORM NUMBER FIVE-N8
6(N08)	PROTO-CUNEIFORM NUMBER SIX-N8
7(N08)	PROTO-CUNEIFORM NUMBER SEVEN-N8
8(N08)	PROTO-CUNEIFORM NUMBER EIGHT-N8
9(N08)	PROTO-CUNEIFORM NUMBER NINE-N8
1(N08~b)	PROTO-CUNEIFORM NUMBER ONE-N8-B
2(N08~b)	PROTO-CUNEIFORM NUMBER TWO-N8-B
3(N08~b)	PROTO-CUNEIFORM NUMBER THREE-N8-B
4(N08~b)	PROTO-CUNEIFORM NUMBER FOUR-N8-B
4(N08~c)	PROTO-CUNEIFORM NUMBER FOUR-N8-C
1(N08~v)	PROTO-CUNEIFORM NUMBER ONE-N8-V
1(N08@f)	PROTO-CUNEIFORM NUMBER ONE-N8 FLAT
1(N09)	PROTO-CUNEIFORM NUMBER ONE-N9
1(N11)	PROTO-CUNEIFORM NUMBER ONE-N11
1(N12)	PROTO-CUNEIFORM NUMBER ONE-N12
1(N14)	PROTO-CUNEIFORM NUMBER ONE-N14
2(N14)	PROTO-CUNEIFORM NUMBER TWO-N14
3(N14)	PROTO-CUNEIFORM NUMBER THREE-N14
4(N14)	PROTO-CUNEIFORM NUMBER FOUR-N14
5(N14)	PROTO-CUNEIFORM NUMBER FIVE-N14
6(N14)	PROTO-CUNEIFORM NUMBER SIX-N14
7(N14)	PROTO-CUNEIFORM NUMBER SEVEN-N14
8(N14)	PROTO-CUNEIFORM NUMBER EIGHT-N14
9(N14)	PROTO-CUNEIFORM NUMBER NINE-N14
10(N14)	PROTO-CUNEIFORM NUMBER ONE-N14
11(N14)	PROTO-CUNEIFORM NUMBER ONE-N14
12(N14)	PROTO-CUNEIFORM NUMBER ONE-N14
22(N14)	PROTO-CUNEIFORM NUMBER TWO-N14
1(N14@f)	PROTO-CUNEIFORM NUMBER ONE-N14 FLAT
2(N14@f)	PROTO-CUNEIFORM NUMBER TWO-N14 FLAT
3(N14@f)	PROTO-CUNEIFORM NUMBER THREE-N14 FLAT
4(N14@f)	PROTO-CUNEIFORM NUMBER FOUR-N14 FLAT
5(N14@f)	PROTO-CUNEIFORM NUMBER FIVE-N14 FLAT
6(N14@f)	PROTO-CUNEIFORM NUMBER SIX-N14 FLAT
7(N14@f)	PROTO-CUNEIFORM NUMBER SEVEN-N14 FLAT
8(N14@f)	PROTO-CUNEIFORM NUMBER EIGHT-N14 FLAT
9(N14@f)	PROTO-CUNEIFORM NUMBER NINE-N14 FLAT
10(N14@f)	PROTO-CUNEIFORM NUMBER ONE-N14 FLAT
1(N15)	PROTO-CUNEIFORM NUMBER ONE-N15
2(N15)	PROTO-CUNEIFORM NUMBER TWO-N15
3(N15)	PROTO-CUNEIFORM NUMBER THREE-N15
4(N15)	PROTO-CUNEIFORM NUMBER FOUR-N15
5(N15)	PROTO-CUNEIFORM NUMBER FIVE-N15
1(N16)	PROTO-CUNEIFORM NUMBER ONE-N16
1(N17)	PROTO-CUNEIFORM NUMBER ONE-N17
1(N18)	PROTO-CUNEIFORM NUMBER ONE-N18
2(N18)	PROTO-CUNEIFORM NUMBER TWO-N18
3(N18)	PROTO-CUNEIFORM NUMBER THREE-N18
4(N18)	PROTO-CUNEIFORM NUMBER FOUR-N18
5(N18)	PROTO-CUNEIFORM NUMBER FIVE-N18
6(N18)	PROTO-CUNEIFORM NUMBER SIX-N18
7(N18)	PROTO-CUNEIFORM NUMBER SEVEN-N18
8(N18)	PROTO-CUNEIFORM NUMBER EIGHT-N18
9(N18)	PROTO-CUNEIFORM NUMBER NINE-N18
1(N19)	PROTO-CUNEIFORM NUMBER ONE-N19
2(N19)	PROTO-CUNEIFORM NUMBER TWO-N19
3(N19)	PROTO-CUNEIFORM NUMBER THREE-N19
4(N19)	PROTO-CUNEIFORM NUMBER FOUR-N19
5(N19)	PROTO-CUNEIFORM NUMBER FIVE-N19
6(N19)	PROTO-CUNEIFORM NUMBER SIX-N19
7(N19)	PROTO-CUNEIFORM NUMBER SEVEN-N19
8(N19)	PROTO-CUNEIFORM NUMBER EIGHT-N19
9(N19)	PROTO-CUNEIFORM NUMBER NINE-N19
9(N19)~v	PROTO-CUNEIFORM NUMBER NINE-N19-V
1(N19@f)	PROTO-CUNEIFORM NUMBER ONE-N19 FLAT
2(N19@f)	PROTO-CUNEIFORM NUMBER TWO-N19 FLAT
3(N19@f)	PROTO-CUNEIFORM NUMBER THREE-N19 FLAT
4(N19@f)	PROTO-CUNEIFORM NUMBER FOUR-N19 FLAT
5(N19@f)	PROTO-CUNEIFORM NUMBER FIVE-N19 FLAT
6(N19@f)	PROTO-CUNEIFORM NUMBER SIX-N19 FLAT
7(N19@f)	PROTO-CUNEIFORM NUMBER SEVEN-N19 FLAT
8(N19@f)	PROTO-CUNEIFORM NUMBER EIGHT-N19 FLAT
9(N19@f)	PROTO-CUNEIFORM NUMBER NINE-N19 FLAT
1(N20)	PROTO-CUNEIFORM NUMBER ONE-N20
2(N20)	PROTO-CUNEIFORM NUMBER TWO-N20
3(N20)	PROTO-CUNEIFORM NUMBER THREE-N20
4(N20)	PROTO-CUNEIFORM NUMBER FOUR-N20
5(N20)	PROTO-CUNEIFORM NUMBER FIVE-N20
6(N20)	PROTO-CUNEIFORM NUMBER SIX-N20
7(N20)	PROTO-CUNEIFORM NUMBER SEVEN-N20
8(N20)	PROTO-CUNEIFORM NUMBER EIGHT-N20
9(N20)	PROTO-CUNEIFORM NUMBER NINE-N20
1(N21)	PROTO-CUNEIFORM NUMBER ONE-N21
2(N21)	PROTO-CUNEIFORM NUMBER TWO-N21
3(N21)	PROTO-CUNEIFORM NUMBER THREE-N21
4(N21)	PROTO-CUNEIFORM NUMBER FOUR-N21
5(N21)	PROTO-CUNEIFORM NUMBER FIVE-N21
6(N21)	PROTO-CUNEIFORM NUMBER SIX-N21
1(N22)	PROTO-CUNEIFORM NUMBER ONE-N22
2(N22)	PROTO-CUNEIFORM NUMBER TWO-N22
1(N22~v)	PROTO-CUNEIFORM NUMBER ONE-N22-V
1(N22@f)	PROTO-CUNEIFORM NUMBER ONE-N22 FLAT
2(N22@f)	PROTO-CUNEIFORM NUMBER TWO-N22 FLAT
1(N23)	PROTO-CUNEIFORM NUMBER ONE-N23
2(N23)	PROTO-CUNEIFORM NUMBER TWO-N23
3(N23)	PROTO-CUNEIFORM NUMBER THREE-N23
5(N23)	PROTO-CUNEIFORM NUMBER FIVE-N23
7(N23)	PROTO-CUNEIFORM NUMBER SEVEN-N23
1(N24)	PROTO-CUNEIFORM NUMBER ONE-N24
2(N24)	PROTO-CUNEIFORM NUMBER TWO-N24
4(N24)	PROTO-CUNEIFORM NUMBER FOUR-N24
6(N24)	PROTO-CUNEIFORM NUMBER SIX-N24
1(N24@f)	PROTO-CUNEIFORM NUMBER ONE-N24 FLAT
1(N24A)	PROTO-CUNEIFORM NUMBER ONE-N24A
1(N24B)	PROTO-CUNEIFORM NUMBER ONE-N24B
1(N25)	PROTO-CUNEIFORM NUMBER ONE-N25
1(N26)	PROTO-CUNEIFORM NUMBER ONE-N26
1(N26B)	PROTO-CUNEIFORM NUMBER ONE-N26B
1(N27)	PROTO-CUNEIFORM NUMBER ONE-N27
1(N28)	PROTO-CUNEIFORM NUMBER ONE-N28
1(N28B)	PROTO-CUNEIFORM NUMBER ONE-N28B
1(N28C)	PROTO-CUNEIFORM NUMBER ONE-N28C
1(N29A)	PROTO-CUNEIFORM NUMBER ONE-N29A
2(N29A)	PROTO-CUNEIFORM NUMBER TWO-N29A
1(N29AB)	PROTO-CUNEIFORM NUMBER ONE-N29AB
2(N29AB)	PROTO-CUNEIFORM NUMBER TWO-N29AB
1(N29AC)	PROTO-CUNEIFORM NUMBER ONE-N29AC
1(N29B)	PROTO-CUNEIFORM NUMBER ONE-N29B
2(N29B)	PROTO-CUNEIFORM NUMBER TWO-N29B
1(N29C)	PROTO-CUNEIFORM NUMBER ONE-N29C
1(N30A)	PROTO-CUNEIFORM NUMBER ONE-N30A
1(N30AC)	PROTO-CUNEIFORM NUMBER ONE-N30AC
1(N30B)	PROTO-CUNEIFORM NUMBER ONE-N30B
1(N30C)	PROTO-CUNEIFORM NUMBER ONE-N30C
1(N30CA)	PROTO-CUNEIFORM NUMBER ONE-N30CA
1(N30CB)	PROTO-CUNEIFORM NUMBER ONE-N30CB
1(N30CC)	PROTO-CUNEIFORM NUMBER ONE-N30CC
1(N30D)	PROTO-CUNEIFORM NUMBER ONE-N30D
1(N30E)	PROTO-CUNEIFORM NUMBER ONE-N30E
1(N31)	PROTO-CUNEIFORM NUMBER ONE-N31
1(N32)	PROTO-CUNEIFORM NUMBER ONE-N32
1(N33)	PROTO-CUNEIFORM NUMBER ONE-N33
1(N34)	PROTO-CUNEIFORM NUMBER ONE-N34
|1(N34)×1(N58)|	PROTO-CUNEIFORM SIGN ONE-N34 TIMES ONE-N58
2(N34)	PROTO-CUNEIFORM NUMBER TWO-N34
3(N34)	PROTO-CUNEIFORM NUMBER THREE-N34
4(N34)	PROTO-CUNEIFORM NUMBER FOUR-N34
5(N34)	PROTO-CUNEIFORM NUMBER FIVE-N34
6(N34)	PROTO-CUNEIFORM NUMBER SIX-N34
7(N34)	PROTO-CUNEIFORM NUMBER SEVEN-N34
8(N34)	PROTO-CUNEIFORM NUMBER EIGHT-N34
9(N34)	PROTO-CUNEIFORM NUMBER NINE-N34
1(N34@f)	PROTO-CUNEIFORM NUMBER ONE-N34 FLAT
2(N34@f)	PROTO-CUNEIFORM NUMBER TWO-N34 FLAT
3(N34@f)	PROTO-CUNEIFORM NUMBER THREE-N34 FLAT
4(N34@f)	PROTO-CUNEIFORM NUMBER FOUR-N34 FLAT
5(N34@f)	PROTO-CUNEIFORM NUMBER FIVE-N34 FLAT
6(N34@f)	PROTO-CUNEIFORM NUMBER SIX-N34 FLAT
7(N34@f)	PROTO-CUNEIFORM NUMBER SEVEN-N34 FLAT
8(N34@f)	PROTO-CUNEIFORM NUMBER EIGHT-N34 FLAT
9(N34@f)	PROTO-CUNEIFORM NUMBER NINE-N34 FLAT
1(N34@f@t)	PROTO-CUNEIFORM NUMBER ONE-N34 FLAT TENU
1(N35)	PROTO-CUNEIFORM NUMBER ONE-N35
2(N35)	PROTO-CUNEIFORM NUMBER TWO-N35
3(N35)	PROTO-CUNEIFORM NUMBER THREE-N35
4(N35)	PROTO-CUNEIFORM NUMBER FOUR-N35
5(N35)	PROTO-CUNEIFORM NUMBER FIVE-N35
1(N36)	PROTO-CUNEIFORM NUMBER ONE-N36
2(N36)	PROTO-CUNEIFORM NUMBER TWO-N36
3(N36)	PROTO-CUNEIFORM NUMBER THREE-N36
4(N36)	PROTO-CUNEIFORM NUMBER FOUR-N36
5(N36)	PROTO-CUNEIFORM NUMBER FIVE-N36
6(N36)	PROTO-CUNEIFORM NUMBER SIX-N36
7(N36)	PROTO-CUNEIFORM NUMBER SEVEN-N36
8(N36)	PROTO-CUNEIFORM NUMBER EIGHT-N36
9(N36)	PROTO-CUNEIFORM NUMBER NINE-N36
1(N36@f)	PROTO-CUNEIFORM NUMBER ONE-N36 FLAT
1(N37)	PROTO-CUNEIFORM NUMBER ONE-N37
2(N37)	PROTO-CUNEIFORM NUMBER TWO-N37
1(N38)	PROTO-CUNEIFORM NUMBER ONE-N38
1(N39A)	PROTO-CUNEIFORM NUMBER ONE-N39A
2(N39A)	PROTO-CUNEIFORM NUMBER TWO-N39A
3(N39A)	PROTO-CUNEIFORM NUMBER THREE-N39A
4(N39A)	PROTO-CUNEIFORM NUMBER FOUR-N39A
1(N39B)	PROTO-CUNEIFORM NUMBER ONE-N39B
2(N39B)	PROTO-CUNEIFORM NUMBER TWO-N39B
3(N39B)	PROTO-CUNEIFORM NUMBER THREE-N39B
4(N39B)	PROTO-CUNEIFORM NUMBER FOUR-N39B
1(N40)	PROTO-CUNEIFORM NUMBER ONE-N40
2(N40)	PROTO-CUNEIFORM NUMBER TWO-N40
3(N40)	PROTO-CUNEIFORM NUMBER THREE-N40
4(N40)	PROTO-CUNEIFORM NUMBER FOUR-N40
1(N41)	PROTO-CUNEIFORM NUMBER ONE-N41
2(N41)	PROTO-CUNEIFORM NUMBER TWO-N41
3(N41)	PROTO-CUNEIFORM NUMBER THREE-N41
4(N41)	PROTO-CUNEIFORM NUMBER FOUR-N41
1(N42A)	PROTO-CUNEIFORM NUMBER ONE-N42A
2(N42A)	PROTO-CUNEIFORM NUMBER TWO-N42A
3(N42A)	PROTO-CUNEIFORM NUMBER THREE-N42A
4(N42A)	PROTO-CUNEIFORM NUMBER FOUR-N42A
1(N42B)	PROTO-CUNEIFORM NUMBER ONE-N42B
2(N42B)	PROTO-CUNEIFORM NUMBER TWO-N42B
3(N42B)	PROTO-CUNEIFORM NUMBER THREE-N42B
4(N42B)	PROTO-CUNEIFORM NUMBER FOUR-N42B
1(N43)	PROTO-CUNEIFORM NUMBER ONE-N43
4(N43)	PROTO-CUNEIFORM NUMBER FOUR-N43
1(N44)	PROTO-CUNEIFORM NUMBER ONE-N44
1(N45)	PROTO-CUNEIFORM NUMBER ONE-N45
2(N45)	PROTO-CUNEIFORM NUMBER TWO-N45
3(N45)	PROTO-CUNEIFORM NUMBER THREE-N45
4(N45)	PROTO-CUNEIFORM NUMBER FOUR-N45
5(N45)	PROTO-CUNEIFORM NUMBER FIVE-N45
6(N45)	PROTO-CUNEIFORM NUMBER SIX-N45
7(N45)	PROTO-CUNEIFORM NUMBER SEVEN-N45
8(N45)	PROTO-CUNEIFORM NUMBER EIGHT-N45
9(N45)	PROTO-CUNEIFORM NUMBER NINE-N45
1(N45@f)	PROTO-CUNEIFORM NUMBER ONE-N45 FLAT
2(N45@f)	PROTO-CUNEIFORM NUMBER TWO-N45 FLAT
3(N45@f)	PROTO-CUNEIFORM NUMBER THREE-N45 FLAT
4(N45@f)	PROTO-CUNEIFORM NUMBER FOUR-N45 FLAT
5(N45@f)	PROTO-CUNEIFORM NUMBER FIVE-N45 FLAT
6(N45@f)	PROTO-CUNEIFORM NUMBER SIX-N45 FLAT
7(N45@f)	PROTO-CUNEIFORM NUMBER SEVEN-N45 FLAT
8(N45@f)	PROTO-CUNEIFORM NUMBER EIGHT-N45 FLAT
9(N45@f)	PROTO-CUNEIFORM NUMBER NINE-N45 FLAT
1(N45A)	PROTO-CUNEIFORM NUMBER ONE-N45A
1(N46)	PROTO-CUNEIFORM NUMBER ONE-N46
2(N46)	PROTO-CUNEIFORM NUMBER TWO-N46
3(N46)	PROTO-CUNEIFORM NUMBER THREE-N46
1(N46@f)	PROTO-CUNEIFORM NUMBER ONE-N46 FLAT
2(N46@f)	PROTO-CUNEIFORM NUMBER TWO-N46 FLAT
1(N47)	PROTO-CUNEIFORM NUMBER ONE-N47
2(N47)	PROTO-CUNEIFORM NUMBER TWO-N47
3(N47)	PROTO-CUNEIFORM NUMBER THREE-N47
1(N48)	PROTO-CUNEIFORM NUMBER ONE-N48
2(N48)	PROTO-CUNEIFORM NUMBER TWO-N48
3(N48)	PROTO-CUNEIFORM NUMBER THREE-N48
4(N48)	PROTO-CUNEIFORM NUMBER FOUR-N48
5(N48)	PROTO-CUNEIFORM NUMBER FIVE-N48
6(N48)	PROTO-CUNEIFORM NUMBER SIX-N48
7(N48)	PROTO-CUNEIFORM NUMBER SEVEN-N48
1(N48@f)	PROTO-CUNEIFORM NUMBER ONE-N48 FLAT
1(N49)	PROTO-CUNEIFORM NUMBER ONE-N49
2(N49)	PROTO-CUNEIFORM NUMBER TWO-N49
3(N49)	PROTO-CUNEIFORM NUMBER THREE-N49
4(N49)	PROTO-CUNEIFORM NUMBER FOUR-N49
5(N49)	PROTO-CUNEIFORM NUMBER FIVE-N49
1(N50)	PROTO-CUNEIFORM NUMBER ONE-N50
2(N50)	PROTO-CUNEIFORM NUMBER TWO-N50
3(N50)	PROTO-CUNEIFORM NUMBER THREE-N50
4(N50)	PROTO-CUNEIFORM NUMBER FOUR-N50
5(N50)	PROTO-CUNEIFORM NUMBER FIVE-N50
1(N51)	PROTO-CUNEIFORM NUMBER ONE-N51
2(N51)	PROTO-CUNEIFORM NUMBER TWO-N51
3(N51)	PROTO-CUNEIFORM NUMBER THREE-N51
4(N51)	PROTO-CUNEIFORM NUMBER FOUR-N51
5(N51)	PROTO-CUNEIFORM NUMBER FIVE-N51
6(N51)	PROTO-CUNEIFORM NUMBER SIX-N51
7(N51)	PROTO-CUNEIFORM NUMBER SEVEN-N51
8(N51)	PROTO-CUNEIFORM NUMBER EIGHT-N51
9(N51)	PROTO-CUNEIFORM NUMBER NINE-N51
1(N51@f)	PROTO-CUNEIFORM NUMBER ONE-N51 FLAT
2(N51@f)	PROTO-CUNEIFORM NUMBER TWO-N51 FLAT
3(N51@f)	PROTO-CUNEIFORM NUMBER THREE-N51 FLAT
4(N51@f)	PROTO-CUNEIFORM NUMBER FOUR-N51 FLAT
5(N51@f)	PROTO-CUNEIFORM NUMBER FIVE-N51 FLAT
6(N51@f)	PROTO-CUNEIFORM NUMBER SIX-N51 FLAT
7(N51@f)	PROTO-CUNEIFORM NUMBER SEVEN-N51 FLAT
8(N51@f)	PROTO-CUNEIFORM NUMBER EIGHT-N51 FLAT
9(N51@f)	PROTO-CUNEIFORM NUMBER NINE-N51 FLAT
1(N52)	PROTO-CUNEIFORM NUMBER ONE-N52
2(N52)	PROTO-CUNEIFORM NUMBER TWO-N52
3(N52)	PROTO-CUNEIFORM NUMBER THREE-N52
4(N52)	PROTO-CUNEIFORM NUMBER FOUR-N52
5(N52)	PROTO-CUNEIFORM NUMBER FIVE-N52
6(N52)	PROTO-CUNEIFORM NUMBER SIX-N52
7(N52)	PROTO-CUNEIFORM NUMBER SEVEN-N52
8(N52)	PROTO-CUNEIFORM NUMBER EIGHT-N52
9(N52)	PROTO-CUNEIFORM NUMBER NINE-N52
3(N53)	PROTO-CUNEIFORM NUMBER THREE-N53
1(N54)	PROTO-CUNEIFORM NUMBER ONE-N54
2(N54)	PROTO-CUNEIFORM NUMBER TWO-N54
3(N54)	PROTO-CUNEIFORM NUMBER THREE-N54
4(N54)	PROTO-CUNEIFORM NUMBER FOUR-N54
5(N54)	PROTO-CUNEIFORM NUMBER FIVE-N54
1(N55)	PROTO-CUNEIFORM NUMBER ONE-N55
1(N56)	PROTO-CUNEIFORM NUMBER ONE-N56
2(N56)	PROTO-CUNEIFORM NUMBER TWO-N56
1(N57)	PROTO-CUNEIFORM NUMBER ONE-N57
2(N57)	PROTO-CUNEIFORM NUMBER TWO-N57
2(N57)~v	PROTO-CUNEIFORM NUMBER TWO-N57-V
3(N57)	PROTO-CUNEIFORM NUMBER THREE-N57
4(N57)	PROTO-CUNEIFORM NUMBER FOUR-N57
5(N57)	PROTO-CUNEIFORM NUMBER FIVE-N57
6(N57)	PROTO-CUNEIFORM NUMBER SIX-N57
6(N57)~v	PROTO-CUNEIFORM NUMBER SIX-N57-V
7(N57)	PROTO-CUNEIFORM NUMBER SEVEN-N57
8(N57)	PROTO-CUNEIFORM NUMBER EIGHT-N57
9(N57)	PROTO-CUNEIFORM NUMBER NINE-N57
10(N57)	PROTO-CUNEIFORM NUMBER ONE-N57
1(N58)	PROTO-CUNEIFORM NUMBER ONE-N58
2(N58)	PROTO-CUNEIFORM NUMBER TWO-N58
3(N58)	PROTO-CUNEIFORM NUMBER THREE-N58
4(N58)	PROTO-CUNEIFORM NUMBER FOUR-N58
5(N58)	PROTO-CUNEIFORM NUMBER FIVE-N58
8(N58)	PROTO-CUNEIFORM NUMBER EIGHT-N58
9(N58)	PROTO-CUNEIFORM NUMBER NINE-N58
10(N58)	PROTO-CUNEIFORM NUMBER ONE-N58
12(N58)	PROTO-CUNEIFORM NUMBER ONE-N58
1(N58@t)	PROTO-CUNEIFORM NUMBER ONE-N58 TENU
1(N59)	PROTO-CUNEIFORM NUMBER ONE-N59
2(N59)	PROTO-CUNEIFORM NUMBER TWO-N59
3(N59)	PROTO-CUNEIFORM NUMBER THREE-N59
4(N59)	PROTO-CUNEIFORM NUMBER FOUR-N59
6(N59)	PROTO-CUNEIFORM NUMBER SIX-N59
7(N59)	PROTO-CUNEIFORM NUMBER SEVEN-N59
1(N60)	PROTO-CUNEIFORM NUMBER ONE-N60
3(N61)	PROTO-CUNEIFORM NUMBER THREE-N61
4(N62)	PROTO-CUNEIFORM NUMBER FOUR-N62
1(N63)	PROTO-CUNEIFORM NUMBER ONE-N63
